longitude,latitude,B2,B3,B4,B8,B11,B12,NDVI,VV,VH,VV_minus_VH,agbd
-60.17915148786138,-3.975157421639398,322.5,477,318.5,2767,1608.5,676,0.7935504913330078,-7.916148892111419,-14.76184281654356,6.84569392443214,64.211609
-60.81426039373388,-3.787184948437388,286,454,250,2849,1332,524,0.8386576175689697,-8.123487366844826,-14.913904961648381,6.7904175948035554,98.555298
-60.62404213232158,-3.534084617136713,260,399,231,2539,1390,560,0.8332129716873169,-8.896974106153253,-15.131335596963995,6.234361490810741,7.285747051239014
-59.89505927925858,-3.4251638889372207,384,653,370,3246,2054,941,0.7953540086746216,-7.009123851331123,-15.399020711391454,8.389896860060333,0.21909099817276
-59.6013101813515,-3.80245630826742,397.5,563.5,407,2851.5,1895,888,0.7501918077468872,-8.892980542179737,-13.358470958303062,4.465490416123325,196.600464
-60.00936989916279,-3.999187355489595,400,550,343,3010,1696,725,0.7954071164131165,-8.10310034620387,-14.384801977069055,6.281701630865184,272.359497
-59.71135380365614,-3.002281968937956,318,513.5,311.5,2959.5,1572,662,0.8095383644104004,-8.726777741425533,-15.657255596295546,6.930477854870013,191.477875
-59.38324414613149,-3.4840035400470493,507,667,468,3031,1922,873,0.7324950098991394,-9.166814357655946,-15.76500656996964,6.598192212313693,198.011566
-60.3363566625823,-3.623691566727635,294.5,469,273.5,2913.5,1557,640,0.8283652067184448,-9.023840811480602,-14.476602311028895,5.452761499548293,203.243271
-59.853961355010114,-3.133660579240436,387,584,333,3426,1899,836,0.8228251934051514,-5.842542111215908,-14.506784052681054,8.664241941465146,36.76516342163086
-60.905888552714075,-2.8738228833088644,287,489,277,3082,1524,608,0.8350699543952942,-6.407317398285334,-13.645358295601657,7.238040897316322,25.915706634521484
-60.48637531503026,-2.512250981450757,275,416,250,2781,1323,538,0.8350379467010498,-6.728901478620928,-12.552261716916757,5.8233602382958285,149.075989
-60.02149715549841,-3.4934358505303043,472,709.5,623,2848.5,2507,1368.5,0.6410773396492004,-9.792551327044237,-13.504175734576416,3.711624407532179,58.055981
-59.67227708879694,-2.709431186314992,405.5,615,363,3179,1830,810.5,0.7950310707092285,-6.550210016508771,-12.933644766679526,6.383434750170755,118.61906433105469
-60.076069809008665,-3.87769021331243,354,501,315,3018.5,1528,644,0.8110094666481018,-7.938178552314646,-14.755991381199664,6.8178128288850175,146.568039
-60.24338103067593,-2.9764554045195197,276.5,403.5,234.5,2616,1326,538.5,0.8354674577713013,-6.9588929215083875,-13.39746879881904,6.438575877310652,61.99793243408203
-60.060798449178634,-3.7954943648154935,353,537.5,325,2989,1652,685,0.8038623929023743,-8.790948276897385,-14.521384329960878,5.730436053063492,150.574692
-59.66329393595575,-2.8376656931230535,389,549,309,3187,1693,712,0.8232265710830688,-7.832007519683745,-14.080330925144207,6.248323405460462,177.176117
-60.2101433651635,-3.931139972717541,354,499,376,2296,1643,769,0.71856290102005,-9.671736690793962,-16.10973020312953,6.437993512335568,159.61293029785156
-60.7354332275524,-2.7943219806642867,304.5,472.5,276,3374.5,1511,609,0.8487878441810608,-8.018738110286028,-13.698837167586559,5.680099057300531,40.223655700683594
-60.3228819333205,-3.8660121146188757,326,526.5,317.5,2920,1615.5,652.5,0.8038610219955444,-7.863312782126214,-14.781657239073434,6.91834445694722,167.547897
-59.72527769055999,-3.456829502702434,367,577.5,302.5,3725,1709,662.5,0.8497827649116516,-6.125865909113475,-13.532725897732893,7.406859988619418,42.76167297363281
-59.85598256439938,-2.82553843678744,327,560,327,3160,1659,701.5,0.8124462366104126,-6.562192864645622,-11.2338863289934,4.671693464347777,102.87662506103516
-60.657953534297086,-3.48243148829984,316.5,497.5,303,2888.5,1743,827.5,0.8101206421852112,-7.743657688123971,-13.638901421731614,5.895243733607643,103.38158416748047
-60.16522760095753,-2.283405162821309,252,456,243.5,2968,1421,549,0.8483574390411377,-8.344216912323468,-14.472310423811283,6.1280935114878154,43.964119
-59.38526535552076,-2.952874628311382,279.5,509.5,279,3181,1664,683.5,0.8387283086776733,-7.680517460290557,-14.748816838073074,7.068299377782517,28.411001205444336
-59.99724264282718,-3.328594995894372,684,955,793,3503.5,2952,1672.5,0.6308623552322388,-10.788398666742093,-15.549423740298547,4.761025073556453,1.4534660577774048
-60.87893909419049,-2.8509158435638167,255.5,387.5,215,2447.5,1253.5,504,0.8384976387023926,-8.811501862096852,-16.150807983505707,7.339306121408855,171.400894
-59.74773557266298,-2.6101673474197846,345.5,559.5,310,3186.5,1472.5,596,0.8226798176765442,-7.895174162656591,-13.7962166203987,5.9010424577421094,151.867218
-60.54633786024524,-3.775956007385894,234.5,342,206.5,2123.5,1201.5,474.5,0.822746753692627,-11.078885047206267,-17.381863906340453,6.3029788591341855,253.567215
-60.27639411736732,-2.5749084725180937,261,395,226,2431,1283,516,0.829883337020874,-13.22690950418584,-19.62200545164431,6.3950959474584685,172.061493
-59.597492341393995,-2.7970169265166454,339.5,521.5,291,3108.5,1671.5,666,0.8287983536720276,-7.186099332070871,-12.601615847114909,5.415516515044038,56.409328
-60.175782805545936,-4.018051976456105,362,538.5,363,2867,1592,682,0.775232195854187,-7.607301715390941,-14.086743626590195,6.479441911199254,231.709167
-59.76031198664066,-3.5924751106044814,313,495,302,2955,1539,639,0.8145532608032227,-7.921801439464566,-13.165884548922659,5.244083109458092,156.67066955566406
-60.659525586044296,-3.7919011036790153,261.5,417.5,255,2832,1406,587,0.8347910642623901,-6.545402750686201,-14.670339281217275,8.124936530531073,174.159058
-60.38756063377711,-2.846199688322189,315.5,470.5,272,2812.5,1488,597,0.8236343264579773,-6.693026288918049,-12.776521207981336,6.083494919063287,153.208649
-59.88068623471267,-3.2603230343012886,367,553,382,3074,2176,1044,0.7789351940155029,-6.9433239637195285,-12.8011768587643,5.857852895044772,7.894373893737793
-61.04333079118436,-3.2160810065584022,522,595.5,594,1517,2220.5,1446,0.4372335374355316,-9.910260167414254,-15.955897214523652,6.045637047109398,10.881855964660645
-59.83195263054919,-2.6952827205901095,379,539,335,2899,1686,712,0.792826235294342,-6.383222989929159,-12.778090451813338,6.3948674618841785,195.47579956054688
-60.31367420165828,-2.728071228460472,260,420,242,2641,1330,545,0.832119345664978,-7.923762953857279,-12.327647181610477,4.403884227753197,136.039612
-60.63976264979367,-2.954895837700651,311,522,263,3129,1384,536,0.8449292182922363,-9.876795763423345,-16.93352760239794,7.056731838974596,66.6039047241211
-60.0695570231988,-3.8175030892764217,356,528,314,3061,1707,727.5,0.8139259219169617,-7.812314077796767,-14.280229577491264,6.467915499694497,181.524673
-59.8178041648243,-3.587309797720794,340,517,294,3108,1685,714,0.8271604776382446,-7.696628549115481,-13.482624148850173,5.785995599734692,107.393066
-60.78034899175837,-2.880111090297701,257,417.5,261.5,2485.5,1416.5,582.5,0.8096104860305786,-7.426171362821456,-12.058295958699613,4.632124595878158,154.957123
-60.373861325694286,-3.005875230074434,278,470.5,281,3074,1493.5,606.5,0.8324888348579407,-7.51876961901488,-13.685519790559015,6.166750171544135,212.187973
-59.61388659532917,-3.74586244536789,358,542,336,2895.5,1841,856.5,0.7920470237731934,-8.577519377026553,-15.110647385528793,6.53312800850224,97.651108
-60.48951941852468,-2.855856577626474,231,436.5,225,3261.5,1471,597,0.8709307312965393,-8.696063450908584,-14.44225805027262,5.746194599364037,100.096077
-59.88180912881782,-2.73143991077592,383,586,323,3030,1944,827,0.807336688041687,-9.840081296272547,-16.002306312205874,6.162225015933327,74.807373
-59.87978791942855,-2.461720746719034,300,477,250,2823,1407,547,0.8372925519943237,-8.767388782649592,-14.94280630376128,6.175417521111688,248.417679
-59.607598388340335,-3.323205104189655,363,534,362,3166,2024,943,0.7947846055030823,-7.032067085167472,-14.720385793535398,7.688318708367926,0.7369480133056641
-59.85485967029423,-3.27649270941544,457,658.5,438,3587,2133.5,1069,0.7823602557182312,-8.306019883202513,-14.123729110757274,5.8177092275547615,32.62290573120117
-59.78119781699643,-3.634471350137069,323.5,454.5,287,2604.5,1604,699.5,0.8014870882034302,-8.261790224060999,-13.816512944215756,5.554722720154757,201.414825
-59.88360575938606,-2.664290843287986,406,540,328,2805,1537,636,0.7906160354614258,-8.406255136137414,-15.65474989127889,7.248494755141476,276.239807
-59.98331875592333,-3.6470477641147423,382,554,350,3032,1741,745,0.7930218577384949,-6.8357485145762995,-13.142012765100418,6.306264250524118,141.815125
-60.27841532675659,-3.6699548038597904,321.75,489.25,318,2924,1723,728,0.803824782371521,-5.668604334711027,-12.21862349669906,6.550019161988033,22.844358444213867
-59.636119898611135,-3.4557066085972843,440,611,358,3601,1867,746,0.8191462755203247,-7.0365409164988435,-13.748690894487014,6.712149977988171,81.480667
-60.17802859375623,-3.208669905464416,369,631,414,3190,1767,844,0.7702552676200867,-8.899467240823942,-14.92775994501425,6.028292704190308,87.128471
-60.10751084395285,-2.534259705911685,245.5,370.5,220.5,2340.5,1185,485.5,0.8278016448020935,-13.84327948430289,-18.62701899457861,4.783739510275719,106.132393
-59.69698075911023,-2.9131241769890934,352,517,305,2878,1559,676,0.8083568811416626,-9.815138698163668,-15.18007846281125,5.364939764647582,210.395493
-59.76929513948185,-2.728071228460472,398,608,354,3621,1814,768,0.8218867778778076,-9.608789762413064,-16.166586242011626,6.5577964795985615,198.561142
-60.901846133935535,-2.714371920377649,278,465,260,2814,1542,651,0.8308392763137817,-7.851089047811084,-12.491175381607295,4.640086333796211,55.217731
-60.73453491226827,-3.6414332935889955,271,411,230,2737,1329,550.5,0.8449612259864807,-7.447574632533092,-14.753055083879097,7.305480451346005,154.913513
-59.45376189593487,-2.906162233537167,306,530,332,2916,1609,692,0.7955664992332458,-9.774413506836563,-16.327559991571754,6.553146484735191,300.49407958984375
-60.191952480660085,-2.8942595560225834,265,405,276,2110,1308,595,0.768650472164154,-9.091596225480844,-15.887431039934679,6.795834814453835,201.112854
-60.69321240919878,-3.030354321566691,278,430,269,2743,1375,559,0.821381151676178,-8.389030495072324,-15.131763805609973,6.742733310537648,138.240982
-60.13311282955026,-2.8399114813333526,263.5,424.5,261,2497,1402.5,569,0.8107324242591858,-8.971385064769686,-14.111663435036544,5.1402783702668575,256.074982
-60.7008480891138,-3.6277339855061728,268,469,233,3164,1511,637,0.8628201484680176,-8.79243583999097,-15.089058666088214,6.296622826097243,116.516739
-60.17757943611417,-2.3197869318281494,267,435,240,2725,1341,527,0.8381112813949585,-8.711297004781487,-14.743533159844509,6.032236155063021,53.1121826171875
-59.502046342456296,-2.722681336755755,353,548.5,302,3483,1822.5,728.5,0.8404227495193481,-6.789150181455753,-13.486763206432395,6.697613024976642,0
-59.95794134914695,-2.805326342894751,586,782,837,2702,3198,1917,0.5269850492477417,-9.304543568793118,-14.873143341002068,5.56859977220895,87.801971
-60.15310034462192,-3.7501294429674576,287.5,505.5,270,3022,1548.5,626.5,0.8359659910202026,-7.935139541111135,-12.109177023739889,4.174037482628754,153.538666
-60.282457745535126,-2.3828935805375457,252,429,267.5,2641.5,1366,546.5,0.8160880208015442,-8.270815661067655,-14.589662412050417,6.318846750982763,265.610291
-60.02239547078253,-3.1871103386455473,370,556,357,2814,1555.5,774.5,0.7748344540596008,-8.387993194022915,-14.788353167051103,6.400359973028188,47.084739685058594
-59.830155999980946,-2.61915050026098,376,533,327,2980,1607,668,0.8022376894950867,-8.507487983744863,-13.991519577622551,5.484031593877688,234.043152
-59.82701189648653,-3.3263492076840735,473.5,833,461.5,3869.5,2068.5,1022.5,0.7868852615356445,-7.850445210659873,-13.281785224943954,5.431340014284081,30.570409774780273
-59.71135380365614,-2.4956321486945456,369,548,324,3085,1738,742,0.8099149465560913,-7.672606961960509,-15.483320000559033,7.810713038598524,123.272293
-60.06910786555674,-2.998239550159418,408,611,421,2663,1818,907,0.7269779443740845,-8.369663223511079,-14.710320100877842,6.340656877366763,0
-60.46009959296976,-4.021420658771553,231,403.5,224.5,2794.5,1292,491.5,0.8512752652168274,-9.046013775065006,-13.258486717416893,4.212472942351887,178.844543
-60.06416713149408,-3.0290068486405115,295,469,267,3036.5,1518,616,0.8383532762527466,-8.261287168119622,-13.137688926488753,4.876401758369131,90.321044921875
-60.677267312905656,-3.869605375755354,279.5,429,259.5,2766,1452,580,0.8284581303596497,-8.237092749709223,-13.968554573458347,5.7314618237491235,326.041443
-60.41181514644834,-3.261445928406438,297,513,291,2460,1288,587,0.7884405851364136,-7.6494545735812665,-12.936272480354488,5.286817906773221,0.6353600025177002
-59.31317555397016,-3.3205101583372962,369.5,558.5,316,3462.5,1789.5,770.5,0.8327378630638123,-8.62691509422023,-16.21900688982806,7.592091795607828,20.141677856445312
-60.05810350332628,-4.050166747863377,354,521,326,2836,1599,677,0.7938013672828674,-7.468018992585341,-13.757446017189753,6.289427024604413,244.799011
-60.491316049092916,-2.545713225784209,289,403,243,2428,1335,559,0.8180456757545471,-8.218051125602575,-14.844072518933709,6.6260213933311345,160.025284
-60.8737737813068,-3.4460497192929997,357.5,564.5,374.5,2850.5,1476.5,675,0.767751932144165,-6.793357867184959,-12.773200336844486,5.979842469659527,4.065884113311768
-60.00847158387867,-2.5333613906275656,377.5,587,327,3456.5,1709,675.5,0.827144205570221,-7.159018203799178,-14.559417073732735,7.400398869933557,72.202766
-59.58918292501588,-2.4978779369048447,416,627.5,363,3417.5,1833,790,0.8079618811607361,-6.897002088122361,-13.877316309996255,6.980314221873894,145.148956
-60.4273110850994,-2.7359314871965177,349.5,495,394.5,2160.5,1703.5,810,0.6911937594413757,-8.416854362625024,-13.871288143822923,5.454433781197899,20.770706176757812
-59.766151035987434,-2.7485079011741913,361,563,335.5,3165.5,1697,706,0.8083404898643494,-7.796073930113515,-12.638111205123252,4.842037275009737,118.65435028076172
-60.86007447322398,-2.952874628311382,304,475,303,2579,1347,560,0.7897293567657471,-9.141362948347636,-14.206908370960553,5.065545422612917,49.28932571411133
-60.33388629555097,-2.9128995981680634,272,404,248,2680,1374,540,0.8306010961532593,-8.176188161125404,-12.075135258036031,3.898947096910627,139.063431
-60.346911867170704,-2.7197618120823663,243,413,241,2677,1382,560,0.8348183631896973,-8.362439128514529,-14.141142534246502,5.778703405731973,75.639397
-60.15714276340045,-3.995594094353117,285,491,293,2888.5,1592,639,0.8158101439476013,-6.816896895502973,-14.052907181302901,7.236010285799928,145.90032958984375
-60.43157808269897,-2.571988947844705,299,482.5,271.5,2665.5,1354,575.5,0.8151174783706665,-7.977809350521148,-13.980343506225745,6.0025341557045975,144.688507
-60.83851490640511,-3.06988019406795,478,732,621,2822,2637,1536,0.6392681002616882,-7.385111595995221,-14.715085494141277,7.329973898146056,8.689706802368164
-59.515521071718084,-3.606623576329364,418,671,404,3409,2157,952,0.7880933880805969,-7.890125421777525,-13.708433498311713,5.818308076534188,0
-60.08415464656574,-2.493610939305277,264,446,271,2869,1401,568,0.8273885250091553,-9.117277851209852,-15.183123471140663,6.06584561993081,203.273636
-59.39155356250959,-3.533410880673623,417.5,614,454.5,3509.5,1861.5,753,0.770686149597168,-7.410391536972428,-13.480133881290211,6.069742344317783,0
-59.86384282313543,-2.7810718302235236,328,521,322,2934,1615,672,0.8022112846374512,-5.982968356759506,-10.995335463572147,5.012367106812641,207.52915954589844
-60.39654378661831,-3.8408592866635294,498.5,708.5,641.5,2469.5,2511,1565,0.5875924229621887,-10.231345157196909,-14.688101838153091,4.4567566809561825,1.3255300521850586
-59.93548346704396,-2.58164583714899,335,527,309,2956,1424,577,0.8107197284698486,-7.214526897177725,-13.723543237731615,6.50901634055389,236.203674
-60.515795140585176,-3.9360807067801984,222,373,232,2411,1320,533,0.8244419097900391,-9.321656541734107,-14.607152540200799,5.285495998466692,119.425949
-59.910555217909646,-3.871851163965653,349.5,589.5,336,3530,1962.5,850,0.8261769413948059,-7.549181597748994,-15.734469410613524,8.18528781286453,36.61936569213867
-59.86204619256719,-3.366548816648422,356,563,325,3886,1847,761,0.8456423878669739,-7.836180597990541,-14.655590081793905,6.819409483803364,89.191742
-60.35297549533851,-3.6787133778799554,355,550,414.5,2334,1944.5,997,0.6983809471130371,-10.293378325218544,-13.3215346318916,3.028156306673056,1.0295219421386719
-59.52809748569576,-2.981171559761147,344,568,302,3448,1571,636,0.8389333486557007,-7.326963025953493,-12.232434457757606,4.905471431804113,110.938087
-60.14905792584338,-2.998913286622508,297,435,267,2628,1458,591,0.815544068813324,-8.991258880710255,-15.535473136583324,6.544214255873069,130.101883
-60.732064545236945,-2.9097554946736452,255,418,228,2716,1401,542,0.845108687877655,-8.921120456604376,-14.980956708270178,6.059836251665802,92.731041
-59.435346432610416,-2.870005043351356,316,516,273,3260,1603,658,0.845457136631012,-8.202037663845491,-14.662712962478535,6.460675298633044,264.053528
-59.45286358065075,-2.906162233537167,265,475,267.5,3174.5,1583,628.5,0.8445671200752258,-8.304608446603314,-14.357094373106891,6.052485926503577,66.55023956298828
-60.226986776740745,-3.9133982458561807,318,496.5,294.5,2978.5,1590.5,643,0.8200427889823914,-6.474683457698951,-12.350806997574201,5.87612353987525,115.070847
-60.44976896720239,-2.573336420770884,228,380,231,2450,1240,511,0.8276762366294861,-7.8908508619644575,-14.0601855180698,6.169334656105342,130.176331
-60.0762943878297,-2.9672476728572947,378,588.5,537,3088,2091,1011,0.7037241458892822,-8.808310863705238,-14.155575404809127,5.34726454110389,6.201348781585693
-60.01655642143575,-3.753048967640846,353.5,554,315.5,3465.5,1874.5,772,0.8331129550933838,-7.304632825367866,-11.124983385584372,3.8203505602165055,265.627441
-59.45196526536663,-3.5158937326332924,396,573,348,3079,1795,758,0.7969068884849548,-8.059040551031345,-13.264404444193207,5.205363893161863,108.15446472167969
-60.42147203575262,-2.4702547419181693,332,468,307,2838,1323.5,566,0.8047694563865662,-9.086341211150703,-13.771746509555875,4.685405298405172,163.881729
-59.41131649876022,-2.9879089243920434,336,576.5,361.5,3134.5,1814,783,0.7931922078132629,-8.470648828841401,-14.740031302263345,6.269382473421944,165.803589
-60.00824700505764,-2.615557239124502,358.5,515.5,293.5,2954,1488.5,643.5,0.8192455768585205,-7.448706650215331,-14.163001842537549,6.714295192322218,242.621994
-59.894834700437556,-2.701795506399976,382.5,558.5,336.5,3376,1719.5,699,0.8187205195426941,-10.495225380372178,-15.648880149117106,5.153654768744929,427.178467
-60.66850873888549,-3.1999113314442504,348,471,394,1961,1763,913,0.6653927564620972,-8.822576368969944,-16.272751046932022,7.450174677962078,104.0850601196289
-60.32333109096257,-2.733461120165189,259.5,438.5,275,2490.5,1384.5,574,0.801120936870575,-8.963285687429833,-14.456053998541316,5.492768311111483,169.459335
-60.437866289687804,-2.4502672268465098,267,420,246,2690,1405,584,0.832425057888031,-8.96848592045799,-14.961762530560192,5.9932766101022015,282.220551
-60.69837772208247,-3.837490604348081,282.5,494.5,279.5,3070.5,1523,633,0.8331343531608582,-8.217106233250854,-14.002713504140631,5.785607270889777,173.798309
-60.466836957600655,-2.555145536267464,321.5,505,316.5,2859.5,1548.5,664.5,0.8006926774978638,-7.433108083022527,-13.65378164613637,6.220673563113842,118.640648
-59.69383665561581,-3.3521757721025094,387,579,356,3121,1879,788,0.7952257990837097,-6.868660586933906,-13.36727847835874,6.498617891424834,11.111023902893066
-61.02828401017536,-3.3544215603128085,332,590,335,3421,1610,676,0.8216187357902527,-7.234144744978314,-14.511948978750112,7.277804233771798,51.720928
-60.27392375033599,-3.719362144486364,377,587,317,3345,1759,709,0.8268705606460571,-6.323688448257423,-13.517607024659618,7.193918576402195,0
-60.416755880511,-3.687696530721151,250,407,249,2620.5,1447.5,569,0.8264505863189697,-7.075972005953643,-12.048286453013192,4.972314447059549,116.307152
-59.59569571082575,-2.6106165050618446,386,567,345,2920,1659,694,0.7886676788330078,-5.2803878160302435,-11.394133486662398,6.113745670632154,220.53656005859375
-59.953225193905325,-3.8471474936523657,339,525,307,2925,1624,688,0.8100247383117676,-7.841015422854477,-15.416499947663933,7.575484524809456,91.274384
-59.416481811643905,-3.1046899113275814,588,846,930,2595,3049,1827,0.4723404347896576,-9.56030556774092,-18.446084742571603,8.885779174830683,75.893661
-60.18274474899786,-3.8314269761802744,341,515,316,2723,1490,607,0.7920368313789368,-9.196703800313074,-14.902790775038932,5.706086974725858,223.070129
-59.8485714633054,-3.7216079326966627,347,505,325,3212,1637,709,0.816228449344635,-9.846179016769787,-14.852834380922651,5.006655364152865,192.819641
-59.7358328951484,-2.446224808067972,363,514,297,2823,1519,642,0.8096153736114502,-9.058706878751059,-17.004869895130884,7.946163016379826,304.528076
-60.7610352131498,-3.5253260431165474,339,507,279,2917,1509,677,0.8254067301750183,-7.095014970840815,-13.845702643841172,6.750687673000357,53.547935485839844
-59.364154946343945,-3.0465239966808424,431,643,385,3374,1711,711,0.7951582670211792,-9.557928270508175,-17.41645818850334,7.858529917995167,148.083374
-60.51242645826972,-2.7251517037870836,230,435,229,3094,1477,606,0.8621727228164673,-7.76979718683549,-13.668894527968348,5.899097341132858,232.432571
-60.03452272711814,-2.4987762521889643,378,525,346,2829,1464,600,0.7820472717285156,-6.897906795372193,-14.253182996535749,7.355276201163556,196.567947
-59.741671944495174,-3.6333484560319196,375,499,344,2554,1590,698,0.7625948786735535,-9.166955649990435,-15.341552651789481,6.174597001799047,172.353882
-59.78007492289129,-3.4186511031273543,423,540,431,2669,2106,1120,0.721935510635376,-9.33748053481464,-14.472182203891869,5.134701669077229,228.492386
-60.85760410619265,-2.965675621110085,289,446,279,2802,1531,641,0.8188899755477905,-7.171004249181866,-14.617215300518396,7.44621105133653,189.387329
-60.84300648282571,-3.2156318489163422,247,435,200,3463,1569,616,0.890799880027771,-6.7093832096743125,-12.97233301537665,6.262949805702338,99.775261
-59.951203984516056,-3.4747958083848243,381.5,513.5,324,3201.5,1840,854,0.8161962628364563,-8.435570093479862,-14.215628270741467,5.780058177261605,66.671379
-59.586263400342496,-2.7779277267291054,353,528,294,3142,1582,676,0.8288707733154297,-5.38954518029602,-12.465120366600155,7.075575186304135,243.039276
-60.046200825811695,-2.9054884970740775,346.5,528.5,314,3348,1655.5,693,0.8285090327262878,-9.668011458600795,-14.798289959127416,5.130278500526622,216.109451
-59.51282612586573,-3.441782721693432,397,584,337,3184,1723,730,0.8085771203041077,-12.072038811435789,-18.3640750694645,6.292036258028713,152.606598
-59.6839551874905,-2.959611992942279,323.5,557.5,303.5,3249.5,1652.5,682.5,0.8291584849357605,-8.886697327399954,-14.84651836980502,5.959821042405066,113.003304
-60.35162802241233,-3.46356686733333,305,502,305,3066,1574,650,0.8190447688102722,-6.9250649305327165,-14.290534302540776,7.365469372008059,39.895835876464844
-60.24877092238064,-3.8819572109119975,308,482,309.5,2803.5,1521,617.5,0.8011564612388611,-8.114182454441384,-15.242908898682082,7.128726444240698,105.268982
-60.67434778823227,-3.1853137080773086,297,502,258.5,3073,1388.5,568,0.844814658164978,-9.084014676575222,-15.71477525440887,6.630760577833648,58.009441
-60.85850242147677,-3.020922011083436,245.5,451.5,226,3206,1543,596,0.868298351764679,-7.156729717221996,-14.026518150287703,6.8697884330657075,86.734222
-60.01071737208897,-2.6213962884712787,344,514,316,2759,1447,583,0.7944715619087219,-6.623970483471265,-12.376936199446657,5.752965715975392,445.9335175
-60.061921343283785,-3.4606473426599416,360.5,610.5,374.5,3380.5,1990.5,884,0.8005326390266418,-6.039150011847532,-13.951381429815036,7.912231417967504,0
-60.796294088051496,-3.003404863043105,225,386,221,2749,1356,526,0.8511784672737122,-7.473512058892428,-14.800821356291879,7.3273092973994505,145.634583
-59.854635091473206,-3.593373425888601,349,533.5,329,2876,1629,685.5,0.7946957945823669,-7.250050523419817,-13.283134979719923,6.033084456300107,148.360794
-60.72487802296399,-3.7557439134932045,333,488,298,2652,1345,568,0.7979661226272583,-7.10953380285466,-13.917768259962104,6.808234457107444,53.595245361328125
-59.39896466360358,-3.0725751399203083,304,516,321,3074,2017,942,0.8108983635902405,-8.507516896882093,-14.486038238898786,5.978521342016693,15.603167533874512
-59.57076746169144,-2.5753576301601533,379,553,320,2898.5,1596.5,657,0.8011496067047119,-7.30575707013713,-12.630069674301744,5.324312604164614,208.242661
-59.78613855105909,-2.6887699347802427,409,582,343.5,3136.5,1647.5,707.5,0.8025861978530884,-8.781560855299071,-15.513004921192106,6.731444065893035,213.458633
-60.31569541104755,-3.101770386654193,305,426.5,286,2213,1310,551.5,0.7711084485054016,-9.072517746297256,-14.946779844473166,5.87426209817591,60.77034378051758
-60.30918262523768,-3.6463740276516527,294,502,297,3098.5,1601,684,0.8250625729560852,-7.500556870764815,-14.734696207453112,7.234139336688297,13.737762451171875
-60.309856361700774,-2.377054531190769,273,454,250,3006,1403,550,0.8464373350143433,-8.588199479294179,-14.674133736766626,6.085934257472447,183.4056396484375
-59.46139757584989,-2.6647400009300455,461,715,526,3341,2113,955,0.7279545068740845,-8.101974041926047,-14.842157383167514,6.740183341241467,56.28242492675781
-60.69141577863054,-3.5940471623516905,272,455,262,2893,1489,640,0.8339143991470337,-8.149298852292295,-14.010846294527084,5.861547442234789,61.52632522583008
-60.61865224061686,-3.7445149724417104,276,462.5,260.5,2900,1507.5,662,0.8351526856422424,-7.279352558869246,-13.978430781563482,6.699078222694236,7.922389030456543
-59.81555837661401,-2.380647792327247,360.5,548.5,328.5,3259.5,1816,757.5,0.8168896436691284,-7.572722574015099,-14.077948719799032,6.505226145783933,203.62442016601562
-60.29997489357546,-3.5457627158302665,318,563.5,326.5,3231.5,1886,820,0.8164699077606201,-8.419880274051279,-14.346362205344514,5.926481931293235,0.5547419786453247
-60.14748587409617,-3.0009344960117765,321.5,505,308,2869.5,1565.5,662,0.8061369061470032,-8.843739546421931,-14.124218775372785,5.280479228950854,224.853561
-59.509008285908216,-3.3223067889055353,403,644,363,3547,1968,822,0.8143222332000732,-6.684179983554607,-12.934078740228019,6.249898756673412,18.54869842529297
-61.023792433754764,-2.97510793159334,282,456,267,2615,1481,594,0.8147119879722595,-8.952855564465331,-14.606028927346166,5.653173362880835,119.875298
-60.20946962870042,-3.135232630987645,612.5,905,1041,2913.5,3063.5,1935,0.4735111892223358,-8.529028753819341,-14.377615324615762,5.848586570796421,3.9426751136779785
-59.35270142647142,-3.383167649404633,735,1023,1149,3146,3728,2268,0.4649592638015747,-10.419832445145198,-15.91691733814223,5.497084892997032,1.376373052597046
-59.92941983887616,-3.452113347460806,448,622,485,2570,2252,1203,0.6824877262115479,-8.978534240360435,-14.3295611058649,5.3510268655044655,4.2445878982543945
-60.496930519618665,-2.6315023354176232,303,438,262,2555,1262,510,0.8139865398406982,-8.809359129397388,-15.059489324906266,6.250130195508879,51.48542785644531
-60.92048617608102,-3.5614832333023583,357,508,323,2951.5,1735,753.5,0.8027179837226868,-7.628111260855398,-13.560189218909885,5.932077958054487,26.103477478027344
-60.48031168686245,-2.467110638423751,279,419,236,2560.5,1239.5,506.5,0.8312175869941711,-9.04601455435141,-15.291908305211706,6.245893750860295,128.816376
-60.09089201119664,-3.2055258019699977,320,503,272.5,3270.5,1588.5,603,0.8461755514144897,-9.643257109053412,-17.818773701083728,8.175516592030316,83.42647552490234
-59.89034312401696,-3.6618699663027146,342,503,307,3146,1680,733,0.8221836090087891,-7.859510057819067,-14.375203953153267,6.5156938953342,85.355988
-60.97169014727583,-2.8846026667182985,372,601,453,3282,1852,903,0.7574297189712524,-6.3127807618919025,-12.985704443655187,6.672923681763285,2.9228830337524414
-60.360162017611465,-2.9809469809401175,305,427,302,2548,1400,578,0.7880702018737793,-8.579343374850335,-14.614057323945232,6.034713949094897,59.04817581176758
-59.79489712507926,-2.5005728827572034,390,583.5,336,3147.5,1664,732,0.8070905804634094,-7.356656616353934,-15.207155543000837,7.850498926646903,152.036331
-59.83554589168566,-3.4860247494363183,405,574,369.5,3054,1669,729,0.7841390371322632,-7.645567295913485,-12.64081236338997,4.995245067476485,210.119522
-60.830205490027005,-2.981396138582177,311,495,298,2900,1500,623,0.8136335015296936,-7.932370890328598,-14.586763923948403,6.654393033619805,94.386269
-59.75200257026255,-2.5432428587528806,385,519,312,3010,1678,703,0.8121613264083862,-8.634915496684378,-15.118285484732448,6.48336998804807,174.42626953125
-60.87871451536946,-2.902568972400689,462.5,590,364,2876.5,1413,577,0.7753432989120483,-8.356170443481325,-14.100023895835953,5.743853452354628,156.849899
-59.73268879165398,-2.942544002544008,373,498,330,2798,1488,644,0.789002537727356,-8.228517494625873,-14.697032859920734,6.468515365294861,215.481583
-59.43646932671557,-2.80712297346299,390,554,330,3106,1803,755,0.8079161643981934,-8.050137733687695,-14.070932204850484,6.020794471162789,278.083252
-60.38643773967196,-3.8608468017351885,312,500.5,327,2865,1969.5,949,0.7951127886772156,-9.347689778427503,-13.504155432099843,4.15646565367234,63.25758361816406
-60.10346842517431,-3.227309947609896,1281,1618,1856.5,3449.5,3732,2680.5,0.3002261519432068,-8.9483398928703,-14.896464690407125,5.948124797536826,0.0001849999971454963
-59.52360590927516,-3.272001132994842,389,619,418.5,3279,2183.5,1062,0.7736308574676514,-7.480136630676054,-13.905431142309228,6.425294511633173,268.736572
-60.3994633112917,-3.9571911159570075,276,442,276,2690,1416,565,0.8138907551765442,-8.388768802133212,-14.65296599554511,6.264197193411897,82.78215026855469
-60.32490314270977,-3.5628307062285374,379.5,479,322,2279.5,1405,605.5,0.7524505257606506,-9.873577172601427,-15.287595335883559,5.414018163282131,262.948669
-60.39609462897624,-3.9711150028608597,244,386,240,2570,1463,583,0.8291814923286438,-9.292188522394385,-14.979948257941963,5.687759735547578,204.6707000732422
-60.534435182730654,-3.815032722245093,284,466,265,2973,1410,594,0.8363187313079834,-5.955238774626405,-12.946060804719739,6.990822030093334,220.149765
-60.208795892237326,-3.6652386486181627,412,557,389,2627,1824,853,0.7420424222946167,-9.115786697745866,-15.080819648714726,5.96503295096886,87.515503
-60.87220172955959,-3.653111392282549,309.5,478,351,2602,1973,953.5,0.7622756361961365,-9.590475590230868,-14.616611844649082,5.026136254418214,10.176255226135254
-59.970966920766685,-3.7357563984215454,345,511,330,2908,1780,753,0.7961704730987549,-8.730857069580159,-14.639392296112739,5.90853522653258,133.963776
-60.38756063377711,-2.771190362098209,289,427.5,247.5,2539,1266,541.5,0.8223577737808228,-8.21745909493928,-14.980386243316804,6.762927148377525,249.880707
-59.41243939286537,-2.73143991077592,340.5,514.5,289.5,3143.5,1568.5,639,0.831342875957489,-6.437819258162922,-14.959312761658868,8.521493503495947,55.108269
-59.8786650253234,-2.6483457469948646,403,555,331.5,3074,1578,657,0.8053149580955505,-8.283326568379113,-12.89115686703719,4.607830298658076,265.1080245
-60.7114032937022,-3.7108281492872286,294,412,242,2513,1319,559,0.8243194222450256,-7.904733196709936,-14.31108205720372,6.406348860493784,115.78730010986328
-60.59596977969284,-2.6315023354176232,347,521,312.5,2729.5,1471.5,599,0.7945430874824524,-6.525064173325388,-12.929406188131631,6.404342014806243,53.349419
-59.636119898611135,-2.848220897711458,388,576,327,3255,1671,674,0.8174204230308533,-8.957410025827913,-16.11613880450506,7.158728778677146,295.706635
-59.9244791048135,-2.6332989659858623,319,498,312,2927.5,1497.5,595,0.8073776960372925,-8.1927069545895,-14.838597307761168,6.6458903531716675,125.08568572998047
-59.984217071207446,-2.953099207132412,373,605,346,3026,1906,874,0.7947805523872375,-9.606722414541144,-15.64322805259849,6.036505638057346,31.118406295776367
-59.68350602984844,-3.793023997784165,338,540,309,3205,1719,689,0.8241320252418518,-7.395494929184643,-14.095185415075175,6.699690485890532,30.747690200805664
-59.71000633072996,-2.9367049531972307,308.5,485,285.5,2881,1599,673,0.8196747303009033,-7.200302082384259,-14.38724356540235,7.186941483018091,59.696556091308594
-59.7922021792269,-2.5160688214082647,385.5,554,319.5,2837,1591,668.5,0.7975605726242065,-8.824425800350461,-16.496859149528092,7.672433349177631,320.4432905024414
-60.173087859693574,-3.23876346748242,350,535,281,3621.5,1642,671.5,0.8559897541999817,-6.467978923918283,-12.67484216485369,6.206863240935407,108.81147003173828
-59.75177799144152,-2.92008612044102,338,547.5,330.5,3310.5,1683.5,702,0.8184564709663391,-7.10388946186688,-12.983826271704093,5.879936809837212,155.394165
-59.41558349635979,-3.5096055256444556,404,570.5,353.5,3118,1697,676,0.7963416576385498,-7.518154169122267,-14.28212602570582,6.763971856583552,197.562805
-59.99611974872203,-2.4159066672289384,303,516,280,3175,1522,587,0.8379160761833191,-8.844764159572291,-14.607246014960232,5.762481855387941,64.486397
-60.888595983494774,-2.8100424981363785,279,500,265,3198,1710,671,0.8469535112380981,-7.3615468716099315,-14.529863143950896,7.168316272340965,55.043365478515625
-59.40907071054992,-2.7341348566282786,349.5,517,303.5,3135,1634,651,0.8234695196151733,-6.597812111005318,-12.83862011462919,6.240808003623872,122.97900390625
-60.13109162016099,-2.3045155719981176,245,382,218,2425.5,1216,488,0.8350671529769897,-10.39537252236884,-16.485286163668405,6.089913641299566,365.202393
-60.11357447212066,-2.386711420495054,275,387,217,2528,1274,519,0.8418943285942078,-8.842613048539697,-13.679849275865404,4.8372362273257075,1022.168335
-60.888146825852715,-2.684952094822735,286,459,245,2887,1486,590,0.843550443649292,-7.439311935793208,-14.699053286866956,7.259741351073748,137.581573
-60.195994899438624,-3.98975504500634,296,462,292,2604,1472,606,0.7983425259590149,-11.531225736179744,-17.660277634923045,6.129051898743301,155.693405
-59.78973181219557,-3.497478269308842,409,591,355,3169,1689,720,0.7985243797302246,-7.568102564512353,-14.46112152518972,6.893018960677367,85.035271
-60.962931573255666,-2.830703749671127,282,439,266,2571,1390,584,0.8124779462814331,-6.295404943807963,-13.87468102297219,7.579276079164227,120.872299
-59.69406123443684,-3.552500080461163,369,512,324,2644,1419,584,0.7816711664199829,-10.920240092204647,-17.101589868087608,6.1813497758829605,94.46973419189453
-60.87467209659092,-2.9239039603985275,339,511,381,2593,1981,1010,0.7437794208526611,-8.232461639589884,-16.030433947894693,7.797972308304809,53.65266036987305
-60.14703671645411,-2.5207849766498924,289,444,283,2414,1371,562,0.7901371717453003,-8.405820693949288,-15.140139496992369,6.734318803043081,240.16213989257812
-59.49238945315201,-3.117940061768344,400,705.5,444,3953.5,2037.5,894,0.7980670928955078,-8.57658668186932,-15.439344261690813,6.862757579821492,2.0099799633026123
-60.169494598557094,-2.5690694231713165,258.5,422.5,249,2620.5,1342.5,547,0.8264505863189697,-8.373690955572464,-14.505095079638552,6.131404124066089,105.4011001586914
-60.26808470098921,-3.1893561268558464,296.5,468.5,237,2878,1433,566.5,0.8478330373764038,-11.134424242489056,-16.37946002861933,5.245035786130275,79.324318
-59.92200873778217,-3.8345710796746926,360,547,333,3045,1649,699,0.8028419017791748,-8.246307654828405,-14.13910186977474,5.892794214946335,159.120895
-59.68934507919521,-2.8630430998994303,392.5,573.5,370.5,3241.5,1690.5,735,0.7948504686355591,-8.077993506418395,-14.960508068137981,6.882514561719587,153.519562
-60.19981273939613,-2.6613713186145973,305,416,274,2836,1347,551,0.8237941861152649,-7.095501996752482,-14.520792338040494,7.425290341288012,280.6344299316406
-60.64492796267736,-2.594895987589753,295,443,261,2659,1426,558,0.8212328553199768,-8.102083657936781,-16.427923222148863,8.325839564212082,139.545349
-60.74913253563522,-3.0795370833722346,257,440,251,2826,1413,548,0.836854100227356,-6.729762902967218,-14.009772826976143,7.280009924008924,165.690094
-60.90925723502952,-2.684727516001705,271,470,243,3098,1446,572,0.8545345664024353,-8.08083701818373,-14.38813475603218,6.307297737848449,118.084717
-60.05406108454774,-3.7656253816185195,344,528,318,2960,1606,677,0.8059792518615723,-5.325460818534853,-12.057887915600709,6.732427097065856,157.118866
-59.908983166162436,-2.493161781663217,309,494,282,2972,1484,596,0.8266748785972595,-8.032956050756361,-13.441411218643907,5.408455167887546,199.618881
-60.667610423601374,-2.9614086235105175,305,449,283,2889,1521,622,0.8215636610984802,-9.014568611710942,-13.416566661634759,4.401998049923817,94.805419921875
-60.08774790770222,-2.496530463978665,271,394,264,2358,1315,532,0.7986270189285278,-8.985554307733569,-16.018860336361243,7.033306028627674,209.724472
-60.04013719764389,-2.579624627759721,684,901.5,916,2577.5,2242.5,1078,0.4755975306034088,-13.797432814680231,-18.793431017975234,4.995998203295002,171.292252
-60.91487170555527,-2.9084080217474657,294.5,435.5,260.5,2753.5,1461.5,585,0.8271400332450867,-7.9492476839921205,-13.443673592195612,5.494425908203492,239.09885400000002
-60.1063879498477,-3.8181768257395112,340,520,314,2983.5,1634,659,0.8095526695251465,-6.436590962392238,-14.139032213663514,7.702441251271276,106.813271
-59.955246403294595,-2.6764180996235996,379.5,545,325,3014.5,1550.5,639.5,0.8053600788116455,-7.158281128652229,-13.814169868107623,6.655888739455394,146.718018
-60.387111476135054,-2.5724381054867647,294,441,311,2669,1394,607,0.791275143623352,-9.391930223614008,-15.127159876311618,5.73522965269761,118.33716583251953
-59.793998809795134,-2.6321760718807132,390,588,342,3100,1680,727,0.8012783527374268,-8.429712167189713,-14.250204694122921,5.820492526933208,187.425064
-59.94671240809546,-3.209119063106476,373,554,333,3131,1582,738,0.8077366948127747,-6.374298505946849,-12.677791360511037,6.303492854564188,75.033524
-60.3603865964325,-3.7469853394730395,258,454,257,2919.5,1483,605.5,0.8381866812705994,-6.303539510560984,-14.062065341440142,7.758525830879158,222.438812
-60.343992342497316,-3.441108985230342,294,440,273,2787,1317,562,0.8215686082839966,-8.284878471733007,-16.12065916656347,7.835780694830463,38.42421340942383
-60.11177784155242,-2.5600862703301215,299,440,254,2816,1340,536,0.8345276713371277,-10.493169597553454,-17.320071195748024,6.826901598194571,154.101532
-60.4100185158801,-3.8273845574017367,327,460,308,2799,1666,736,0.8017380237579346,-9.46817431352946,-15.518139168567103,6.0499648550376435,130.044952
-60.80392976796651,-3.255831457880691,289,490,319,3350,1431,712,0.8261106610298157,-8.133168090629411,-15.000249685976216,6.867081595346805,32.32610321044922
-59.574136144006886,-2.570192317276466,343.5,503.5,291.5,3169,1744,701.5,0.8315272331237793,-8.898665666207684,-13.881123309969096,4.982457643761412,82.198349
-60.23888945425533,-3.6286323007902923,387.25,574.75,330,2984.5,1613.8333333333335,645,0.8008749485015869,-9.122564375007986,-14.743238015535503,5.620673640527517,133.070984
-60.35522128354881,-3.2699799236055735,289,513,270,2734,1239,534,0.8202396631240845,-8.370958985036012,-13.190582359986111,4.819623374950099,9.917503356933594
-60.20430431581673,-3.173186451741695,315.5,513.5,287.5,3146,1564,629,0.8325324058532715,-7.913684818965624,-16.303113913326065,8.389429094360441,92.696777
-60.10032432167989,-2.827784224997739,334,559.5,340,2946,1643.5,722,0.7930614948272705,-10.469503679246516,-16.900446193292023,6.4309425140455065,158.198349
-59.91751716136157,-2.6070232439253664,309.5,470,264.5,3041,1428,553.5,0.8399636745452881,-8.776034205641306,-14.087790177771979,5.311755972130673,180.444138
-59.4126639716864,-3.420896891337653,506,774,529,3215,2306,1077,0.7174145579338074,-8.78186149799514,-16.96779044597702,8.18592894798188,21.969392776489258
-59.6531878890094,-2.719312654440307,465,663,435,3141,1891,842,0.7567114233970642,-9.643590648268695,-14.398231473594624,4.754640825325929,326.842377
-59.7749096100076,-3.3701420777849,359,561,327.5,3314.5,2056.5,922,0.8201537728309631,-9.248999273556713,-15.659186290407614,6.410187016850902,9.203085899353027
-59.96265750438858,-2.54346743757391,327,497,276,3061,1479,578,0.8345819711685181,-6.700248734207017,-15.000179814907565,8.299931080700548,186.86672973632812
-60.853561687414114,-3.526224358400667,286,426,287,2352,1421,615,0.7824933528900146,-9.252423588368714,-14.488687566603167,5.236263978234453,145.187164
-59.35696842407099,-3.4015831127290834,454,683,516,3218,2295,1110,0.7236207723617554,-8.561393338476584,-14.213360651281562,5.651967312804977,0.4224810004234314
-60.24293187303387,-3.800884256520211,341,525,312,3282,1687,683,0.826377272605896,-8.409432502904433,-14.215950299536502,5.806517796632068,136.005829
-60.05698060922113,-3.3878838046462607,452,604.5,494,2431,2063.5,1094,0.6622222065925598,-7.690276555546448,-13.673006246759087,5.982729691212639,22.158897399902344
-60.75003085091934,-3.6728743285331786,276,448,239,2792,1363,546,0.8422962427139282,-10.06781102018442,-15.826958291373984,5.759147271189564,141.793625
-60.2559574446536,-2.877640723266372,265.5,435,254.5,2732,1385.5,565.5,0.8295663595199585,-9.178018487803637,-15.581459064700088,6.40344057689645,178.374268
-60.00734868977352,-3.6400858206628164,337,505,320,2914,1697,717,0.8021026849746704,-7.4379417753483015,-14.16824416084943,6.730302385501128,111.26144409179688
-60.21620699333131,-2.6036545616099183,247,402,231,2644,1365,548,0.8393043279647827,-8.543714327382645,-15.346920545089544,6.803206217706899,62.45702362060547
-60.67434778823227,-3.59539463527787,276,438,246,2992,1421,566,0.8480543494224548,-8.698584840776649,-13.92907650295716,5.230491662180512,166.819183
-60.55105401548686,-3.488495116467647,281,483,299,3264,1346,563,0.83216392993927,-8.641987603628504,-13.861054033052705,5.219066429424201,17.870668411254883
-60.63437275808895,-2.56255663736145,304.5,430,257,2552,1365.5,550,0.8170167207717896,-8.165368977724214,-14.774031144254582,6.608662166530369,111.50069427490234
-59.477342672143,-2.8347461684496653,412,572.5,314,3235,1583.5,668,0.8230487704277039,-8.383622551440718,-14.16374155599228,5.780119004551562,175.945145
-59.4411854819572,-3.4642406037964197,456,608.5,387,3183.5,1878,805.5,0.7832236289978027,-6.537761483277302,-12.523006587385026,5.985245104107724,367.146515
-60.229007986130014,-3.926199238654884,297,509,299,2951,1612,648,0.8159999847412109,-10.157343999412443,-15.439165100634163,5.28182110122172,127.995407
-59.71696827418189,-3.9098049847197025,315,474.5,308,2813,1638,704.5,0.8026273846626282,-6.726299073819631,-12.629609608328725,5.903310534509093,81.39130401611328
-59.92380536835041,-4.017827397635075,388.5,547,351,3098,1639.5,694,0.7964627146720886,-8.739476478194131,-14.365597474672583,5.626120996478452,82.159348
-60.43606965911957,-3.4366174088097448,274.5,409,226.5,2651.5,1414,584,0.8425990343093872,-8.021089655754231,-14.341472477562435,6.320382821808204,91.564133
-60.95394842041447,-3.1987884373391013,255,378,216,2611.5,1389.5,541.5,0.8472148776054382,-7.552355844603385,-12.63910025005194,5.086744405448554,191.802582
-60.88949429877889,-2.702244664042036,323,464,291,2674,1414,591,0.8037099242210388,-9.139992045590077,-14.780579867958318,5.640587822368241,67.260597
-59.80814727552002,-2.378626582937978,360,548.5,319,3321,1820,747.5,0.8247252702713013,-8.622295986762655,-14.780265498060661,6.157969511298006,154.911621
-60.52747323927873,-2.4248898200701334,291,459.5,269.5,2850.5,1353,533.5,0.8272435665130615,-8.304078509726494,-13.977679512238574,5.673601002512079,132.20664978027344
-60.02464125899282,-3.386985489362141,513,624,686.5,1688,2860,1915,0.4217730164527893,-9.870932275288027,-15.695968346522626,5.825036071234599,19.302974700927734
-60.11110410508933,-2.290816263915295,250,408,235,2797.5,1373,533,0.845012366771698,-6.713212320666749,-14.434649210871777,7.7214368902050285,204.802979
-60.226986776740745,-2.943442317828127,319.5,512,291.5,2647,1426,607.5,0.8015994429588318,-8.945690619466248,-13.718309995193978,4.77261937572773,0
-60.534435182730654,-2.6067986651043364,320.5,482.5,273.5,2603.5,1440,596,0.8098713755607605,-6.05276478225936,-12.593678000246003,6.540913217986643,178.037918
-60.446849442529,-2.7323382260600395,296,513,251,3833,1634,637,0.8770812749862671,-6.855812306095654,-13.526913434892585,6.671101128796931,0.010569999925792217
-59.64600136673645,-3.2695307659635136,490,706,568,3030,2231.5,1254,0.6842690110206604,-7.521834278778162,-13.558737836959075,6.036903558180914,0
-59.98376791356539,-2.7873600372123604,327.5,505.5,296,3253,1668,678.5,0.8331924676895142,-6.797056867383594,-12.794033035364091,5.996976167980497,181.576065
-60.36555190931618,-3.6277339855061728,264,428,228,2755,1418,556,0.8471337556838989,-9.392337844301453,-16.21632758381,6.823989739508546,72.8696060180664
-59.568970831123195,-3.55744081452382,391,550,328,3217,1680,703,0.8149506449699402,-7.925133330489741,-13.630655778108931,5.70552244761919,213.409912
-60.021721734319435,-2.549531065741717,454,655,507,3145,2291.5,1182,0.722343921661377,-8.059651942738453,-13.560664588054621,5.501012645316168,125.017288
-59.83150347290713,-3.131863948672197,508,832,513,2885,1834,1043,0.6980576515197754,-8.358880810354131,-14.463080113688918,6.104199303334786,6.316188812255859
-60.25056755294889,-2.567048213782048,231,386,222,2617,1283,512,0.8436068892478943,-5.110281707363573,-13.27583793616898,8.165556228805407,145.906387
-60.3055893641012,-3.6995992082357345,412.5,714,462.5,3607,2437,1182.5,0.7726993560791016,-6.894521762285624,-12.947320659633224,6.0527988973476,3.3609120845794678
-60.430230609772785,-2.769618310351,325,506,280,2957,1391,567,0.8270003199577332,-8.492372604736842,-14.095501958846777,5.603129354109935,149.010269
-59.77850287114408,-3.5140971020650533,332,501.5,288.5,3027,1534,608,0.8259689211845398,-8.698987228746498,-13.253453348689918,4.55446611994342,193.306808
-60.00936989916279,-3.2057503807910277,348.5,523.5,317.5,3110,1630.5,721.5,0.8147337436676025,-6.366718663139059,-13.39962576886949,7.03290710573043,0.00344299990683794
-60.28560184902955,-2.782643881970733,258,417,245,2617,1286,526,0.828791081905365,-7.877244570018461,-14.663789576468446,6.786545006449985,128.939255
-59.75582041022006,-3.785388317869149,327,486,281,3029,1459,580,0.8302114605903625,-7.382495318338414,-14.8954696734455,7.512974355107087,107.38087463378906
-59.6967561802892,-3.6470477641147423,338.5,492.5,312.5,2840.5,1711,736,0.801776111125946,-8.173164982416093,-13.988284106721611,5.815119124305518,411.209198
-60.01947594610914,-4.020297764666403,363.5,559,361,2978,1575.5,646,0.783767580986023,-9.120672873816154,-14.555543215686082,5.434870341869928,158.197311
-60.47110395520023,-3.269081608321454,287,504,270,3400,1650,697,0.8528610467910767,-8.316225917041912,-15.424748914114483,7.108522997072571,4.132142066955566
-60.0846038042078,-3.7292436126116786,383,548,337,2766,1605,675,0.7827908396720886,-8.96395908179764,-15.226609090972802,6.262650009175163,163.590485
-59.75963825017757,-2.705613346357484,353,567,315,3380,1594,645,0.8294993042945862,-6.5266155699158475,-13.063970792890967,6.537355222975119,97.612572
-60.158041078684576,-2.9620823599736075,231,434,233,2812,1467,593,0.8469622135162354,-6.458195002954663,-12.521047199061424,6.062852196106761,157.409012
-60.771814996559236,-3.7276715608644695,440,588,362,2995,1721,778,0.7843312621116638,-7.764083683664279,-15.516521387045344,7.752437703381065,0.043685998767614365
-59.32732401969505,-3.395744063382306,547,686.5,788,2459.5,2526,1598.5,0.514703631401062,-6.38373432692659,-13.84151080425095,7.4577764773243596,0.24664199352264404
-59.46858409812284,-3.3636292919750335,412,591,346,3097,1668,694,0.7990124821662903,-7.520151409740641,-14.226083330839149,6.705931921098508,15.30863094329834
-60.01408605440442,-3.749006548862308,355,505,305,2984,1570,658,0.8145332932472229,-8.886339762820995,-14.317179525553243,5.430839762732248,232.200653
-59.36146000049159,-3.2147335336322227,372,542,367,3176.5,1712,824.5,0.7928601503372192,-9.767311719096481,-14.508014096809198,4.740702377712717,113.372414
-60.05945097625246,-2.6595746880463587,385.5,596.5,341,3214,1631,673,0.8081575036048889,-8.652335540831093,-14.822144216071289,6.169808675240196,43.55739212036133
-59.53573316561077,-2.7453637976797727,358,555,327,3253,1654.5,698.5,0.8173184394836426,-8.045716886544804,-14.05882345339781,6.013106566853006,251.114441
-60.69029288452539,-3.8956565189948202,269,450,294,2773,1410,578,0.8082817196846008,-8.807349397114386,-13.717882681389256,4.9105332842748695,118.58012390136719
-60.6009105137555,-3.7308156643588877,330,541,363,2750,1890,913.5,0.7667844295501709,-7.888323096121144,-13.165838602557752,5.277515506436608,36.104469
-60.637067703941305,-3.512974207959904,233,373,220,2284,1338,570,0.8242811560630798,-6.748430354335299,-13.027731818052697,6.279301463717398,73.44192504882812
-59.720336956497334,-3.0074472818216433,324.5,586.5,345,3399.5,1596.5,663.5,0.8157297372817993,-8.727556897903554,-16.77179163585774,8.044234737954184,91.396233
-60.20699926166909,-4.011314611825209,291,463.5,297,2653,1503.5,618,0.7986440658569336,-9.746250957519099,-14.643067902830605,4.896816945311507,179.522812
-60.209694207521444,-3.848944124220605,339,480.5,301,2636.5,1459,589.5,0.795063853263855,-9.484868746947528,-14.784622682194723,5.299753935247194,148.597809
-59.84003746810626,-2.6840537795386155,440.5,579,377.5,2947.5,1675.5,758.5,0.7729323506355286,-8.430851466531305,-14.598185519278717,6.167334052747412,258.528137
-60.957766260371976,-3.002057390116926,262,435,265,2591,1349,548,0.8144257664680481,-10.38020599395215,-15.016745587313892,4.636539593361743,180.04273986816406
-60.115146523867864,-2.9239039603985275,268.5,474.5,271.5,3288.5,1589,634.5,0.8474718928337097,-6.688840901721466,-12.96254398261645,6.273703080894984,100.847137
-60.602482565502704,-3.7258749302962304,354,513,373,2618,1794,889,0.7505850791931152,-7.96325291660199,-14.85323747427319,6.8899845576712,80.053642
-60.386662318492995,-2.8455259518590994,333,484,286,2840,1431,593,0.8170185685157776,-6.776951802851277,-12.207811439175657,5.43085963632438,59.859561920166016
-60.17757943611417,-3.3793498094471253,365.5,566,368.5,3075.5,1705,722,0.7860046625137329,-7.1234942959739325,-13.313845257853691,6.1903509618797585,178.961639
-59.942894568137945,-3.3820447552994835,427.5,667.5,396,3620.5,2220.5,1033,0.8028134107589722,-7.306526219813517,-14.008885070122766,6.702358850309249,0.23147599399089813
-60.24966923766476,-3.728794454969619,337,521,319,2969,1642,687,0.8059610724449158,-9.243623827922455,-14.730263309546338,5.486639481623882,54.043171
-60.76912005070688,-3.7842654237639994,266,442,236,2920,1337,534,0.8504436016082764,-8.266008211400715,-14.427096723893527,6.161088512492812,109.520523
-59.52697459159061,-3.2621196648695276,337.5,553,308.5,3489.5,1758.5,741,0.8375460505485535,-7.622374808918129,-12.860448744574846,5.238073935656717,119.22803497314453
-59.55257657718801,-2.6705790502768227,375,553.5,316,3534,1682.5,679,0.8358441591262817,-8.525712471198053,-13.734701108540682,5.208988637342628,158.100266
-60.65099159084516,-3.907110038867344,270,440,249,2765,1482,605,0.8347710967063904,-8.037997806600286,-13.895276620110453,5.857278813510167,95.529476
-59.82431695063417,-3.4813085941946906,405.5,580.5,360.5,3203.5,1719.5,722,0.7976992130279541,-7.6939064875294,-13.697014972142505,6.003108484613104,251.337158
-60.49827799254484,-2.7296432802076813,259.5,456,265.5,2821,1431,580,0.8279604911804199,-6.830633781577269,-13.587170094680868,6.756536313103599,197.387436
-60.13019330487687,-2.3085579907766554,252,442,242.5,2801.5,1345,530.5,0.8406701683998108,-5.761700568034573,-12.792821175069122,7.031120607034548,256.4781799316406
-59.559987678282,-3.0090193335688524,266.5,480,289,2971.5,1607.5,663.5,0.8227265477180481,-6.550337811329293,-13.91974381148428,7.369406000154986,188.863098
-60.52163418993195,-3.7934731554262244,253,422,238,2972,1430,553,0.8517134189605713,-7.242072707312877,-14.693666972926756,7.451594265613879,50.175098
-60.65346195787649,-3.8031300447305094,314,492.5,326.5,2819.5,1410,619.5,0.792434811592102,-9.07788505465584,-15.477930870793541,6.400045816137702,0
-59.683281451027405,-3.0150829617366592,338.5,518,294.5,3137,1661.5,677.5,0.8283549547195435,-7.236307684364797,-13.70025364752906,6.463945963164263,119.28776550292969
-60.80797218674505,-3.026536481609183,344,517,328,2774,1415,618,0.7885235548019409,-6.635845149437639,-13.04106222679518,6.405217077357541,87.74987030029297
-59.81308800958268,-2.854509104700295,369,531,315.5,2853,1594,660,0.8008521199226379,-7.541005042845118,-13.356571911914708,5.81556686906959,190.7734605
-59.76547729952434,-3.9041905141939557,298.5,473,286,2839,1483.5,604.5,0.8169599771499634,-6.768083416828723,-13.329918838913606,6.561835422084883,79.86410522460938
-60.825040177143315,-3.0921134973499083,248,415,225.5,2914.5,1442,564.5,0.8563694357872009,-8.80843700689797,-15.688833659335607,6.880396652437637,318.559662
-60.4641420117483,-2.5070856685670697,292,454,279.5,2660,1388.5,586,0.8098316192626953,-6.9697708673366146,-12.425021895963908,5.455251028627294,200.312408
-59.754472937293876,-2.8709033586354757,353,550,314,2952,1621,672,0.8077158331871033,-7.125238219119225,-12.758152038538634,5.632913819419409,91.73517608642578
-60.2258638826356,-2.5975909334421114,232,381,223,2630,1259,500,0.8436733484268188,-6.59733081088476,-14.611415165096046,8.014084354211287,96.456749
-59.892588912227254,-2.78825835249648,343,530,309,3308,1743,714,0.8291401863098145,-9.126077308896063,-14.130524950303325,5.004447641407262,193.277679
-59.70394270256215,-3.9304662362544516,456,711,646,3221,2383,1791,0.6658908724784851,-8.920069072958004,-14.118155175887297,5.1980861029292935,160.966797
-60.36600106695824,-3.009917648852972,275,449.5,252.5,3142.5,1496.5,596.5,0.8512518405914307,-6.839961056231372,-15.523199272760628,8.683238216529256,69.549797
-60.13985019418115,-3.87701647684934,338,480,299,3022,1501,587,0.8199337720870972,-5.696826481521495,-13.206411154468817,7.509584672947322,126.92831420898438
-60.01723015789884,-3.762705856945131,352,563,317,3345,1830,764,0.8268705606460571,-7.00307122949921,-12.870967027807573,5.867895798308363,37.927345275878906
-60.68602588692582,-3.899249780131298,263,428,259.5,2594,1328,555,0.8181180953979492,-8.181127882151175,-14.058325042846647,5.877197160695472,163.629684
-59.607598388340335,-2.855407419984414,349,510,312,3023,1645,680,0.8128935694694519,-8.238147677897432,-14.174608712237093,5.936461034339661,109.926811
-60.26808470098921,-2.9099800734946752,240,405,205,3156,1320,499,0.878012478351593,-8.321369819270409,-14.663862023141034,6.342492203870625,80.47401428222656
-60.22563930381457,-3.169817769426247,374.5,574.5,382,2737,1972,1038,0.7550497055053711,-7.58692105482281,-14.972065456639037,7.385144401816227,21.0885009765625
-60.416531301689965,-3.1329868427773464,251,396,206,2386,1304,502,0.8410493731498718,-8.3340177234216,-15.883620002162925,7.549602278741325,45.435959
-60.09605732408033,-2.647222852889715,329,481,280,2998,1443,581,0.8291641473770142,-6.836129856019969,-12.696052404138467,5.859922548118497,167.409424
-60.608097036028454,-3.719586723307394,454,586,751,1397,2980,2355,0.300744891166687,-12.324026424467764,-20.477767176850186,8.153740752382422,0
-59.77850287114408,-3.6654632274391927,327,468,298,2916,1585,633,0.8145613074302673,-5.084653605449741,-11.853061237985196,6.768407632535455,108.37005615234375
-59.69069255212139,-3.571364701427673,413,574.5,345,3168,1744,722.5,0.8035866618156433,-5.906144038968422,-13.439758463404381,7.533614424435959,1.439100980758667
-59.54202137259961,-3.578102066058569,401,606.5,361,3033.5,1733.5,762,0.7873029708862305,-7.768395204419839,-13.167072280217432,5.398677075797593,135.035492
-60.581147577504865,-3.2917640692454717,607,726,541,3505,2343,1245,0.7325753569602966,-6.436459349353879,-10.71528806208093,4.278828712727051,30.50310707092285
-60.511528142985604,-3.8536602794622326,212.5,362.5,197.5,2582.5,1232.5,486,0.8579136729240417,-9.097986306502504,-14.875545466331332,5.777559159828828,119.562698
-60.2537116564433,-2.587484886495767,282,438,277,2676,1384,580,0.8123942017555237,-8.072558008761773,-13.199927903567426,5.127369894805653,257.012207
-59.84295699277965,-3.769892379218087,340,513,298,2911,1540,616,0.8142723441123962,-6.65601398571119,-12.22448676344558,5.56847277773439,71.54603576660156
-60.71297534544941,-2.6898928288853923,309,498,281,2990,1337,578,0.828187108039856,-8.205016605983355,-13.454226054595292,5.249209448611937,7.561498165130615
-60.363306121105886,-2.7273974919973822,240,430,238,2766,1333,548,0.8415446281433105,-8.069483275451327,-14.100126459964361,6.030643184513034,192.748749
-59.858228352609686,-3.5787758025216587,384,548.5,351,2986,1637.5,712,0.7896314263343811,-8.75047990564266,-16.085497624365026,7.335017718722366,229.357986
-59.9087585873414,-3.8089690940772862,364,556,341,3014,1587,661,0.796721339225769,-8.124554553130594,-15.39483542473998,7.270280871609387,168.90505981445312
-60.6918649362726,-3.5787758025216587,278.5,452,228.5,3109.5,1609,678,0.8630916476249695,-7.222173613899877,-14.15888318779183,6.936709573891952,29.582361221313477
-60.40148452068097,-2.594671408768723,244,422,273,2672,1319,572,0.8146010041236877,-8.312135710909693,-13.965011224625712,5.652875513716019,74.06900024414062
-60.83155296295318,-3.615382150349529,360.5,498.5,318,3058,1593,687.5,0.8116113543510437,-6.359236247145808,-12.698030177514163,6.338793930368355,17.88358497619629
-60.22631304027766,-4.028831759865539,261.5,437,253.5,2709,1424,568.5,0.8288607597351074,-7.274157957682707,-14.523628400341424,7.249470442658717,148.435226
-59.89955085567918,-2.348533020919974,308,506,287,3038,1562,640,0.827368438243866,-6.107239585669887,-10.194485924391113,4.087246338721227,228.318634
-60.07494691490352,-2.9858877150027747,1564,2393,3473,4023,5672,4117,0.07337246835231781,-12.953252402969149,-20.395306778946587,7.442054375977438,0
-60.2386648754343,-3.926423817475914,316,504.5,309.5,2954.5,1547.5,621,0.8103553652763367,-8.544768671289726,-15.950952099449658,7.406183428159933,73.753418
-60.373861325694286,-3.6569292322400573,341.5,546.5,341.5,3010.5,1621,696,0.796241044998169,-7.29550837139239,-15.30263133731616,8.00712296592377,4.798047065734863
-60.22766051320384,-2.3608848560766176,317,458,269,2652,1428,578,0.8158165216445923,-8.634142387883808,-15.317725081294803,6.683582693410996,184.391235
-60.68355551989449,-3.682980375479523,276,392,227,2628,1433,580,0.8409807085990906,-8.810888939579888,-14.306866849421125,5.495977909841237,140.600113
-59.98219586181818,-2.471153057202289,312.5,509.5,277,2793.5,1513.5,615.5,0.8195733428001404,-8.516268519890772,-14.66022224449125,6.143953724600477,240.742081
-59.92784778712895,-2.7574910540153863,319.5,499.5,294,2990.5,1524.5,627,0.8209773302078247,-8.764485800236177,-14.164625326395775,5.400139526159599,156.602875
-60.50681198774398,-2.6328498083438028,316,462,292,2765,1427,582,0.8089630603790283,-6.40426871935842,-13.534960247272195,7.1306915279137755,207.7938995361328
-59.67878987460681,-2.978252035087759,294,529,302,3143,1593,630,0.8246734142303467,-6.7948117695654044,-13.18521198736434,6.390400217798936,131.748444
-60.47537095279979,-2.5225816072181315,290,481,264,2679,1345,580,0.8205912113189697,-10.411283663285204,-16.26169404551845,5.850410382233246,119.39291381835938
-60.40507778181744,-4.018725712919195,230.5,431,251.5,2673.5,1269.5,495.5,0.8280341625213623,-8.285029332361617,-14.073261793271083,5.788232460909466,110.735649
-60.25887696932699,-2.978476613908789,301,487,279,2717,1396,559,0.8137516975402832,-8.458776157096667,-14.762986436910559,6.304210279813892,46.006866455078125
-60.26583891277892,-4.0454505926217506,288,463,273.5,2676.5,1514.5,624,0.814576268196106,-8.067192337942314,-13.45846455687438,5.391272218932066,87.880028
-59.931216469444394,-2.4772166853700957,311,470.5,270,2758.5,1385.5,560,0.8216938972473145,-8.99484171795058,-15.097788443818574,6.102946725867994,173.719208
-60.29930115711237,-2.5070856685670697,276,453.5,296,2651.5,1505,620,0.7991518378257751,-10.411882729509951,-14.123030462048442,3.7111477325384907,184.33609008789062
-59.47936388153227,-3.1172663253052546,396,591.5,439.5,3838,2268.5,1060,0.7945061326026917,-8.33470215830279,-15.430716417202534,7.096014258899745,26.69605827331543
-59.39132898368856,-3.1172663253052546,383,628,406,3322,2143,957,0.7821888327598572,-7.931783487073551,-13.861798385433769,5.930014898360218,0
-60.666712108317256,-3.6582767051662364,281,418,245,2554,1350,572,0.8249374628067017,-9.283625771192199,-16.447511207784984,7.1638854365927855,78.138786
-59.8854023899543,-3.2699799236055735,458,631.5,459.5,2345.5,1616.5,852,0.6723707914352417,-6.71659045910154,-13.772240470840309,7.055650011738769,23.156883239746094
-60.869282204886204,-2.9762308256984897,294,477,282,2862,1487,605,0.8206107020378113,-6.7723667279649895,-13.049276166039743,6.276909438074753,66.68709564208984
-60.01655642143575,-2.4116396696293707,321,479,292,3156,1421,568,0.8306264281272888,-8.39893371151106,-14.869608426005204,6.4706747144941446,190.211548
-60.328720982667285,-2.495182991052486,233,383,231,2429,1402,567,0.8263157606124878,-9.047011635963836,-14.460961550289307,5.413949914325471,164.043137
-60.366225645779274,-3.2634671377957067,447,617,484,1923,1100,611,0.5978396534919739,-9.29208680624315,-15.757069519151345,6.464982712908196,0
-60.00330627099498,-2.343143129215257,309,522,283,3295,1519,597,0.8418110609054565,-9.305830979237514,-14.892418111723352,5.586587132485837,76.501518
-59.812414273119586,-2.648794904636924,396,549,335.5,2927,1566.5,663,0.7943295240402222,-8.815283066201228,-14.75424618929262,5.938963123091392,261.316467
-59.853961355010114,-3.4689567590380475,525,774,689,3262,2854,1461,0.6512275338172913,-10.28496579647136,-15.765109993644097,5.480144197172738,0
-60.831328384132156,-2.9618577811525775,905,1070,1105,2698,2758,1946,0.41887983679771423,-10.738939875806382,-15.362917284883732,4.62397740907735,0.19453099370002747
-60.301097787680604,-2.8282333826397985,289.5,430.5,263,2875,1447.5,585,0.8323773145675659,-12.696006654151617,-19.091145662682592,6.395139008530975,241.198654
-60.643805068572206,-3.8536602794622326,252.5,398.5,248.5,2554,1330.5,538.5,0.822658360004425,-8.850881654342892,-15.062987884182222,6.21210622983933,148.756683
-59.86766066309294,-2.800834766474153,339.5,574.5,301,3074.5,1576.5,630,0.8216560482978821,-8.43594522297581,-13.050419889744242,4.614474666768432,132.135452
-60.29615705361795,-3.8107657246455253,336,502,289,3068,1570,626,0.8278224468231201,-7.652799852049873,-13.591984542469145,5.939184690419272,229.890701
-60.55352438251819,-3.8332236067485135,214,354,193,2414,1307,525,0.8519371151924133,-8.773817315738752,-14.389299792584856,5.615482476846104,182.961899
-60.33433545319303,-2.932662534418693,329,483,305.5,2962,1497,635.5,0.8130068778991699,-10.043311115459455,-14.994238141208399,4.950927025748944,490.722626
-59.59861523549914,-2.6609221609725378,426,605,375,3021,1640,705,0.7791519165039062,-7.411381970514746,-13.912390205237227,6.50100823472248,135.919846
-60.12547714963524,-3.871177427502563,350,505,297,2763,1510,634,0.8058823347091675,-8.19532903082301,-14.000888456805523,5.805559425982514,22.88387107849121
-59.45443563239796,-2.691015722990542,369,553,336,3130,1588,641,0.8061165809631348,-9.308669924663636,-12.821755722919564,3.5130857982559274,231.295242
-59.85935124671483,-3.9699921087557106,332,514.5,283,3284.5,1658,684.5,0.841345489025116,-8.868839103449224,-15.83060561899706,6.961766515547836,93.891823
-60.38643773967196,-3.6452511335465037,257,446,263,3010,1408,569,0.8392911553382874,-7.577465681265499,-13.22819263584969,5.65072695458419,256.651825
-59.75873993489345,-3.1006474925490437,676.5,1000.5,893.5,3604.5,3056,1772.5,0.6027123332023621,-8.617473258184784,-14.328192980471176,5.710719722286392,1.1294300556182861
-60.99908876344148,-2.989256397318223,273,434,233,2726,1386,564,0.8425143361091614,-8.96457110860162,-15.244259307353513,6.279688198751893,88.1755142211914
-60.90656228917717,-3.116817167663195,273.5,438.5,238.5,2935.5,1377,556,0.8497164249420166,-9.210618118564975,-15.59773022990595,6.387112111340976,233.495224
-60.07247654787219,-2.5243782377863706,244,409,236,2768,1381,552,0.842876136302948,-8.647081239242926,-15.395302467808802,6.7482212285658765,160.885712
-60.2777415902935,-2.5021449345044124,239.5,428,236.5,2749.5,1394,534.5,0.8415940999984741,-7.627715881215762,-14.17305338719266,6.545337505976898,818.797424
-59.97164065722977,-3.8273845574017367,329,468,304,2813,1581,682,0.8049406409263611,-7.674884145030463,-13.603301984574806,5.928417839544343,169.677612
-60.841883588720556,-2.7309907531338604,295,428,260,2472,1331,536,0.8096632361412048,-7.554141103716061,-14.106366691453104,6.552225587737043,224.095016
-59.34865900769289,-3.1080585936430296,339,561,285,3845,1642,621,0.861985445022583,-7.5776564766044805,-13.377471317953031,5.79981484134855,45.33387756347656
-60.057878924505246,-2.872699989203715,297.5,543,291.5,3366.5,1626.5,656.5,0.8406233191490173,-9.717468440025238,-16.01841238810897,6.300943948083733,89.496117
-60.01453521204648,-2.5021449345044124,334,517,302,2786,1474,614.5,0.8044041395187378,-5.744977341455696,-12.33968590695136,6.594708565495663,23.26651382446289
-60.31210214991107,-2.910653809957765,319,494,306,2941,1525.5,600,0.8115183115005493,-5.655523345924456,-12.350021754125324,6.694498408200868,163.893097
-60.03834056707565,-3.966848005261292,352,542,314,3137,1670,709,0.8180237412452698,-7.526005865398738,-13.146715865987433,5.620710000588695,106.360397
-60.151752871695734,-2.617129290871711,306,455,292,2664,1492,608,0.8024356961250305,-6.703698596465171,-13.38097950462593,6.67728090816076,194.449646
-59.97388644544007,-2.8035297123265117,313,517,312,3170,1617,686,0.8207926750183105,-8.544267386319817,-15.360069073239352,6.815801686919535,33.464622497558594
-59.793998809795134,-2.5486327504575974,418,589.5,328.5,3854.5,1859.5,749,0.8429356813430786,-7.750692401992412,-15.3919138333892,7.641221431396788,121.787468
-59.90067374978433,-2.9975658136963284,309,518,305,2993,1651,711.5,0.8150393962860107,-7.853215891138405,-13.351255635488506,5.498039744350101,162.793045
-60.166575073883706,-2.6952827205901095,292,426.5,249,2696,1374.5,540.5,0.8308998346328735,-8.029667471029258,-13.651173679951894,5.621506208922636,126.31544494628906
-60.196668635901716,-4.002780616626073,293,466,280,2807,1412,590,0.8185940980911255,-8.919657278118194,-14.905110748041167,5.985453469922973,123.572853
-60.42528987571013,-3.471202547248346,296.5,489,248.5,3188,1499,584,0.855376124382019,-8.52513688638033,-14.019778513704894,5.4946416273245635,42.66331481933594
-60.59260109737739,-2.7494062164583104,294.5,485,280.5,3562,1433.5,598,0.8540012836456299,-7.694249744031881,-14.05043718119152,6.3561874371596385,158.010635
-59.7787274499651,-3.6414332935889955,291,473,253,2922,1578,612,0.8406299352645874,-7.974219650755004,-15.214609836178605,7.240390185423601,114.4234848022461
-60.92340570075441,-2.8329495378814262,271,455.5,248.5,2950,1470,595.5,0.8446146845817566,-8.711676141304562,-14.127653122930868,5.415976981626306,106.884521
-60.9218336490072,-3.523978570190368,322.5,501.5,306,3611.5,1508,619.5,0.8437778949737549,-7.859434612714976,-13.246641803337251,5.387207190622275,85.499329
-60.43090434623588,-2.8614710481522208,239,411,249,2477,1339,571,0.8173147439956665,-10.539737209876359,-17.29341876108018,6.753681551203821,174.745834
-59.804329435562515,-2.7705166256351195,368,563,332,3092,1701,715,0.8060747385025024,-8.77705957044652,-15.479374078970277,6.702314508523758,124.978409
-59.66172188420854,-3.4386386181990134,337,502,281,3122,1622,654,0.8348516225814819,-6.294645593969616,-14.923461422682575,8.628815828712959,90.85919952392578
-59.868334399556026,-2.760185999867745,362,544,328.5,2854,1684.5,714,0.7935585379600525,-8.364651902232637,-14.03853501142068,5.6738831091880435,183.005066
-60.946537319320484,-2.9205352780830793,278.5,461,260.5,2858.5,1406.5,554,0.8329592943191528,-7.890952878104631,-12.835227778160728,4.944274900056097,120.531822
-59.84834688448437,-2.761982630435984,312,517,328,2835,1596,689,0.7926019430160522,-7.835202799464498,-14.424056819770062,6.588854020305564,77.824921
-60.4032811512492,-3.4950079022775133,298,511,272,3169,1635,641,0.8419064283370972,-9.592868846165674,-15.108990849356145,5.516122003190471,3.2800559997558594
-60.15220202933779,-2.5378529670481633,247,378,211.5,2707.5,1287,496,0.8550873398780823,-8.196595589606972,-14.63608629607091,6.439490706463939,29.94721221923828
-59.58918292501588,-3.210915693674715,405,595.5,411.5,3282,1815.5,850.5,0.7771761417388916,-8.541800222773997,-14.976801664284604,6.435001441510607,39.355899810791016
-60.4122643040904,-2.7664742068565813,275.5,439.5,242,2855,1323,519.5,0.8437197208404541,-6.795822306769676,-12.878152319376113,6.0823300126064375,101.233383
-60.62763539345805,-3.8179522469184817,293,443,278,2567,1435,634,0.8045694231987,-8.41432419745354,-13.42779030846595,5.013466111012409,137.203064
-59.59816607785708,-3.0355196344503783,294,528,287,3138,1557,615,0.8324087858200073,-6.271539208708072,-14.234556988407398,7.963017779699326,138.214081
-60.51781634997444,-3.4577278179865534,548,813,1082,2854,3141,1827,0.4502032399177551,-7.877210432996979,-15.134471673446868,7.257261240449888,0
-59.94828445984267,-2.578277154833542,352.5,543,313,2966,1482.5,618,0.8090881109237671,-9.054931466094892,-15.580560733181395,6.525629267086503,171.176514
-59.68575181805873,-3.018676222873137,352,556,329,3144,1665,708,0.8105384111404419,-6.022952290474921,-12.429161485474525,6.4062091949996045,103.833412
-60.07045533848292,-2.7512028470265495,299,470,263,3091,1708,729,0.8431723117828369,-8.306717009471178,-15.031819334640923,6.725102325169745,97.440598
-60.53129107923623,-2.782643881970733,279,441,244,3367,1622,656,0.8648573756217957,-4.707895786242401,-12.20407794009073,7.49618215384833,0.006794999819248915
-60.80325603150342,-3.7716890097863263,269,427.5,243.5,2931.5,1350,551.5,0.8466141819953918,-8.87983212560173,-15.448135623149676,6.568303497547946,177.935532
-59.33967585485169,-3.059998725942635,347,579,306,3519,1826,722,0.8399999737739563,-8.056372463355968,-13.856112108894724,5.7997396455387555,0.2674970030784607
-60.29301295012353,-3.9434918078741847,279,458,267,2811,1495,607,0.8265107274055481,-9.06529292711985,-16.85953153837515,7.794238611255301,125.619652
-59.944466619885155,-2.6261124437129064,359.5,558.5,300,3211.5,1514.5,622.5,0.8291328549385071,-10.956966561829088,-17.421388721066158,6.4644221592370705,581.014221
-60.96630025557111,-2.877640723266372,278.5,469.5,256.5,3045,1515,632,0.8446160554885864,-7.3075249619230265,-14.099604850898064,6.792079888975038,69.75313568115234
-60.55554559190746,-3.572936753174882,318,501,309,2538,1718,802,0.7829294204711914,-9.770007784632519,-14.790130645662947,5.020122861030428,119.080292
-59.82656273884447,-2.7307661743128304,509,764,614,3721,3027,1617,0.7167243361473083,-6.669924747493777,-14.593437316862028,7.923512569368251,2.2260050773620605
-60.02800994130827,-3.8285074515068858,381,594,359,2889,1662,691,0.7789409160614014,-7.744600073905042,-13.902283787772905,6.157683713867863,102.108383
-60.324004827425654,-3.954271591283619,242,443,246,3124,1535,584,0.8540059328079224,-8.22649085866345,-14.291733275837597,6.065242417174147,85.129082
-59.75065509733637,-3.5477839252195356,404,593,384,2739,1704,749,0.7540826201438904,-8.947757289891577,-14.824011240806884,5.8762539509153076,327.812622
-60.04013719764389,-3.7168917774550354,349,494.5,339.5,2790,1622,677,0.7830324172973633,-8.191973261698578,-15.002584153558725,6.810610891860147,64.95722961425781
-60.63684312512028,-3.8547831735673816,252,399,233,2594,1349,566,0.8351609706878662,-8.080865852991725,-14.233071382107338,6.152205529115614,78.55170440673828
-59.55414862893522,-2.7453637976797727,392,585,352,3039,1705,698,0.7923915982246399,-8.271365460143267,-13.135047736289787,4.86368227614652,150.870163
-60.15197745051677,-3.3528495085655994,632.5,984.5,694.5,3826.5,2494,1347.5,0.6927670836448669,-7.710837120844833,-14.693414290892006,6.982577170047173,2.8152449131011963
-59.65857778071412,-2.917615753409691,371.5,541,329.5,2933,1568,655,0.7980076670646667,-9.137726115228782,-16.343958212897608,7.206232097668826,226.238998
-59.92133500131908,-2.7482833223531613,315,500,284,2891,1496,606,0.8211023807525635,-9.622906104713305,-15.852929270190382,6.230023165477077,274.237671
-60.65930100722326,-3.001832811295896,253.5,444.5,247.5,2848,1396,560,0.8400904536247253,-8.144169348821741,-13.562917771286106,5.418748422464365,6.914083003997803
-59.966250765525054,-3.6659123850812523,408,586,363,3004,1727,764,0.7843778133392334,-6.725893759338071,-13.778185521941207,7.0522917626031365,29.20812225341797
-59.41333770814949,-2.7689445738879104,356.5,534,315.5,2990.5,1615,666,0.8091349005699158,-9.459906675871984,-15.749688653756683,6.289781977884699,271.916382
-59.69159086740551,-2.906162233537167,383,561.5,337,2966.5,1652,681.5,0.7959739565849304,-8.86112023300872,-14.42782227648813,5.56670204347941,284.305328
-60.00150964042675,-2.906611391179227,287,458,282.5,2968,1524,594,0.8261805772781372,-10.063647824843432,-16.313151965871064,6.249504141027632,281.009888
-59.403231661203144,-2.7500799529214004,333,529.5,306.5,3440,1678.5,705.5,0.8363806009292603,-6.645236882610652,-12.794371998136583,6.149135115525931,113.005302
-60.77361162712747,-2.970391776351713,248.5,440.5,248.5,2831,1454,579.5,0.8386101722717285,-6.8686320315141955,-13.142688145338859,6.274056113824663,109.02434539794922
-60.25730491757978,-3.6957813682782263,339,475,272,2964.5,1579.857142857143,626,0.8319171667098999,-7.699824799569768,-13.58968443338479,5.889859633815021,133.254684
-59.33653175135727,-3.3638538707960635,670,895,1070,2481,4022,2592,0.39735284447669983,-12.245584498304765,-15.950959104845467,3.705374606540701,0
-60.02913283541342,-4.010640875362119,321,460.5,319.5,2570,1526.5,629.5,0.778854489326477,-9.563169582347605,-14.161338053221717,4.598168470874112,149.370346
-60.85176505684587,-3.086948184466221,272,470.5,277,2932.5,1541.5,619.5,0.8273874521255493,-6.87356277887048,-12.518133143363332,5.644570364492853,133.825516
-59.99522143343791,-3.400684797444964,377,545.5,343.5,3121,1922,867.5,0.8017029762268066,-8.256266741262749,-14.651747567700273,6.395480826437524,59.013946533203125
-59.94581409281134,-2.3723383759491417,317,479,258,2623,1545,647,0.8208954930305481,-9.731397981968888,-15.879829534702095,6.148431552733207,220.915039
-60.5768805799053,-2.4886702052426193,222,385,222,2541,1240,486,0.8393051028251648,-7.941713594460012,-14.382235281406771,6.440521686946759,71.69437408447266
-60.35072970712821,-2.912225861704974,261,410,239,2719,1302,516,0.8384042978286743,-9.319964894148601,-14.659474314187102,5.339509420038501,218.956909
-60.56250753535939,-3.4723254413534956,304,471,268,2978,1382,641,0.8348736763000488,-9.776760505151147,-14.071743576268002,4.294983071116855,118.89590089282227
-59.97747970657655,-3.0968296525915355,328,488.5,282,3082.5,1589.5,652.5,0.8323673605918884,-8.98175951282494,-15.45651599527687,6.47475648245193,77.723297
-60.99033018942131,-3.2643654530798263,402,602.5,424,2669.5,2034,1016,0.7258768677711487,-9.491869901741005,-15.430942280748756,5.939072379007751,2.4577291011810303
-60.00106048278469,-2.4738480030546475,338,522,300,2570,1346,601,0.7909407615661621,-13.893039360786688,-18.875718657193914,4.982679296407227,259.420319
-60.02419210135076,-2.8886450854968366,267.5,479,256.5,3333,1655,667,0.8570831418037415,-6.0549854038702025,-11.901646800468306,5.846661396598104,65.775421
-59.55257657718801,-2.549755644562747,369.5,561,321.5,2988.5,1601,656.5,0.8057401776313782,-10.712919545640833,-15.470638768690366,4.757719223049532,240.336624
-60.02868367777136,-3.7564176499562945,338.5,471,278.5,3099,1647,669,0.8350850939750671,-7.709484592315174,-13.06930179306547,5.359817200750297,176.493332
-59.5366314808949,-3.0743717704885474,282,479,272,2979,1518,597,0.8326668739318848,-6.069824308420587,-13.385016067774774,7.315191759354187,145.644653
-60.44527739078179,-3.629081458432352,270,444.5,252,3000.5,1591,629.5,0.8450422883033752,-7.373700832551178,-12.122648234494044,4.748947401942866,64.07001495361328
-59.49598271428849,-2.9825190326873265,353.5,613,357.5,3336.5,1939.5,866,0.8064428567886353,-9.324648770797301,-15.945832585767885,6.621183814970584,0.5303850173950195
-60.14905792584338,-2.400859886219936,270,405,243,2673,1294,519,0.8333333134651184,-12.467774270990354,-16.977524527971514,4.50975025698116,85.865067
-60.19374911122832,-2.65665516337297,277,429.5,260,2884,1359,559,0.8346055746078491,-8.949696385684701,-15.7148723618901,6.7651759762053985,127.10260009765625
-60.2777415902935,-3.5583391298079396,275,459,238,3161,1550,597,0.859958827495575,-7.669065913684663,-14.818059798466441,7.148993884781778,112.798477
-59.77648166175481,-2.8958316077697925,374,553.5,311,3060,1598.5,666.5,0.8154850006103516,-6.432187225934195,-13.875691683472187,7.443504457537992,34.258621
-59.706188490772455,-3.844677126621037,304.5,492.5,295.5,2887.5,1603.5,654,0.8143261075019836,-7.588352187158507,-13.449880286514748,5.861528099356241,137.186127
-60.889718877599925,-3.0795370833722346,277,482.5,240.5,3081,1534.5,622.5,0.8551859259605408,-8.856640979755452,-16.421483696988943,7.564842717233491,178.155197
-60.133561987192316,-2.3343845551950917,275.5,426.5,237,2707.5,1418,558,0.8390219211578369,-9.241697349307053,-15.631531969340692,6.389834620033639,219.262268
-59.8072489602359,-2.69438440530599,589,836,866,2897,3236,1884,0.5397289395332336,-11.382824242637543,-16.966512507115922,5.583688264478379,0.00041099998634308577
-59.73089216108574,-2.7761310961608663,373,552,313,2999,1550,680,0.8109903335571289,-9.000754907651757,-15.083785918420604,6.083031010768847,105.849533
-60.363755278747945,-3.7236291420859318,284,475,309,2831,1733,732,0.8031846880912781,-8.084493620368802,-13.622325917433031,5.537832297064229,7.1338911056518555
-60.54499038731906,-3.8785885285965493,266,439,228,3018,1375,534,0.8595194220542908,-7.261226990003969,-13.541920339546575,6.280693349542606,216.196304
-60.10908289570006,-3.007896439463703,288.5,465,264.5,3254,1644.5,633.5,0.8496518135070801,-7.565736579192438,-14.139282309475094,6.573545730282656,54.858673095703125
-59.423668333916865,-2.9144716499152725,276,470,258,3280,1611,680,0.8541548848152161,-7.060213214526142,-13.844973593304776,6.784760378778634,208.290421
-60.22114772739397,-3.6863490577949714,371.5,529,289.5,3266,1571.142857142857,604.5,0.8371537327766418,-9.573738391597967,-15.522698940575797,5.94896054897783,81.8758544921875
-60.0890953806284,-2.4534113303409284,361,488,315,2610,1400,573,0.7846153974533081,-11.797757695265494,-17.72087899007131,5.923121294805815,139.813354
-59.89663133100579,-2.8399114813333526,382.5,583.5,354,3293.5,1741.5,754,0.8058944344520569,-11.536812105810787,-16.01604178092376,4.479229675112974,74.321518
-60.59057988798812,-3.6944338953520472,384,615,523,2755,2474,1404,0.6809030175209045,-9.694840359751419,-14.531186368946214,4.836346009194795,0
-59.44904574069324,-3.4624439732281806,364,562,325,3257.5,1687,694.5,0.8185624480247498,-7.8456905176250995,-13.650725171579264,5.805034653954165,138.754215
-59.868783557198086,-3.40809589853895,426,638,456,3089,2011,970,0.7427362203598022,-6.418687533426516,-13.57803986614691,7.159352332720394,163.389313
-60.35499670472778,-3.919911031666047,312,501,310,2983,1609,669,0.8117218613624573,-7.403695816879983,-13.286870178108629,5.883174361228646,184.559906
-60.009594477983825,-3.606623576329364,354,487,304,2909,1507,621,0.810768723487854,-7.540650911592542,-13.457881269917664,5.917230358325122,264.826385
-59.71898948357116,-3.912724509393091,331.5,396.5,270.5,1785,1171,519,0.7368037104606628,-10.95070599924912,-14.822071044654505,3.871365045405385,134.744904
-60.83671827583687,-3.679611693164075,312.5,514.5,271.5,3282,1612.5,666.5,0.8471928834915161,-8.250111381655827,-14.242097924806728,5.991986543150901,137.440613
-60.36442901521103,-3.7431674995155313,266.5,463.5,275,2643,1907,856,0.8115147352218628,-9.716615031453923,-13.675991696873853,3.9593766654199296,134.310883
-60.100099742858866,-2.7738853079505676,288,475,278,2699,1525,638,0.813234806060791,-7.33317856617041,-14.520747896083101,7.187569329912691,229.933929
-60.12323136142494,-3.861969695840338,313,482,282,2737,1501,609,0.8131831884384155,-8.680336291017731,-14.007270321548862,5.326934030531131,221.305389
-60.127947516666566,-2.7276220708184122,246,425,226,2561,1351,544,0.837818443775177,-11.403993104097436,-16.835602904697694,5.431609800600258,154.84848022460938
-60.10975663216315,-2.711676974525291,240,416,234,2686,1444,593,0.8397260308265686,-8.696537987482438,-14.710026247883025,6.013488260400587,235.984985
-59.53056785272709,-2.865288888109729,294.5,493,328,2675.5,1592,679.5,0.7815881371498108,-8.060483689544322,-12.385347432443917,4.324863742899595,132.579742
-60.19082958655493,-2.6332989659858623,300.5,445.5,270,2607,1393.5,574,0.8123044967651367,-7.962182942221583,-13.76178788882238,5.799604946600796,95.826393
-59.80298196263633,-2.9144716499152725,297,509,312,3154,1587,663,0.8199653625488281,-5.189919218874284,-12.290610406101976,7.100691187227692,116.10877990722656
-60.319962408647115,-3.945063859621394,308,482.5,276,2867.5,1543,630,0.8243995308876038,-9.14621570914324,-14.064937135620603,4.918721426477363,127.082848
-60.57171526702162,-3.608869364539663,468,564,570,1924,2362,1388,0.542902946472168,-8.042331632447425,-16.187309436979366,8.14497780453194,85.42214965820312
-59.42277001863275,-2.7833176184338226,366,543,331,3086,1664,708,0.8062627911567688,-4.949655224315112,-11.10342215845261,6.153766934137497,152.698685
-59.47936388153227,-2.934459164986932,340,583,345.5,3509.5,1839.5,766.5,0.8207522630691528,-8.870194435590617,-16.053395012463096,7.183200576872478,70.488457
-60.00936989916279,-3.3793498094471253,375,564,340.5,3489.5,1753,747,0.8221932053565979,-8.237355810842663,-13.984968426264587,5.747612615421923,23.946348190307617
-60.09089201119664,-2.9681459881414143,272,471,252,3174,1491,599,0.8528896570205688,-7.4964165546380235,-14.360767747864076,6.864351193226052,68.40719604492188
-60.07023075966189,-3.5603603391972087,401,608,335.5,3244,1867,790,0.8125436305999756,-8.205888854220444,-12.90136898058952,4.695480126369077,14.781034469604492
-60.71162787252323,-2.491589729916008,246,419,245,2615,1455,595,0.8286713361740112,-8.494657202486827,-13.346653469634626,4.851996267147799,147.742508
-59.83038057880198,-3.7876341060794476,343.5,573,313.5,3375.5,1747.5,680,0.8300352692604065,-6.352565243583844,-13.661367600185194,7.30880235660135,129.836014
-60.14187140357042,-3.020697432262406,292.5,442.5,265,2990.5,1580,630,0.8371986150741577,-8.902098510003709,-15.930287357929789,7.02818884792608,102.55620574951172
-60.31434793812137,-3.578102066058569,325.5,617,322.5,3606.5,1847.5,771.5,0.8358361124992371,-7.412086963084128,-13.399341933060214,5.987254969976085,0.6692169904708862
-60.15512155401119,-2.5488573292786274,255,407.5,240,2543,1413,597.5,0.8275242447853088,-8.449372790797923,-13.534619964975343,5.08524717417742,170.6161575
-60.56026174714909,-3.7997613624150612,234,399,238,2235,1262,503,0.8075212240219116,-8.85521502386887,-15.108805138413643,6.253590114544773,30.3167667388916
-60.08505296184986,-2.8989757112642107,306,466,252,2957,1494,614,0.8429417014122009,-7.616194335434843,-13.90980974931271,6.293615413877868,113.35293579101562
-60.518265507616505,-3.8801605803437584,259,384,227,2479,1337,552,0.8322246670722961,-7.718457879490903,-13.934726673023548,6.216268793532644,163.694061
-60.01386147558339,-3.4878213800045574,441,636,513,2805,2141,1153,0.690777599811554,-6.199834687259602,-12.44152450114013,6.2416898138805275,518.458313
-59.84902062094746,-3.800659677699181,356,551,350,3245,1878.5,772.5,0.8052850961685181,-8.308700772805551,-14.353123897051901,6.04442312424635,97.767616
-59.316993393927675,-3.391252486961709,425,629,458,2988,2227,1059,0.7341845631599426,-8.746159554263526,-13.37459544418527,4.628435889921743,3.2570810317993164
-60.90117239747245,-3.4552574509552247,355,538,330,2773,1643,729,0.7873026132583618,-7.916373538877721,-13.968504304484423,6.052130765606702,6.467461109161377
-59.94222083167486,-3.7371038713477245,344,543,328,3003,1603,698,0.8030621409416199,-8.101541408026453,-13.831983775168514,5.730442367142061,194.701767
-60.9932497140947,-3.01283717352636,300,454,264,2887,1569,639,0.8324341773986816,-8.29067828719543,-13.918535443969663,5.627857156774233,33.069580078125
-59.510580337655426,-2.695731878232169,359,567.5,348,3130.5,1797.5,742,0.799913763999939,-8.455128536090843,-13.056708774087129,4.601580237996286,163.483154
-59.985564544133624,-3.863541747587547,346,533.5,345.5,2974.5,1741.5,746,0.7918674945831299,-9.081644340284678,-14.626269273971623,5.544624933686945,51.4194450378418
-60.31659372633167,-3.730366506716828,294,496.5,270.5,3203,1707.5,695,0.8442493081092834,-7.9723670811291925,-13.7403109095387,5.767943828409507,133.984802
-59.99252648758555,-3.668831909754641,367.5,559,330,3014,1735,726,0.8026315569877625,-9.652960176026895,-15.583737893700487,5.9307777176735925,101.134048
-60.11132868391036,-3.1828433410459795,297.5,521.5,265.5,3480.5,1584,632,0.858248770236969,-7.814576518644408,-13.546759545270461,5.732183026626053,115.084053
-60.21396120512102,-3.261445928406438,605,866,928,3326,3065,1772,0.5637047290802002,-13.141458793319158,-18.92753008776735,5.786071294448194,0.41732901334762573
-59.80545232966766,-3.3506037203553003,417,727,452,3713,2443,1142,0.7829532027244568,-7.731493568884931,-15.35764044507279,7.626146876187859,0.06390400230884552
-59.74369315388444,-2.8378902719440835,314,458.5,298.5,2484.5,1414.5,622.5,0.7854833006858826,-10.35652396945089,-15.742723062751313,5.386199093300423,132.58255004882812
-60.471328534021254,-2.801508502937243,258,471.5,227.5,3316,1643.5,642.5,0.8715958595275879,-6.703616800108873,-13.484387494094566,6.780770693985693,60.804691
-59.849918936231575,-2.3734612700542908,302,474,266,3049,1411,568,0.83951735496521,-7.87908360241611,-13.51769066911416,5.638607066698049,41.07927322387695
-60.15601986929531,-2.9560187318058007,285.5,485.5,330,2807,1717,723,0.7896078824996948,-8.821221014317596,-14.45745036551674,5.636229351199145,29.885316848754883
-59.55257657718801,-2.9411965296178284,371,595,323,3096,1625,694,0.8110558390617371,-8.23422469248855,-14.706667016567556,6.472442324079006,196.355515
-59.916169688435396,-3.578326644879599,316,458.5,295.5,2370.5,1556,714,0.7783195972442627,-13.626028715451481,-18.089234217577154,4.463205502125673,14.325379371643066
-60.46930732463199,-3.2616705072274677,324,471,354,2496,1792,865,0.7515789270401001,-9.66119005453533,-14.625164844303198,4.963974789767867,24.986352920532227
-59.68036192635402,-2.8060000793578403,371,509,330,2967,1752,788,0.7998180389404297,-8.720673396089001,-16.434140466322983,7.713467070233982,204.647888
-60.20205852760643,-3.9946957790689974,294,482,290,2789.5,1496,604,0.811657726764679,-8.56291028319077,-15.339756989704028,6.776846706513258,226.295135
-59.67250166761797,-3.4667109708277484,369,519,318,3115,1736,705,0.8147392868995667,-7.0539461661305625,-13.070572325142301,6.0166261590117385,43.533749
-60.098976848753715,-3.5017452669084097,362.5,518.5,347,2317.5,1446,703,0.7395383715629578,-8.38620361731838,-12.599733132429279,4.213529515110899,2.5894410610198975
-59.71202754011923,-2.9975658136963284,342,558,342,2964,1693,714,0.7931034564971924,-2.878305808002039,-10.783976344666861,7.905670536664822,94.475182
-60.246749712991374,-2.951527155385203,239,387,239,2608,1343,541,0.832103967666626,-9.370576831288624,-14.599027927992257,5.228451096703633,229.146576
-59.86204619256719,-2.6595746880463587,355,516,291,2949,1621,632,0.8203703761100769,-8.624319925001815,-14.450280074396506,5.825960149394691,120.78931427001953
-60.294135844228684,-3.0909906032447587,301,468,249,3173,1418,548,0.8544710874557495,-8.92382547504745,-15.515011348308862,6.591185873261413,3.1005918979644775
-60.61460982183832,-3.2600984554802586,321,513,286,3459,1703,699,0.8472630381584167,-7.034872784435945,-14.02824767126136,6.993374886825415,91.369499
-60.2492200800227,-3.7622566993030713,556,738,781,2636,3046,1854,0.5428738594055176,-11.292648151911688,-16.105966597453634,4.813318445541945,0.09069400280714035
-60.61573271594347,-3.7647270663344,288,489,312,3116,1726,798,0.8179696798324585,-6.951496119468174,-13.9749060362107,7.0234099167425255,0
-60.51332477355385,-2.560535427972181,258,447,241,2797,1249,482,0.8413429856300354,-7.709056118470611,-13.782540457104444,6.0734843386338335,32.818539
-60.86074820968707,-2.7763556749818963,278,477,250,3215,1500,582,0.8556998372077942,-5.531689768366695,-12.654071455286232,7.122381686919537,117.397011
-60.13221451426614,-3.9821193650913242,348,510.5,323,2452.5,1421,613.5,0.7672491669654846,-10.420896834922171,-15.849507030168706,5.428610195246534,194.045654
-60.43000603095176,-2.7345840142703386,341.5,512,383.5,2363,1581,730.5,0.720735490322113,-8.574176592621024,-13.994326821062831,5.420150228441807,115.42866516113281
-60.68467841399964,-3.0779650316250255,286.5,505.5,283.5,3165,1483.5,612,0.8355807065963745,-8.075543096603786,-14.642424694421582,6.566881597817796,134.9713897705078
-59.96445413495682,-3.447172613398149,648,1050,711,3914,2775,1330,0.6925405263900757,-7.659669552413007,-12.538663672175986,4.878994119762979,0
-60.4904177338088,-2.6310531777755637,317,446,272,2510,1424,591,0.8044572472572327,-7.379199634548597,-14.107975183383939,6.728775548835342,165.739944
-59.96063629499931,-2.4680089537078707,306,445,266,3018,1454,602,0.8380024433135986,-8.645405752378936,-14.406418392639118,5.761012640260182,288.452484
-59.839812889285234,-3.794371470710344,308,474,294,2843,1578,625,0.8125597834587097,-8.550994423196897,-15.186652333102694,6.635657909905797,133.504257
-60.5678974270641,-2.510005193240458,247.5,410.5,242,2474.5,1284,518,0.8218295574188232,-8.122819038433962,-13.623777962281805,5.500958923847843,202.97080993652344
-60.52096045346886,-3.6416578724100255,286,464,262,2857,1518,620,0.8319974541664124,-8.234396644945868,-14.801421715981435,6.567025071035568,215.092148
-60.289644267808086,-3.6284077219692623,338.3333333333333,510,301.5,2820.3333333333335,1552,626.25,0.8068442940711975,-8.900312670590797,-15.33135905894519,6.4310463883543925,122.377151
-60.566999111779985,-2.427584765922492,253.5,425,244.5,2775.5,1399.5,551,0.8380794525146484,-6.512637977872687,-13.43460592087818,6.921967943005494,287.809509
-60.32378024860463,-3.680285429627165,264.5,436,243.5,2596,1413.5,575.5,0.8284909129142761,-9.24097350995303,-13.654343058873057,4.413369548920027,188.773422
-59.5968186049309,-3.0240661145778542,350,518,288,2988,1568,638,0.8241758346557617,-7.905814281081368,-12.54359331972751,4.6377790386461415,224.015961
-60.058328082147305,-2.5207849766498924,264,383,230,2355,1324,527,0.8220502734184265,-9.678100544129189,-17.001040854864055,7.322940310734866,242.965454
-59.90426701092081,-2.748732479995221,307,521,280,3503,1580,604,0.8519693613052368,-7.757988002037965,-14.304866276001212,6.546878273963247,131.89120094506836
-60.421247456931596,-2.801508502937243,221,428,245,2660,1413,558,0.8313252925872803,-7.873023538245343,-12.553309822067495,4.680286283822152,105.732002
-59.7749096100076,-3.37059123542696,433.5,645.5,440.5,2882,2262.5,1188,0.7348382472991943,-9.422494274648813,-15.265718111584823,5.84322383693601,3.845421075820923
-59.92290705306629,-2.427584765922492,308,495,296,2880.5,1451.5,600,0.8136313557624817,-6.865751391910777,-13.864346130287021,6.998594738376244,272.655182
-59.59255160733134,-2.8316020649552467,364,635,319,3601,1828,750,0.8372448682785034,-7.588165006564937,-13.664996625056983,6.0768316184920455,51.247761
-59.877542131218256,-3.720709617412543,327,473,326,2234,1438,621,0.745312511920929,-11.143785872561212,-17.28651131556844,6.142725443007228,19.619335174560547
-59.80590148730972,-3.396193221024366,438,629,494,2387,2686,1603,0.6570635437965393,-7.358728886446018,-15.90377765535493,8.545048768908911,16.697010040283203
-60.429781452130726,-2.7565927387312668,245,474.5,249,3353.5,1611.5,658,0.8617626428604126,-7.962178084823227,-15.86415440644587,7.901976321622643,0
-60.48435410564099,-2.515170506124145,330,475,283,2708,1407,597,0.8107656240463257,-6.066068692037008,-11.440556714007455,5.374488021970447,122.736923
-60.3386024507926,-2.9899301337813124,254,406,240,2630,1440,575,0.8327525854110718,-9.741423684559669,-15.513374865674145,5.771951181114476,192.958267
-59.77603250411275,-3.3317390993887903,367,571,338,3698,2136,934,0.8325074315071106,-6.617593858458127,-13.40203133191386,6.784437473455734,14.300415992736816
-59.75335004318873,-2.970167197530683,355,568,330,3305,1752,705,0.8184319138526917,-5.7733809959138505,-13.63738075966676,7.8639997637529095,62.527199
-60.34983139184409,-3.856130646493561,262,436,255,3037,1551,616,0.8450790047645569,-9.540835307447406,-14.364901691183789,4.824066383736383,72.54401397705078
-59.62421722109655,-2.6011841945785896,369,587,332,3149,1651,690,0.8092502355575562,-7.00543410988312,-13.29192242355135,6.28648831366823,214.924042
-60.22339351560427,-2.6537356386995814,284,445.5,261,2795.5,1279.5,511.5,0.8292164206504822,-5.728800377429008,-12.949977724807715,7.221177347378707,134.262955
-59.8350967340436,-2.9766799833405497,285,514,254,3366,1720,688,0.859668493270874,-8.571164230646724,-12.086162731188338,3.514998500541614,28.093830108642578
-60.33905160843466,-2.7734361503085077,311,500,280,2699,1366,540,0.8120174407958984,-9.47689027708853,-15.776927785586697,6.300037508498166,133.280533
-59.90022459214227,-2.9486076307118143,364,569,314,3369,1800,766,0.8294868469238281,-7.861422275499523,-14.411566800849778,6.550144525350255,1.1250979900360107
-60.247423449454466,-4.056230376031184,245.5,376,230,2400.5,1413.5,577.5,0.8251283168792725,-8.727205922262629,-14.675314783909752,5.948108861647123,178.794312
-60.23709282368709,-4.031975863359958,299.5,498.5,289.5,2922,1444.5,578,0.8197104334831238,-8.923410798575736,-15.15329767798185,6.229886879406115,90.516586
-59.83913915282214,-3.4332487264942966,451.5,651,513,2261,2286.5,1359,0.6301369667053223,-8.535644443759576,-13.856836740396123,5.321192296636546,0.5562899708747864
-59.66172188420854,-2.5052890379988306,370.5,531.5,329.5,2897.5,1644.5,693,0.7957855463027954,-8.83471692984693,-16.69706242416424,7.86234549431731,225.614059
-59.77243924297627,-2.6618204762566573,436,584,383,3135,1750,777,0.7822626233100891,-8.738338947677448,-15.172608623518215,6.434269675840767,257.1509704589844
-59.787036866343215,-3.272450290636902,411,607,380,2849,1841,891,0.7646329998970032,-6.522344242377274,-13.226386087176303,6.704041844799029,34.860531
-60.22429183088839,-3.9962678308162065,265,447,281,2794,1456,605,0.8172357678413391,-9.113253333384009,-14.240266117328703,5.127012783944695,224.2729875
-59.57705566868027,-3.2493186720708245,423,607.5,382.5,3029.5,1701.5,778,0.775791347026825,-9.34313704206729,-16.566492135865975,7.223355093798684,16.060752868652344
-59.94985651158987,-3.439986091125193,377,526,378,2661,1669,767,0.7512339353561401,-7.025774910972878,-12.516137287254256,5.490362376281379,241.246658
-60.383069057356515,-2.5755822089811833,276,444,254,2768,1387,568,0.8318994045257568,-8.71871006014382,-14.005165861064558,5.286455800920738,205.539459
-60.54790991199245,-3.9001480954154175,280,420,251,2787,1419,569,0.8347597122192383,-10.142033062019793,-14.98690165069929,4.844868588679496,52.355560302734375
-60.00420458627911,-3.643903660620324,367,552,330,3004,1690,696,0.8020395636558533,-7.922578718947271,-12.949969747032139,5.0273910280848675,176.814774
-60.82122233718581,-3.63312387721089,307.5,532.5,261,3598,1673.5,656,0.8647317886352539,-5.901067158932269,-13.245368693100552,7.344301534168283,66.381477
-60.18521511602919,-2.6541847963416414,272,435,280,2599,1347,551,0.8054879903793335,-9.784173335234101,-14.795289793031476,5.011116457797375,284.126099
-60.958664575656094,-2.889094243138896,287,482,268,2881,1460,585,0.8297872543334961,-8.081725666701466,-13.691422656744988,5.609696990043522,55.35664749145508
-60.26741096452613,-4.018725712919195,268,418,243,2872,1482,574,0.8439807295799255,-7.09959795976849,-13.811603127278575,6.712005167510085,112.89432525634766
-60.2040797369957,-3.750578600609517,328,488,274,3069,1533,608,0.8360753655433655,-8.112482506524504,-13.81447475476983,5.701992248245325,164.745605
-60.4077727276698,-3.383392228225663,298,473,302,2620,1289,521,0.7932922840118408,-8.560908715685002,-15.818122492507193,7.257213776822191,83.26903533935547
-59.629382533980234,-3.695332210636167,306,533.5,257,3438.5,1662.5,691,0.8609119057655334,-8.966288475472826,-15.314296863388297,6.3480083879154705,6.85649299621582
-59.645776787915416,-2.585463677106498,473,692,491,3672,2536,1174,0.7641124129295349,-8.373201912895965,-14.303678054246731,5.930476141350766,0
-60.115820260330956,-2.43185176352206,340,499.5,312.5,2793.5,1543,666.5,0.7987765669822693,-8.707054840348365,-14.452330742732213,5.745275902383849,129.143097
-59.70147233553082,-2.910204652315705,291,594,334,3020,1661,699,0.8008348345756531,-6.8229684436449105,-12.865583111324785,6.042614667679874,145.092758
-59.869232714840145,-2.9241285392195575,358,563,324,3237,1768,773,0.8180286288261414,-8.864034251063126,-14.696837236074181,5.832802985011055,214.553055
-59.41311312932846,-2.714596499198679,372,546,319,3102,1671,700,0.8135048151016235,-9.936158120502734,-14.99458610396023,5.058427983457497,227.150375
-60.71095413606014,-3.72654866675932,281,394,234.5,2508,1451.5,599,0.8289881348609924,-8.14390174196533,-15.280502149388047,7.136600407422717,22.183109
-60.52118503228989,-3.431901253568117,387,651,389,3093,1573,794,0.7765651941299438,-9.831437827241917,-15.568527804586505,5.7370899773445885,0
-60.01408605440442,-2.607472401567426,409.5,594.5,359,3284,1703.5,706,0.8029096722602844,-8.083007521529005,-16.565544134945448,8.482536613416443,195.316574
-60.399238732470664,-3.4590752909127325,620,836,939,2769.5,2717,1586,0.49359577894210815,-10.084294323599668,-15.217683733170473,5.133389409570805,0
-60.17600738436696,-2.33775323751054,254,485,258,3393,1369,536,0.858668863773346,-7.202979707877253,-13.508971227051813,6.30599151917456,147.064133
-60.32849640384625,-3.1121010124215673,283,461.5,234.5,3201.5,1512.5,595,0.8635040521621704,-7.841150051911477,-14.68484182935532,6.843691777443842,5.286559104919434
-59.772214664155236,-3.525999779579637,359,529,308,3189,1605,606,0.8238490223884583,-8.427173150670919,-15.61130649693029,7.184133346259371,68.879128
-59.92043668603496,-3.8891437331849534,353.5,497,304.5,2773,1619,689.5,0.8021121025085449,-6.9289463944572915,-14.267020793059205,7.338074398601913,24.792972564697266
-59.462745048776064,-3.3970915363084857,409,550,352,3063,1775,769,0.7938506603240967,-7.7174033063755445,-14.100541933475736,6.383138627100191,129.814941
-59.383917882594574,-2.7873600372123604,333.5,519,296.5,3287.5,1706,695,0.8345423936843872,-8.517940914533282,-14.270218239488987,5.752277324955704,351.735229
-60.09201490530179,-2.960734887047428,446,598,511,3261,2399,1210,0.729056179523468,-9.333688639129754,-14.47570849817348,5.142019859043726,31.685192108154297
-60.007573268594555,-3.1487073602494378,674.5,985,797,4589,2993,1804.5,0.7040475010871887,-6.529466524366011,-14.501685347161981,7.97221882279597,0.1831659972667694
-59.385040776699725,-2.78803377367545,334,533,318,2962,1648,691,0.8060975670814514,-6.936465629589794,-12.892729039885765,5.956263410295971,210.976868
-59.38324414613149,-3.365875080185332,381,564,305,3630,1843,782,0.8449809551239014,-7.617246298635512,-15.200325826864486,7.583079528228974,9.753851890563965
-60.45381138598093,-2.9068359700002566,255.5,450,256.5,3016,1453.5,624,0.8432391285896301,-9.07188166156382,-14.490078028810444,5.418196367246624,76.8880844116211
-60.04530251052758,-3.8954319401737902,362,472,307,2615,1513,632,0.7898699641227722,-8.179481535222855,-14.963704771751923,6.784223236529067,138.779099
-60.89623166340979,-3.5033173186556192,394,569,423,3611,1589,752,0.7902826070785522,-7.792303886438502,-11.926661361019615,4.134357474581114,9.373828887939453
-60.8609727885081,-3.052587624848649,308,519,269.5,3526,1657.5,629.5,0.8579897284507751,-8.159118534806822,-13.319788163785224,5.160669628978402,98.385063
-60.25640660229566,-3.1060373842537605,321,518,293,3517,1750,691,0.8461942076683044,-8.217892699046528,-13.32879332364303,5.110900624596502,46.857719
-59.68597639687977,-2.898526553622151,355.5,544,327.5,3077,1686.5,723,0.8076075911521912,-6.689282629719033,-13.026322734628428,6.337040104909395,196.791687
-60.227435934382804,-3.781570477911641,304,484.5,286.5,2749,1444.5,589,0.8112337589263916,-7.746457341808231,-15.055833184639289,7.309375842831058,238.221527
-60.04889577166405,-3.6522130769984296,395,584,341,3265,1669,707,0.8108707666397095,-7.936510696011689,-14.216141221781239,6.27963052576955,181.393005
-60.47020563991611,-3.621670357338366,265,432,258,2681,1456,618,0.8244300484657288,-8.866592289165247,-15.762793161629665,6.8962008724644175,173.1182403564453
-59.843406150421714,-3.954720748925679,366,551,357.5,3076.5,1633,680,0.7917879819869995,-9.481756640583992,-15.739720470968702,6.2579638303847105,121.348541
-59.71112922483511,-3.5547458686714615,394,539,325,2934,1531,630,0.8005523085594177,-7.794227648939273,-15.393297367430145,7.599069718490872,119.545654296875
-60.34354318485526,-2.859225259941922,196.5,372,201.5,2842.5,1326,518,0.8676084280014038,-10.099850655123886,-14.690276537650567,4.590425882526681,70.166122
-60.79606950923046,-3.019349959336227,252,413,236,2887,1345,563,0.8488632440567017,-6.330400977081071,-14.228154354060973,7.897753376979901,131.738388
-59.76233319602992,-2.8468734247852785,372,491,322,2937,1551,666,0.80239337682724,-9.005015089451394,-15.287943288231805,6.282928198780411,264.015594
-60.33613208376127,-3.6369417171683978,355.5,596.5,418.5,3082,2240,1078.5,0.760891318321228,-8.223878281317132,-15.29204318874412,7.068164907426988,0
-60.76687426249658,-3.154097251954155,242.5,414,224,2903,1403.5,565,0.8567317128181458,-5.932181136094838,-10.534776910343883,4.602595774249044,88.893066
-60.49985004429205,-3.8597239076300394,250,377,219,2602,1352,536,0.8447359204292297,-8.40098110520936,-14.40366451368086,6.002683408471501,41.27781295776367
-60.01475979086751,-3.4074221620758602,405,625,339,3408,1933,862,0.8190552592277527,-6.301378941494987,-12.261634170974641,5.960255229479655,0.2625249922275543
-59.71651911653983,-2.8803356691187307,346.5,514,296,3123.5,1586,659,0.8268752694129944,-8.27163364826792,-14.116177457527028,5.8445438092591075,252.9749298095703
-59.65880235953515,-2.501022040399263,385,568.5,357,3222,1706.5,706,0.8005029559135437,-8.039808948352162,-15.184945468669902,7.14513652031774,340.903076
-59.440960903136165,-3.510279262107545,487,703.5,429,3789,2192,969.5,0.7965860366821289,-9.624749670192992,-15.50389552242452,5.879145852231527,0
-60.82279438893302,-2.7518765834896395,280,436,246,2828,1462,593,0.8399479389190674,-8.33373957389166,-14.344190707271471,6.01045113337981,139.575394
-60.40709899120671,-2.760185999867745,259,432,260.5,2726.5,1424,568,0.8255774974822998,-7.497806891036213,-13.127140769934886,5.629333878898674,134.172607
-59.934809730580874,-2.7471604282480118,281.5,476.5,279.5,2677,1532.5,623.5,0.8109250664710999,-10.140071311606052,-15.255683401722349,5.115612090116297,73.9957046508789
-60.61348692773317,-3.12602489932542,378,530,399,2405,1826,902,0.7154065370559692,-8.607845716565553,-14.301377507151699,5.693531790586146,34.624183654785156
-59.78950723337454,-3.646149448830623,314,497,297,2761,1574,641,0.8057553768157959,-7.855257246529207,-13.871794741974078,6.016537495444871,152.959839
-60.88590103764241,-2.8268859097136194,246,430,255,2581,1399,573,0.8201692700386047,-8.300890751689058,-14.172635219696453,5.871744468007394,192.351212
-59.40727407998168,-3.453909978029045,619,819,794,2666,2857,1946,0.5410404801368713,-10.082482141219085,-14.94741162177486,4.864929480555775,13.946146011352539
-60.68625046574685,-3.6562554957769677,271.5,417.5,227.5,2755,1368,558,0.8474434018135071,-8.236275205674223,-13.857239016146945,5.6209638104727215,63.55452346801758
-59.61927648703389,-3.439536933483133,405,515,389,2376,1846,893,0.7186256647109985,-11.02791730610544,-17.60881570305117,6.580898396945731,0.3983980119228363
-60.246300555349315,-2.8080212887471094,241,397.5,240.5,2377.5,1217.5,502,0.816271960735321,-8.182514225885106,-13.197603313927974,5.015089088042869,82.741928
-59.78658770870115,-3.5410465605886388,415.5,641.5,407,3369.5,2088.5,929,0.7844564914703369,-8.416395040051171,-15.124508948263895,6.708113908212724,6.0407209396362305
-59.78074865935437,-2.8533862105951453,406.5,565,351,3060,1668.5,711,0.7941952347755432,-7.518825905602602,-12.985945221496936,5.467119315894333,139.291473
-60.43202724034103,-3.623916145548665,300,463,292,2783,1876,846,0.8100813031196594,-11.0124552844454,-18.016692935530436,7.004237651085036,30.107201
-60.00892074152073,-2.4439790198576734,327.5,463.5,264,2756,1503,612.5,0.8251655697822571,-7.717733119938396,-14.523289607073986,6.80555648713559,117.75704956054688
-60.05159071751641,-3.358239400270316,407,664.5,403.5,2817.5,1824.5,847,0.7494567036628723,-8.356795092647515,-14.411995291297115,6.055200198649601,0
-59.7832190263857,-3.413261211422637,391,568.5,369.5,2949.5,2013,946.5,0.7773425579071045,-11.652986787994122,-17.213158593794056,5.560171805799934,30.333288192749023
-59.88360575938606,-3.7842654237639994,331,512,319,2985,1634,667,0.8069007396697998,-8.945412430349936,-14.393186484927583,5.447774054577646,15.762398719787598
-59.72640058466514,-3.5911276376783023,365,523,304.5,2950,1549,622,0.8128744959831238,-10.851249641091123,-15.84169177378487,4.990442132693747,256.567291
-59.7095571730879,-2.5131492967348765,420,579,351,3233,1810,777,0.8041294813156128,-16.29668805985052,-21.55486218223617,5.25817412238565,276.547699
-60.79292540573604,-2.9825190326873265,253,462.5,247,3172.5,1477.5,585,0.8555344343185425,-9.148711099801245,-15.073385319774172,5.9246742199729265,204.938416
-59.67834071696475,-3.0442782084705438,351,543.5,314,3171.5,1772,739,0.8198249936103821,-7.228060724519148,-13.971897310719015,6.743836586199867,90.65155029296875
-60.10077347932195,-3.941021440842856,384.5,546.5,326.5,2985.5,1571.5,650.5,0.802838146686554,-7.732877543890535,-13.807516367375573,6.074638823485039,91.791023
-60.2409106636446,-4.059599058346633,296,493,308,2751,1477,603,0.7986270189285278,-8.359783424319188,-14.512138862420551,6.152355438101363,56.678855895996094
-60.33613208376127,-3.1123255912425973,326,513.5,288,3016,1510,605.5,0.8256658315658569,-8.27126071044633,-15.490735691527686,7.2194749810813565,70.046547
-60.34623813070761,-3.1121010124215673,820,1164,1352,2789,3345,2535.5,0.3470176160335541,-10.03283943911965,-19.133831180732656,9.100991741613006,0.04152899980545044
-60.69253867273569,-3.8628680111244575,261,415,244,2699,1365,544,0.8341827988624573,-7.484202344370766,-13.312652437095293,5.828450092724527,121.902771
-59.738078683358694,-3.7862866331532685,377,577,344,2857,1531,634,0.7850671410560608,-7.964018618156972,-14.172211874305024,6.208193256148052,57.54289627075195
-60.21665615097337,-3.44447766754579,420,633,408,3468,1961,830.5,0.7894737124443054,-7.543381481488156,-13.55998441744049,6.016602935952333,45.14469528198242
-60.557342222475704,-2.5899552535270955,310.5,460.5,277.5,2573.5,1310,523.5,0.8053314685821533,-8.77454248806632,-14.642157072394015,5.867614584327695,105.332237
-60.31389878047931,-3.863317168766517,293,514.5,321,2909,1605.5,665.5,0.8012384176254272,-9.363862293178775,-13.605361051978903,4.2414987588001285,145.329453
-60.09426069351209,-3.9156440340664793,389,531.5,363.5,2713.5,1654,728.5,0.7637308835983276,-7.194179750586951,-12.345511786926899,5.151332036339948,133.656235
-59.798714965036766,-3.5044402127607683,347,531,278,3221,1541,586,0.8410974740982056,-7.695860215165457,-13.298021790048955,5.602161574883498,32.48573303222656
-60.54431665085597,-3.5601357603761787,529,753,804.5,2632.5,3350,2051.5,0.5318591594696045,-11.28417277441624,-17.5350205606699,6.25084778625366,0
-59.92425452599247,-2.63801512122749,346,556,296.5,3511,1574,634,0.844254732131958,-6.659383592619378,-13.685099092468306,7.025715499848928,24.33909034729004
-60.257529496400814,-2.6422821188270578,271.5,411,253.5,2804,1330.5,527.5,0.8341782689094543,-8.215099502021127,-14.19789423682332,5.982794734802193,118.835403
-59.83038057880198,-3.305912534970354,372,561,357.5,3103,1741.5,840,0.793382465839386,-5.935576978274807,-13.330402983771839,7.394826005497031,114.418709
-59.70079859906774,-3.5695680708594337,375.5,554,339.5,3047.5,1630,688.5,0.7995275855064392,-6.522644984482209,-14.180894055333674,7.658249070851465,200.107864
-59.950754826874,-2.769618310351,391,582,331,3042,1596,659,0.8037355542182922,-9.595478189887345,-15.751183104292114,6.155704914404769,199.733078
-60.38486568792475,-2.805775500536811,228,392,251,2666,1281,535,0.8279053568840027,-8.883980274346237,-14.335593271089525,5.451612996743288,179.028198
-60.90364276450378,-3.540821981767609,306,465,274,3120,1630,704,0.8385385870933533,-7.343337962674633,-13.755409031911947,6.412071069237314,71.97282409667969
-59.47621977803786,-3.0853761327190115,361,581.5,333.5,3351.5,1740,715.5,0.8189959526062012,-7.118636699438458,-12.922532976838276,5.803896277399819,93.600754
-60.99863960579942,-3.505113949223858,409,590.5,326.5,3424.5,1609.5,692.5,0.8259130716323853,-7.275738531056435,-13.328442290209086,6.052703759152651,196.660355
-60.60944450895463,-3.6697302250387605,287,495,309,2176,1293,584,0.7513078451156616,-9.008322414049916,-14.798309006671527,5.789986592621611,47.857967376708984
-59.82386779299211,-3.805824990582868,323,482.5,332,2871,1559,706.5,0.7926943302154541,-9.5316270604986,-14.50418716853501,4.97256010803641,157.867432
-60.494235573766304,-2.583217888896199,297.5,450.5,261.5,2645,1426.5,569,0.8200584650039673,-8.640192945306882,-13.783331397313244,5.143138452006362,238.412796
-59.570992040512465,-3.0025065477589856,269,469,263,2826,1591,635,0.8297183513641357,-10.639878517375529,-17.924445680433422,7.284567163057893,109.247093
-59.80590148730972,-2.719088075619277,319.5,523.5,323.5,2797.5,1532.5,651.5,0.792694628238678,-11.319782912602388,-17.39385657280826,6.0740736602058725,39.08331298828125
-59.85485967029423,-3.7874095272584176,406,564.5,390.5,2727,1778.5,799,0.7494787573814392,-8.41908694864033,-14.105730588854657,5.686643640214326,190.775497
-59.779401186428196,-2.8771915656243126,437.5,612,383,3212.5,1756.5,784,0.7869558930397034,-8.735599448327825,-14.096012548536281,5.360413100208456,145.68959045410156
-60.53982507443537,-2.6148835026614123,350,504,296,2738,1398.5,578,0.8048780560493469,-6.4618236746860696,-13.830586284296313,7.368762609610243,148.111374
-60.76081063432877,-2.9021198147586293,258,462,239.5,3138.5,1483.5,572,0.8582001328468323,-9.118149707521535,-14.794920280601378,5.676770573079843,0
-59.721909008244545,-3.6978025776674954,342.5,552.5,309.5,3270,1616,678.5,0.8270708322525024,-4.053358233424688,-11.792453806841028,7.73909557341634,28.39394187927246
-60.13580777540262,-2.3069859390294463,247,392.5,211,2759,1215,478,0.8579124808311462,-8.887029878863597,-14.770590131334245,5.883560252470648,159.463181
-60.06641291970438,-2.836767377838934,409,618.5,511.5,2999.5,2572,1374.5,0.7086300253868103,-9.850783100142298,-14.722120788348283,4.871337688205985,19.55970001220703
-59.7268497423072,-2.781970145507643,380,638,369,3401,1665,704,0.8042440414428711,-6.301983472118868,-13.222988301825984,6.921004829707115,125.87644958496094
-60.78214562232661,-3.747659075936129,321,454,261,2963,1430,599,0.8380893468856812,-8.250087160080907,-13.642475409318207,5.3923882492373,174.37059020996094
-60.09560816643827,-2.3289946634903744,243,384,211,2622,1283,493,0.851041316986084,-9.757653011974684,-14.744677274734881,4.9870242627601975,68.350731
-59.435795590252475,-3.345887565113673,453.5,631.5,397.5,3287,1787,736,0.7842312455177307,-7.753955713366266,-13.67769837463614,5.923742661269874,196.676254
-59.465439994628426,-2.6714773655609423,421,614,421,3440,1732,720,0.7819218039512634,-10.343166151228733,-15.722448911466568,5.379282760237835,285.485016
-59.84879604212643,-2.9149208075573325,363,585,429,3738,2366,1181,0.7940964698791504,-10.137957463888634,-16.02356512755528,5.8856076636666455,33.662960052490234
-60.16545217977856,-4.023441868160822,359,502,326,2765,1564,656,0.7890650033950806,-7.782759351036841,-15.648123675871695,7.865364324834854,198.790985
-60.66940705416961,-3.7368792925266945,364,518,298,2856,1645,710,0.8110336065292358,-7.882227482805712,-12.617264442131242,4.73503695932553,12.800783157348633
-59.83711794343287,-2.724028809681934,852,1127,1250,3226,3648,1997,0.4414655864238739,-11.31408462015009,-17.605108153295067,6.291023533144976,164.418381
-61.03030521956463,-3.0103668064950315,297,471.5,275.5,2763.5,1520,616,0.8186903595924377,-8.137475259158148,-14.834638057878156,6.697162798720008,101.842827
-60.54543954496112,-2.5472852775314183,314.5,489.5,307.5,2804,1509,647.5,0.8023461103439331,-8.111995193494913,-14.165675195711835,6.053680002216922,193.655106
-60.7828193587897,-3.0858252903610714,371.5,609,528.5,2819,2338,1155,0.6842419505119324,-8.022823307769192,-13.450802578321253,5.427979270552061,1.0614409446716309
-60.33456003201406,-3.5677714402911946,326,485,280,2821,1556,667,0.8194130659103394,-9.016052237405255,-14.42962278032252,5.413570542917265,0
-60.18431680074507,-2.966124778752145,277.5,454.5,281,2771,1522,621,0.8158584237098694,-5.344035152725661,-11.31790704920405,5.973871896478389,29.455846786499023
-59.38796030137311,-2.7815209878655835,391.5,581,357.5,3310,1792,770,0.8050442934036255,-8.999159829618906,-16.22158990619526,7.222430076576353,9.073219299316406
-60.64650001442456,-3.4707533896062865,280,461,274,2733.5,1482,647,0.81778883934021,-9.017886835674787,-15.387928941440869,6.370042105766082,59.640171
-59.83397383993846,-3.7184638292022445,370,557,320,3387,1741,725,0.8273536562919617,-8.087153632982666,-14.463173703262601,6.376020070279935,102.428848
-59.869681872482204,-3.804252938835659,325,514,322,2819,1606,684,0.7949697375297546,-9.074708953340682,-16.241813758294775,7.167104804954093,1.2875709533691406
-60.48682447267232,-2.742893430648444,249,446,255,2568,1393,578,0.8193411231040955,-6.140716282067004,-12.20445528474479,6.063739002677787,154.451233
-60.271228804483634,-3.985712626227802,283.5,468,254,2697,1353.5,528,0.8278549909591675,-8.166738371943266,-14.538784657497297,6.372046285554031,85.70907592773438
-61.031877271311835,-3.305912534970354,317,538,307,3076,1601,682,0.818504273891449,-7.698217693512429,-14.494101060767122,6.795883367254692,70.623451
-59.69024339447933,-3.2917640692454717,398,575,350,3321,1825,814,0.8093162775039673,-8.689344499605403,-14.400655222698886,5.711310723093483,63.812557220458984
-59.49261403197304,-2.88213229968697,303,508.5,280.5,3206,1688.5,668,0.8390936255455017,-7.8323155096995585,-14.462181846788305,6.629866337088746,167.908096
-60.41383635583761,-3.2353947851669718,324.5,471.5,276.5,2546.5,1290,547,0.8041090965270996,-7.31900231851887,-14.37998456756095,7.0609822490420795,163.173004
-60.7114032937022,-3.8381643408111707,255,426.5,256,2536,1365.5,581.5,0.8166189193725586,-7.578742131946539,-14.346242931839868,6.7675007998933285,97.24309539794922
-60.13490946011849,-2.458801222045645,325,441,273,2636,1360,550,0.8123066425323486,-7.8136790679123465,-14.761461676666467,6.947782608754121,180.135147
-60.61393608537523,-3.687921109542181,457,665,538.5,2578,2332,1365,0.654420018196106,-8.668522935934721,-14.19325330595171,5.524730370016989,1.464216947555542
-59.77648166175481,-3.9740345275342484,440,644.5,452,3046.5,2115.5,982,0.7416035532951355,-8.934617439880444,-14.598731713610842,5.664114273730398,4.918378829956055
-59.787036866343215,-2.665638316214165,439,563,396,2737,2143,1147,0.7472071647644043,-5.870930450797217,-11.974462453635857,6.10353200283864,317.847473
-60.63594480983616,-3.197665543233952,304,490,253,3234,1591,638,0.8548895716667175,-8.72125427800244,-14.75907825293356,6.037823974931118,0
-59.53618232325284,-3.5850640095104955,392,554,355,2933.5,1612.5,675,0.7840961217880249,-9.959758567899364,-14.890304445011775,4.9305458771124115,163.349976
-59.955246403294595,-2.7965677688745854,813,1133,1180,3392,3238,2103,0.483814537525177,-9.950816899933754,-16.44866732057715,6.497850420643397,0.6089810132980347
-60.31277588637416,-3.9942466214269374,267,455,255,2776,1477,591,0.8317387104034424,-8.162705951594338,-15.129935775898197,6.967229824303859,70.561234
-59.817579586003276,-2.6559814269098805,406,547,333,2984,1600,668,0.7992161512374878,-9.295024337868707,-14.14016027657417,4.845135938705463,101.70270538330078
-60.551727751949954,-3.8217700868759894,247,356,194,2609,1185,431,0.8615768551826477,-9.210614315087284,-14.475379770056072,5.264765454968789,24.429723739624023
-60.13535861776055,-3.001832811295896,327,477,311,2881,1520,628,0.8051378726959229,-7.152464274587973,-13.3967557057994,6.244291431211427,155.68692016601562
-59.99791637929027,-2.9396244778706193,367,558,347.5,2889.5,1563,647,0.7852950096130371,-6.430856107167156,-12.988094500664024,6.557238393496868,16.847370147705078
-60.36936974927369,-3.7128493586764972,257.5,420,232,2869,1474.5,577,0.8503708243370056,-5.256325610811588,-13.958863807513879,8.70253819670229,102.706482
-60.57081695173749,-3.7732610615335354,285,449,249,2841,1553,642,0.8388349413871765,-7.488599612565366,-13.322458341869709,5.8338587293043425,22.70636558532715
-60.19082958655493,-2.761533472793924,280,424,244,2844,1439,592,0.8419688940048218,-9.127636055028892,-15.200024199785169,6.072388144756276,95.637009
-59.79624459800544,-2.767597100961731,386.5,581.5,342.5,3096,1668.5,698,0.8007852435112,-8.144605828191407,-14.730731159936772,6.5861253317453645,101.6749496459961
-59.856207143220416,-2.5537980633412847,447,649.5,382.5,3467,1813.5,770,0.8012728691101074,-10.441190737680284,-16.303596702073218,5.862405964392934,92.78121193334961
-60.942045742899886,-2.897179080695972,292,478,270,3015,1505,570,0.835616409778595,-5.90413779973391,-13.686227021883484,7.782089222149574,84.1749496459961
-60.569469478811314,-3.2547085637755413,342,610,318,3492,1557,651,0.8330708742141724,-6.621403133093268,-13.919358442576879,7.297955309483611,140.790176
-59.7358328951484,-2.912225861704974,342.5,517.5,290,3193,1744.5,737,0.8334769010543823,-7.53071065846001,-12.906767140181381,5.376056481721371,135.09873962402344
-60.397217523081395,-2.9225564874723484,270,423,239,2793,1499,586,0.8423482775688171,-7.097651663454254,-12.55124850757132,5.453596844117065,147.408783
-59.9718652360508,-3.7386759230949336,331.5,482,306,2979.5,1674.5,708,0.8137269616127014,-8.552442819172159,-13.830368980663144,5.277926161490985,233.559723
-60.37565795626253,-3.9619072711986347,298,443,292,2677,1361,550,0.8033007979393005,-9.857230890875075,-15.728304347841085,5.871073456966011,126.596657
-59.75379920083079,-3.381371018836394,402.5,628,357.5,3393,2141,968,0.8093587756156921,-6.910150580192916,-14.7934741005541,7.883323520361184,0
-60.343992342497316,-3.8044775176566885,273,468,248,2960,1465,582,0.8453865051269531,-7.902544685013585,-15.311366550051634,7.408821865038049,93.769413
-60.63033033931041,-3.4671601284698084,271,439,249,2646,1384,595,0.8279792666435242,-7.809329803316139,-13.431986519183576,5.622656715867437,75.384651
-60.181846433713744,-3.7921256825000453,359,464,311,2379,1391,582,0.7687732577323914,-9.834387048483311,-14.923755499740484,5.089368451257172,144.9442901611328
-59.925601998918644,-3.6838786907636427,366,593.5,334,3409,1791,755.5,0.8215335011482239,-7.024937773640909,-12.476577789310229,5.451640015669319,31.926799774169922
-60.37925121739901,-3.674221801459358,258,451,252,2774,1417,548,0.8334434628486633,-10.223238830726459,-16.300850909077617,6.077612078351159,100.607826
-59.62870879751715,-2.4812591041486334,348,550,315,3236,1720,691,0.8225851655006409,-7.885133841857671,-13.335960930227364,5.450827088369692,100.88088591137695
-60.24719887063343,-2.444428177499733,269,441,235,2748,1302.5,511.5,0.8424404859542847,-9.117382684197239,-14.4428200819284,5.325437397731161,176.831818
-60.07854017603999,-2.540323334079492,288,445,272,2577,1376,552,0.8090558052062988,-8.367531883261448,-14.393995834696632,6.0264639514351845,237.022095
-60.160062288073846,-4.031526705717898,340,538,331,2892,1607,637,0.794601321220398,-8.32997946083804,-13.609659671398887,5.279680210560848,81.520126
-60.3949717348711,-3.706561151687661,265,452,271,2741,1490,630,0.8200531005859375,-9.391679031298125,-14.330613904570288,4.938934873272164,146.084259
-59.61770443528668,-2.8021822394003326,348,558,289,3298,1541,620,0.8388625383377075,-8.044970476700684,-13.788882854780747,5.743912378080063,21.909086227416992
-60.74531469567771,-3.1237791111151214,267,454,249,3249.5,1653.5,661.5,0.8576532602310181,-3.1127648557870913,-11.041045202639763,7.928280346852672,92.727386
-60.73475949108931,-3.1060373842537605,287,534,283,3289,1786,740,0.8415453433990479,-7.03413728892216,-14.535276571496217,7.501139282574057,2.7645769119262695
-60.07831559721897,-2.571988947844705,299.5,493,272.5,2999,1446.5,580.5,0.8334097266197205,-6.285928072476599,-12.995953020309667,6.710024947833068,234.178818
-60.7828193587897,-3.0727997187413383,240,407,233,2622,1319,524,0.8367775678634644,-6.438924556650697,-13.416071213874645,6.977146657223948,96.722748
-59.75200257026255,-2.996667498412209,344,582.5,316.5,3328.5,1717.5,709.5,0.826337456703186,-8.818555451395191,-13.885517047412213,5.066961596017022,170.732468
-59.78950723337454,-2.850242107100727,379.5,532.5,322.5,3055.5,1595,666,0.8090586066246033,-8.656619083477274,-15.923055987549397,7.266436904072123,166.431061
-60.31569541104755,-3.0137354888104797,261,466,250,3152,1550,586,0.8530276417732239,-6.487486024384593,-13.074257756508326,6.586771732123733,94.723289
-59.84452904452686,-3.221695477084149,372,578.5,380,3087.5,1735.5,828,0.7808219194412231,-8.12833803405869,-14.789779673683572,6.661441639624883,101.790108
-60.38014953268313,-3.830304082075125,287.5,480.5,284,3149,1623,677.5,0.8345470428466797,-8.89752834711524,-15.104482783214376,6.206954436099135,41.838631
-60.13109162016099,-2.4513901209516593,276,421,257,2647,1354,530,0.8230027556419373,-10.692949207271225,-17.51165095465098,6.818701747379757,229.994431
-60.195096584154506,-3.160385458942992,577,836,947,2618,2921,1838,0.46872371435165405,-9.001313811891107,-15.256134359980553,6.254820548089446,105.704597
-59.78276986874364,-3.8797114227016984,338,539,341,3025,1682,687,0.7973856329917908,-8.472340618846117,-14.403310869603565,5.930970250757449,125.328522
-60.62763539345805,-3.851189912430904,252,394,211,2368,1220,490,0.8363707065582275,-10.309341979119456,-17.4168366093291,7.107494630209644,279.34079
-60.42461613924704,-3.1725127152786055,354,525,315,2644,1551,643,0.7870902419090271,-7.981017006875353,-12.177586553171778,4.196569546296425,52.969151
-59.98174670417612,-2.4702547419181693,306,478,278,2804,1381,573,0.8195976614952087,-8.51062503407306,-14.506123270490148,5.995498236417088,170.24855041503906
-60.587884942135766,-3.681632902553344,540.5,617,603.5,1604.5,2248,1427,0.4533514380455017,-8.690453471028881,-14.98813773990783,6.297684268878948,289.938416
-60.86748557431797,-2.992625079633671,288,441,253,2842,1504,614,0.8365104794502258,-9.14256966498725,-15.391386052970043,6.248816387982794,174.283875
-59.60490344248798,-3.052363046027619,326,516.5,308.5,2995,1723,698.5,0.8132283687591553,-9.398182925357034,-15.347998800470183,5.949815875113149,148.036194
-59.99567059107997,-3.6733234861752386,355,517,306,3115,1678,706,0.8211049437522888,-10.13172148046503,-14.447084261340763,4.315362780875732,161.692154
-59.62017480231801,-3.6081956280765732,394,687,405,3165,2005,873,0.7731092572212219,-9.522071323704719,-14.594165106022285,5.072093782317566,2.521419048309326
-59.58806003091074,-3.725425772654171,386,516,375,2523,1881,963,0.7412008047103882,-11.44161588498967,-16.832204125648637,5.390588240658968,16.73575210571289
-59.94873361748473,-3.615606729170559,347,535.5,309.5,3617,1811.5,768.5,0.8423532247543335,-8.74288068404923,-15.156225578468463,6.413344894419234,67.77418518066406
-60.74306890746741,-3.6730989073542086,265,409,241,2898,1381,534,0.8464478850364685,-9.32776002818512,-15.278920304962513,5.951160276777394,105.07275390625
-59.377405096784706,-2.8340724319865753,298,481,277,3147,1686,657,0.8382009267807007,-5.415800169022829,-12.36830174293992,6.9525015739170914,250.756744
-60.76507763192834,-3.0730242975623683,286,459,248.5,3225.5,1469,580.5,0.8569372296333313,-9.521831585973501,-14.815300867432985,5.293469281459483,61.767391
-59.97972549478685,-2.472949687770528,376,576,332,2969,1562,633,0.7988488078117371,-8.785735539549487,-14.656082097278437,5.870346557728951,37.706939697265625
-60.018128473182955,-3.190029863318936,288,443,268,2847,1593,655,0.8279293775558472,-9.27305974136501,-16.33024037341491,7.057180632049899,40.059978
-59.79130386394278,-2.50573819564089,352,519,299,3071,1641,672,0.8225519061088562,-6.309564782083246,-12.739577185425032,6.430012403341786,199.812134
-59.857554616146594,-2.5677219502451374,382.5,566,350,3006,1618,666,0.7914183735847473,-7.669317533733119,-13.869480811722735,6.200163277989615,34.580029
-60.567448269422044,-3.2618950860484976,383,607,569,3059,2334,1441,0.6863285303115845,-10.373201739875293,-18.6911924439474,8.317990704072107,0
-59.46656288873357,-2.9335608497028125,299,578,295,3633,1675,666,0.8497963547706604,-10.334355816525937,-16.7585152844358,6.4241594679098615,234.739471
-59.761659459566836,-3.93316118210681,349,509,372,2777,1713,763,0.7637345194816589,-6.668901005886669,-12.437687906015789,5.76878690012912,92.97817993164062
-59.86541487488264,-3.76495164515543,360,533,334,2874,1714.5,741.5,0.7917705774307251,-5.626639695393607,-12.44355141646661,6.816911721073003,155.822357
-59.62601385166479,-3.580572433089898,356.5,558.5,331,3128.5,1623.5,668.5,0.8086428642272949,-5.751058542035544,-12.960954974581112,7.209896432545568,102.011971
-59.43714306317866,-3.37059123542696,372,602,337,3545,1779,731,0.8263781666755676,-8.840039363720443,-14.39425615791114,5.5542167941906975,11.308703422546387
-59.932339363549545,-3.5924751106044814,364.5,542.5,359.5,2504.5,1710.5,817.5,0.7489525079727173,-7.56323562439671,-14.529368061417298,6.966132437020588,136.257248
-59.798714965036766,-2.9587136776581593,333,556,325,2946.5,1721,732,0.8013143539428711,-6.4161490795085125,-13.463259373983414,7.047110294474901,188.862091
-60.99010561060028,-3.0072227030006133,271,439.5,230.5,2925,1495.5,577.5,0.8539058566093445,-9.728840296369214,-17.29925383822975,7.570413541860535,167.740067
-60.6806359952211,-3.856355225314591,251.5,433.5,263,2870,1496.5,618,0.832109808921814,-6.531827491675097,-12.322454684300252,5.790627192625156,156.746262
-59.37246436272205,-3.3256754712209835,388.5,524.5,335.5,3140,1577.5,671,0.8069342374801636,-7.785536917930883,-13.858227758286363,6.07269084035548,22.166393280029297
-59.770418033587,-2.9178403322307207,383,549,367,3021,1688,729,0.7833530306816101,-10.054198956665353,-15.627494051975912,5.573295095310559,163.798126
-60.85378626623514,-3.433473305315326,285.5,435.5,235,3014,1454,575,0.8553401231765747,-6.859228601652035,-12.698097893096115,5.83886929144408,100.922096
-59.296107563571894,-3.0072227030006133,417.5,600,416.5,3482,2170,980.5,0.7863280773162842,-7.665486920317396,-13.975572365660177,6.310085445342781,50.042747497558594
-59.73471000104325,-2.7233550732188445,361.5,549.5,340,3077.5,1681,731.5,0.8010241389274597,-8.65282193253953,-14.275611588080404,5.622789655540874,56.012611
-59.9462632504534,-2.5659253196768983,326,475.5,285,2743,1405,585,0.8117569088935852,-7.011250035412861,-13.138693326693055,6.127443291280194,223.527695
-60.63369902162586,-3.775282270922804,234,406,209,2773,1499,641,0.859825611114502,-7.910799298775089,-13.987243835228744,6.076444536453655,83.24760437011719
-59.966924501988146,-3.7124002010344377,357.5,539,335.5,3078,1682,729.5,0.8034275770187378,-8.436602116202621,-14.159325821192283,5.7227237049896615,26.84486961364746
-59.61837817174977,-2.504839880356771,408,584,358,3344,1838,787,0.8065910339355469,-6.348592280221227,-14.040494086703273,7.691901806482046,166.913376
-60.93957537586856,-2.849792949458667,271,425,239,2511,1354,585,0.8261818289756775,-7.601549205846096,-13.638951149122978,6.0374019432768815,234.728073
-60.150854556411616,-3.865562956976816,324,495.5,296.5,2770,1520,635,0.8066199421882629,-8.265127046430106,-15.278663084627699,7.013536038197593,83.669373
-60.50052378075514,-2.7325628048810695,339,528,319,2986,1569,671,0.8069591522216797,-7.973985448812896,-15.315308182741509,7.341322733928613,161.545685
-60.07517149372455,-2.969044303425534,258,452,248,3159.5,1616,717.5,0.8544387221336365,-6.866022473724729,-13.377094213049205,6.511071739324476,171.185104
-60.54903280609759,-3.794371470710344,251,431,271,2782,1406,567,0.8224697113037109,-7.576717029466456,-15.282810471403078,7.706093441936622,65.26362609863281
-60.468409009347866,-4.003678931910192,241.5,388.5,212,2785,1336.5,509.5,0.8585252165794373,-8.707764623836571,-14.998463098619492,6.290698474782921,152.789993
-60.52208334757401,-3.629755194895442,252,413,234,2669,1438,568,0.8387874364852905,-10.165454868815633,-14.893230220869514,4.7277753520538806,126.561111
-59.76839682419773,-2.88213229968697,364,533.5,304,3278.5,1619.5,657.5,0.8302860856056213,-9.376836406284724,-14.073755720778781,4.696919314494057,203.606125
-59.709781751908935,-3.03170179449287,296,477,296,2817,1619,696,0.8098297715187073,-9.564862084389341,-16.06630399328247,6.5014419088931295,225.644592
-60.56812200588514,-2.703367558147185,273.5,493.5,267.5,3146,1607.5,666,0.8432693481445312,-7.051430717748856,-12.756576551919759,5.705145834170903,156.630615
-60.07854017603999,-3.673772643817298,434,632,377,3184,1681,706,0.7882617115974426,-9.15483193343931,-15.558887586274032,6.404055652834723,115.017776
-60.12884583195069,-3.548008504040565,348,529,332,2885,1756,731,0.7935965061187744,-9.087116562667843,-15.070837135372145,5.983720572704302,18.927080154418945
-59.577729405143366,-2.7756819385188067,354.5,520.5,300.5,3004.5,1567.5,638.5,0.8181543350219727,-7.855701180783139,-13.21560291689584,5.3599017361127,247.959274
-59.78276986874364,-2.7181897603351572,834,1054,1107,2709,3287,2257,0.41981130838394165,-10.154562819683335,-16.855952398349523,6.701389578666188,17.70059585571289
-59.74189652331621,-2.6809096760441973,417,549,353,2789,1581,662,0.7753023505210876,-9.028644752237478,-13.876216569274948,4.847571817037471,14.861612319946289
-60.73341201816313,-2.8720262527406253,276,443.5,245,2936,1408,552,0.8459603786468506,-9.50924500799429,-15.383438883216467,5.874193875222177,82.1819839477539
-60.84098527343644,-3.398663588055695,315.5,470.5,282,2450,1713.5,765,0.7935578227043152,-6.543535628573094,-13.163023339824512,6.619487711251418,44.243511
-59.58334387566911,-3.137029261555884,430,632,409,2748,1658,802,0.7408932447433472,-7.299269616740234,-13.545908039644644,6.24663842290441,0
-60.01520894850957,-3.512974207959904,341,435.5,286,1327.5,884,435,0.6454911828041077,-5.6017433129451355,-12.871361250380051,7.269617937434916,2.4934051036834717
-60.14389261295969,-2.532912232985506,230,353,209,2457,1237,477,0.8432108163833618,-8.696567707659899,-14.946733349294625,6.250165641634727,231.638687
-59.73021842462265,-3.8592747499879794,373,575,480,2314,2118,1098,0.656406581401825,-9.28135677338376,-12.938581588398083,3.657224815014324,132.953964
-59.50159718481423,-3.6510901828932805,299.5,511,249,3532.5,1898,766,0.8683062195777893,-6.853503709589573,-13.388978360371674,6.535474650782101,12.266681671142578
-59.51754228110735,-2.9764554045195197,376,559,325,2932,1607,686,0.8004298210144043,-6.952193465674441,-14.257078628187394,7.304885162512953,135.495926
-60.59305025501945,-3.6881456883632104,334.5,494.5,322,2588.5,1772.5,875.5,0.778732180595398,-8.040522323630528,-15.266897439250698,7.22637511562017,66.3483657836914
-59.77154092769215,-2.795669453590466,341,541.5,333.5,2912.5,1657,703.5,0.7945163249969482,-6.547948056514254,-12.136683677726106,5.588735621211852,141.372787
-60.48233289625172,-2.7723132562033586,242,410,219,2715,1354,543,0.8507157564163208,-8.075636997960668,-14.488725253839723,6.413088255879055,94.777069
-59.454660211218986,-2.6802359395811073,343.5,515.5,307,2956,1577.5,656,0.8118296265602112,-8.34696085526612,-13.849835720102266,5.502874864836146,250.024063
-59.951653142158115,-2.846424267143219,461,707,587.5,3017,2632,1510,0.6740185618400574,-8.77836604058995,-17.50545123173535,8.7270851911454,0.24269999563694
-59.65565825604073,-2.9899301337813124,263.5,468,263.5,3050,1568,619.5,0.8409536480903625,-7.59403941400509,-12.829947538118684,5.235908124113594,189.955292
-59.914597636688185,-3.5473347675774756,432,615.5,441,3104.5,2173,1082.5,0.7512339353561401,-7.781295714262644,-15.054835176386504,7.2735394621238605,3.0968379974365234
-60.393175104302856,-3.8774656344914,239.5,385.5,228,2529.5,1375.5,567.5,0.8346328139305115,-7.976308543822949,-13.58473440067398,5.6084258568510315,195.880264
-59.888097335806656,-2.427809344743522,272,469,258,3379,1546,587,0.858124852180481,-6.359749819477944,-12.823832063636809,6.464082244158865,62.4643440246582
-60.22316893678324,-2.7947711383063463,287,424,270,2705,1390,602,0.8184874057769775,-9.030673632449112,-15.406927472788565,6.376253840339453,220.384552
-59.781422395817465,-3.35172661446045,354,572,337,3487,1911,847,0.8237447738647461,-7.656008886734637,-13.973533695444985,6.317524808710348,41.9744758605957
-59.983543334744354,-2.403330253251265,335,514,298,3139,1532,600,0.8265929818153381,-8.96326325973966,-15.700464506974075,6.737201247234415,235.530792
-60.515795140585176,-3.1121010124215673,296,432,255,2619,1393,576,0.8225469589233398,-8.068744385558361,-14.96407769623384,6.895333310675479,113.571411
-60.477167583368036,-2.719312654440307,290.5,446.5,280.5,3104.5,1462,599,0.8342688083648682,-6.0948544206398605,-12.82662615321705,6.73177173257719,225.296753
-60.18341848546095,-3.1347834733455855,336.5,489.5,295,2389,1391,628,0.7801788449287415,-9.93433402788353,-15.870587715074828,5.936253687191298,21.787809
-59.44477874309367,-3.375307390668587,432,610,340,3405,1781,732,0.8184245824813843,-8.95722016089282,-13.192412540457752,4.235192379564932,24.270299911499023
-59.89461012161652,-3.450541295713597,367.5,517.5,358.5,2583,1892,918,0.75624680519104,-7.794215187260731,-13.608281778655327,5.814066591394596,8.307896614074707
-60.130417883697895,-2.816555283946245,212,366,211,2419,1338,536,0.8395437002182007,-7.765763982866667,-13.749153471405409,5.983389488538742,448.569153
-60.50434162071265,-3.98975504500634,251,424,245,2654,1260,496,0.8309761881828308,-7.834722040796914,-14.887758533400204,7.05303649260329,170.41510009765625
-59.37785425442677,-3.291090332782382,374,577,357,3805,2022,842,0.8284478783607483,-9.93965638776235,-14.018225006075912,4.078568618313563,80.98670959472656
-59.5990643931412,-3.7238537209069618,447,746,441,3529,2210,1060,0.7778337597846985,-8.806598568424926,-12.667096848541217,3.860498280116291,100.598389
-60.84929468981454,-3.4009093762659934,310.5,411,304,1779,1875.5,935.5,0.7081133127212524,-8.445562511539826,-15.528393495140174,7.082830983600347,76.34337615966797
-59.52517796102237,-2.998688707801478,302,534.5,306,3100,1543,613,0.8203170895576477,-7.230411785599783,-13.557385178745626,6.326973393145844,18.08904457092285
-60.01026821444691,-2.7455883765008027,276,432,250,2587,1351,546,0.8237574696540833,-10.812416009512944,-15.408399826267674,4.59598381675473,9.135564804077148
-60.695009039767015,-2.48754731113747,237,400,225,2625,1432,576,0.8421052694320679,-10.038945954862267,-15.412058922263185,5.3731129674009175,160.181519
-60.828633438279795,-2.9319887979556034,266.5,428,255,2785.5,1340,524.5,0.8322644233703613,-7.568157260482749,-14.008800913069898,6.440643652587148,137.235489
-59.55414862893522,-2.532238496522416,344,496,290,3243,1679,711,0.8358335494995117,-7.746139975001959,-13.929560298254845,6.183420323252887,178.45162963867188
-59.3908798260465,-3.473448335458645,483.5,650.5,401.5,3488.5,2000,908,0.793573260307312,-5.971244565860161,-13.780475645615924,7.809231079755763,55.279693603515625
-60.492214364377034,-3.76427790869234,247.5,393,220.5,2616,1331.5,523,0.8445267081260681,-7.230910814670169,-14.433931498813823,7.203020684143654,231.377487
-60.380598690325186,-3.9342840762119593,297.5,444,259.5,2780,1437,570,0.8292482495307922,-9.81124849660818,-14.156902007770036,4.345653511161856,114.893799
-60.30087320885958,-2.5203358190078324,263,423.5,256,2574,1363.5,552.5,0.8190812468528748,-8.687045135924851,-15.070842075657085,6.383796939732234,124.41069030761719
-60.601584250218586,-3.7447395512627404,390.5,486,448,1250,1390,835,0.4723203778266907,-8.6945946335208,-14.687354804429273,5.992760170908472,0.7558029890060425
-60.35634417765396,-3.89588109781585,259,426.5,253,2646.5,1397.5,538,0.8254871368408203,-8.627489702595565,-14.208363772969914,5.58087407037435,149.806168
-60.03250151772887,-3.8141344069609735,431,608,380,3070,1672,692,0.7797101736068726,-6.815030648422855,-14.684260910820477,7.869230262397622,91.871048
-59.78636312988012,-2.473174266591558,373,584,352,3257,1623,688,0.8049321174621582,-8.104882376533501,-14.051106977461263,5.946224600927762,204.648224
-59.93548346704396,-2.347410126814825,313.5,451.5,274.5,2337.5,1240.5,525.5,0.7898162603378296,-12.740734135606623,-18.881780204025247,6.141046068418625,195.270813
-60.18139727607168,-3.935856127959169,257,400,250,2447,1363,526,0.8146088123321533,-8.234022150707748,-15.479242962281017,7.245220811573269,166.757874
-60.09268864176488,-2.553124326878195,338,517,307,2891,1513,596,0.8080049753189087,-9.104011702977264,-13.908180086227787,4.8041683832505235,291.967743
-60.39968789011272,-3.8422067595897085,343,556,359,3069,1929,951,0.7905484437942505,-9.874175624173159,-16.042962941915498,6.168787317742339,4.755549907684326
-60.547236175529356,-2.604328298073008,323,453,294,2634,1398,594,0.7991803288459778,-7.9989703997901,-13.413707754338315,5.414737354548215,83.896957
-60.798764455082825,-2.906162233537167,341,520.5,332.5,2809,1554.5,667,0.7883176803588867,-8.254674623790752,-14.312315542265683,6.057640918474931,192.869812
-59.34012501249375,-2.842381848364681,298.5,504,288.5,3304.5,1576.5,615.5,0.8394099473953247,-8.12533284012903,-13.955025482627203,5.829692642498173,159.948166
-60.80572639853475,-3.7611338051979217,258,380,217,2725,1312,513,0.8524813055992126,-8.364743829543528,-14.399871366132086,6.035127536588558,171.113693
-60.38643773967196,-3.76495164515543,314,499,294,3043,1549,636,0.8237938284873962,-7.238758820212831,-12.81757227836266,5.5788134581498285,24.91092300415039
-59.90067374978433,-2.346736390351735,296,439,275,2658,1346,550,0.8124786615371704,-5.993812543073071,-12.596171634532784,6.602359091459713,177.091125
-60.16522760095753,-3.862194274661368,319,475,279,2886,1473,606,0.8236966729164124,-9.408633177859429,-16.722865680001973,7.314232502142545,227.8953399658203
-59.83105431526507,-2.620497973187159,365,520.5,326,2793,1655.5,668,0.7909586429595947,-6.830115060237249,-13.315764242474144,6.4856491822368945,262.570374
-60.28268232435616,-3.9982890402054756,284.5,474.5,271.5,2707,1451,581,0.8176934719085693,-8.622955760534088,-15.146426657635391,6.523470897101303,135.028427
-59.66262019949266,-3.813460670497884,297,425,261.5,2841.5,1552.5,622,0.8314534425735474,-6.262753489548515,-13.079229244449342,6.816475754900828,169.046417
-59.70641306959348,-3.5444152429040874,341,556,333,2983,1511,614,0.799155592918396,-7.814033487935315,-14.100225022156199,6.286191534220884,221.246109
-61.0451274217526,-3.0635919870791133,278,482,266,3061,1567,631,0.8400961756706238,-6.584444401722371,-13.998047933321194,7.413603531598823,157.68276977539062
-60.93328716887972,-3.380023545910215,337.5,516.5,316,3670.5,1758,754.5,0.8414649367332458,-7.28742346988596,-13.849504313736723,6.562080843850763,71.880943
-60.432251819162055,-3.4685076013959875,754,865,889,2618,2473,1440,0.49301397800445557,-8.161453898038404,-14.798820879656438,6.637366981618033,48.5904426574707
-60.086849592418105,-3.822668402160109,352.5,551,311,3127,1804.5,760.5,0.8190808892250061,-4.775375711379771,-10.719208677660273,5.943832966280502,222.417938
-59.92582657773968,-2.6162309755875914,321,527,305,2950,1534,660,0.8125960230827332,-10.003186048492863,-15.480356866021888,5.477170817529025,90.003067
-60.34062366018187,-3.8091936728983162,372.5,617.5,403.5,2919,1945.5,869,0.757110595703125,-8.399876923887078,-15.81169668371591,7.411819759828832,0.37539801001548767
-59.79063012747969,-2.8439539001118903,367.5,510.5,333,2951.5,1527.5,638.5,0.7972294092178345,-6.548026680569667,-13.338099423658365,6.790072743088698,217.32723999023438
-60.01431063322545,-3.3919262234247984,413,592,361,3089,2024,944,0.7907246351242065,-6.747738648701587,-11.695252036665186,4.9475133879636,22.306507110595703
-60.28941968898705,-2.9692688822465634,315,547,340,3276,1575,626,0.8119469285011292,-7.125449873901917,-13.445040125448509,6.319590251546592,71.866562
-60.34781018245482,-3.891838679037312,280,449,259,2854,1497,598,0.8336010575294495,-8.394632986411805,-12.922746391113197,4.528113404701392,126.318199
-60.00824700505764,-2.9162682804835116,246,486,225,3267,1677,647,0.8711340427398682,-7.8695871363540295,-12.528332283420323,4.658745147066293,0
-59.63230205865362,-3.1567921978065137,294,526,306,3465,1580,690,0.8377088308334351,-5.923779753820659,-12.486465409909819,6.56268565608916,78.886078
-59.68193397810123,-2.494733833410426,383,548.5,338.5,2886,1646,708,0.7900449633598328,-8.942445342548396,-14.947342879948549,6.0048975374001525,95.218941
-60.48278205389378,-3.5228556760852188,281,464,344,2458,1517,726,0.7544611096382141,-10.21606708601276,-17.80367599920155,7.587608913188788,124.54417419433594
-60.373861325694286,-2.776804832623956,240,448,241,2841,1356,566,0.843608021736145,-7.104342599776885,-12.663723179902842,5.559380580125957,107.32695007324219
-60.084379225386776,-2.5315647600593265,288,453,259,2677,1267,508,0.8235694766044617,-9.289381481274976,-16.382050617633183,7.092669136358207,284.029694
-59.89640675218476,-3.673772643817298,418.5,628.5,365.5,3727.5,1909.5,781.5,0.821402370929718,-8.670588550407325,-14.435904818498182,5.7653162680908565,220.944580078125
-60.21980025446779,-3.1659999294687386,301,514,279,3252,1524,611,0.8419710993766785,-9.634379305041918,-16.328270221975195,6.693890916933277,13.437235832214355
-59.93750467643323,-3.690840634215569,352,499,300,3001,1644,691,0.8182368874549866,-8.735293285281378,-14.652657578201286,5.917364292919908,88.742027
-60.593948570303574,-3.381820176478454,419,724,472,3157,2007,977,0.7398732304573059,-8.128746006061135,-13.415851847166913,5.287105841105777,20.511391
-59.777829134680985,-3.871177427502563,314.5,480.5,277.5,2831,1529,618,0.8214572668075562,-8.362575840279124,-14.040102365006756,5.677526524727632,97.474518
-60.166575073883706,-3.813460670497884,343,484,304,2649,1517,624.5,0.7941076755523682,-8.843799052674333,-14.8914589503778,6.047659897703467,134.444443
-59.57750482632233,-2.6701298926347627,416,595,391,3124,1774,786,0.7775248885154724,-8.564895101896804,-13.644896152433928,5.080001050537124,266.344757
-59.46746120401769,-2.9760062468774597,295.5,473,285,2959,1540,617.5,0.8242909908294678,-6.83735406026718,-12.876290485543178,6.038936425275998,62.145206451416016
-59.888097335806656,-3.489842589393826,361,546,338,2950,1788,766,0.7944039106369019,-7.992318135255111,-14.553025028715822,6.560706893460711,164.902328
-60.04530251052758,-2.3833427381796057,269,395,259.5,2563.5,1337.5,558.5,0.8161530494689941,-7.279907749944171,-13.707559577822046,6.427651827877875,329.150146
-60.98741066474792,-3.064714881184263,295.5,441.5,276.5,2637.5,1459,614,0.8102265000343323,-6.024439535468009,-13.977516909302562,7.953077373834553,164.244919
-60.22563930381457,-2.697977666442468,259,425,242,2472,1266,506,0.8216654658317566,-8.681767807556552,-14.400376244453037,5.718608436896485,164.101562
-59.477567250964036,-2.9510779977431434,331,514,310,3029,1684,700,0.814315676689148,-6.954527535077558,-12.822043252385456,5.867515717307898,177.357178
-60.274822065620114,-3.1990130161601313,346.5,515,385,3253.5,2106.5,950,0.7883743047714233,-8.15494386940234,-13.889307476141049,5.734363606738709,58.05502200126648
-59.76547729952434,-3.814583564603033,325,503,326,2713,1603,649,0.7854557633399963,-7.653537229968329,-14.178267211520188,6.524729981551859,75.120613
-59.540000163210344,-2.7357069083754877,354,497,303,2783,1491,605,0.8036292791366577,-8.154235566781079,-15.134611517649233,6.980375950868154,441.502655
-60.97079183199171,-3.328594995894372,325,553,332,3659,1780,733,0.8336256742477417,-5.297241340267563,-12.927038801538544,7.6297974612709805,0.12953999638557434
-60.46728611524272,-3.7618075416610113,281.5,430.5,245.5,2607.5,1391,541.5,0.8279004693031311,-7.8198750211768076,-13.532744874460114,5.712869853283307,86.417229
-59.758515356072415,-2.7478341647111013,562.5,819.5,770,3141,2086.5,939,0.606238842010498,-10.108064405821953,-15.956207409897123,5.848143004075171,144.363007
-59.65363704665146,-2.5259502895335797,424.5,560,374,3075.5,1680,756,0.7831569910049438,-7.5448806993657405,-13.718026638028256,6.173145938662516,213.050568
-60.65750437665503,-3.596742108204049,313,470,288.5,2747,1358.5,574,0.8099160194396973,-6.925636885654294,-12.814392410935904,5.88875552528161,223.613647
-59.628484218696116,-3.2940098574557704,643,810,784,2112.5,1905.5,1188,0.45865699648857117,-8.592359357750915,-16.9678061408886,8.375446783137686,14.020852088928223
-59.50990660119234,-2.6806850972231673,360,558,337.5,3250,1695.5,696.5,0.8118466734886169,-8.050947003044891,-14.075485529841973,6.024538526797082,271.739105
-60.67210200002197,-3.918788137560898,269,399,237,2791,1437,591,0.8434610366821289,-7.7661013588597605,-13.517928519105745,5.751827160245984,53.8894157409668
-60.18364306428198,-2.3759316370856194,283.5,434,287.5,2504,1444,597,0.7940175533294678,-7.957994240065234,-12.599255075224537,4.641260835159303,124.61658477783203
-60.99953792108354,-3.5030927398345892,335.5,552,284.5,3180,1601.5,661,0.8357627391815186,-8.276152893742466,-14.041763029339705,5.765610135597239,154.858902
-61.02873316781742,-3.12602489932542,271,426,234.5,2054,1284,519.5,0.795062243938446,-8.851669766243209,-14.033870080596197,5.182200314352988,0.5933899879455566
-59.47779182978507,-2.697753087621438,353.5,543,320.5,3095,1628.5,678.5,0.8123261332511902,-6.126114153408047,-12.47953506919188,6.353420915783832,72.71973419189453
-60.2649405974948,-3.0936855490971173,281,468,251,3026,1444,592,0.8468111157417297,-8.531941406587096,-15.063000601922202,6.531059195335105,34.767811
-60.72375512885884,-2.9899301337813124,267,452,265,2908,1538,597,0.8329656720161438,-8.779005421375551,-14.028725168281234,5.249719746905683,67.502922
-60.909930971492614,-3.135232630987645,279,493,270,3477,1520,585,0.8558847308158875,-6.741680165067677,-13.688512182460773,6.9468320173930955,2.34771990776062
-60.90925723502952,-3.2616705072274677,542,660,722,2114,3154,2034,0.4908321499824524,-10.029806221631128,-15.289044669380427,5.259238447749299,14.953484535217285
-60.01116652973103,-3.715544304528856,362,509.5,311.5,3142,1716,726.5,0.8196033239364624,-8.131641184483728,-15.876274924112945,7.744633739629217,360.379578
-60.0718028114091,-3.2005850679073404,555,927,1024,3147,2830,1548,0.5089906454086304,-6.850298176259733,-13.56124935550804,6.7109511792483065,69.483902
-60.207223840490116,-2.8866238761075675,288,497,292,2965,1562,634,0.8206939101219177,-8.844131806829326,-13.653829678611725,4.809697871782399,74.45330047607422
-60.03766683061256,-2.437241655226777,278.5,395.5,255,2376.5,1246,503,0.8061941862106323,-10.670660097984928,-16.274230644675455,5.603570546690527,167.698776
-60.40732357002774,-3.252013617923183,261,392,228,2523,1347,558,0.8342421054840088,-10.714159709087546,-16.831183060536162,6.117023351448616,119.401749
-59.73897699864282,-2.992175921991611,353,595,330,3403,1697,721,0.8231984972953796,-8.432419562592052,-14.242515602588604,5.8100960399965516,186.168228
-60.20475347345879,-3.721158775054603,341,549,304,3325,1669,678,0.8324607610702515,-6.800288379188571,-12.952142157907147,6.151853778718576,47.383801
-60.56722369060102,-3.281208864657067,444,660,375,3364,1541,634,0.7994115948677063,-5.487592163485693,-11.984561573729234,6.496969410243541,66.774803
-59.810842221372376,-2.678663887833898,398,517,358,2649,1578,674,0.7618889212608337,-11.003903858711887,-15.782384840251492,4.778480981539605,58.74711990356445
-59.54336884552579,-2.551552275130986,398,591.5,341.5,3474,1840.5,748,0.8209933042526245,-6.870040367473616,-13.17446188818974,6.304421520716123,230.031082
-60.52590118753152,-3.6378400324525173,244.5,411,226,2616,1322,532.5,0.8409570455551147,-9.51601235463155,-14.412970387492658,4.896958032861107,26.29496955871582
-59.48071135445846,-2.8960561865908225,308,534,334,3275,1954,854,0.8149071931838989,-8.276119234147204,-14.18083940147671,5.904720167329506,0.2802729904651642
-60.209694207521444,-3.2212463194420895,380.5,552,335.5,2784,1548.5,627,0.7849014401435852,-8.462452279572659,-15.597650614095528,7.135198334522869,149.703217
-60.01745473671987,-3.4595244485547925,408,579,351.5,3033,1754.5,754,0.7922883629798889,-6.909272859211209,-12.377461162299486,5.468188303088277,37.74796676635742
-60.31210214991107,-3.540372824125549,322,536,449,2677,2169,1152,0.7127318978309631,-8.65017187661435,-15.742244135228525,7.092072258614175,1.7665259838104248
-59.71741743182395,-3.402256849192173,711,937,1051,2732,3567,2118,0.4443563222885132,-8.281360458150358,-14.24938855832483,5.968028100174472,0
-59.58761087326868,-2.554696378625404,360.5,547,317.5,2916,1508.5,600,0.8036183714866638,-6.640878993425439,-13.70933268005627,7.068453686630832,197.511871
-59.67811613814372,-2.5504293810258365,400.5,562.5,349.5,3026.5,1694,701.5,0.7929502129554749,-10.015503500846684,-14.504367001110033,4.488863500263349,129.044876
-59.64555220909438,-3.7692186427549976,358,502,305,3002,1670,690,0.8155428171157837,-6.56488095082758,-13.84532771068946,7.2804467598618805,141.734695
-59.47532146275374,-2.926374327429856,314,577.5,300,3706.5,1785.5,728.5,0.850243330001831,-9.82747360872456,-13.414101901037716,3.586628292313156,0.31446000933647156
-60.7805735705794,-3.0260873239671233,317,429,305,2616,1358,544,0.7911674380302429,-7.245433280088336,-13.313484886914848,6.068051606826512,203.059738
-61.003580339862076,-3.293336120992681,311.5,487.5,308,2795,1858,872.5,0.8014824390411377,-7.168808625310583,-14.630617871406859,7.4618092460962755,30.86286735534668
-60.08774790770222,-2.5560438515515838,324,449.5,265,2850,1487,618.5,0.8298555612564087,-9.044117665865155,-15.188317926742918,6.1442002608777635,140.842987
-59.437816799641745,-3.4552574509552247,349,539,309,2927,1704,704,0.8090234994888306,-5.684388110499893,-13.28853474784302,7.604146637343127,264.125244
-60.346013551886585,-3.6230178302645455,292,487,259,3040,1430,593,0.8429827094078064,-7.679114419338454,-13.987312314470799,6.308197895132345,167.148224
-60.07876475486103,-2.452513015056809,258.5,451.5,260,2771.5,1385,559.5,0.8284677267074585,-6.899966847776136,-12.937097725378024,6.037130877601888,112.9913558959961
-59.46835951930181,-2.896505344232882,314.5,529,307.5,3194,1593.5,644.5,0.8243609666824341,-7.124334295553101,-12.735377963859925,5.611043668306824,183.683319
-59.98376791356539,-2.9508534189221134,321,542,313,3305,1717,716,0.8269762396812439,-8.828695776832179,-14.640333158676231,5.8116373818440525,27.6345272064209
-60.71409823955456,-3.8386134984532303,270,413,284,2410.5,1577.5,722,0.7892002463340759,-8.208373676137828,-15.010833397478859,6.80245972134103,171.9684600830078
-60.065963762062324,-2.422419453038805,302,482.5,255,3162,1480.5,588.5,0.8507462739944458,-8.272538307670228,-14.33651140007484,6.063973092404613,139.896637
-60.458302962401525,-3.1947460185605636,376.5,537,329,2969.5,1423.5,583.5,0.8005154132843018,-8.342776660409134,-14.843051435758737,6.500274775349602,211.786514
-60.19846526646995,-4.048594696116169,300,458,300.5,2723,1475,591.5,0.8012237548828125,-6.906602031985124,-13.679760184234599,6.773158152249475,38.793453216552734
-59.81713042836122,-2.8237418062192012,349,585,356,3173,1651,711,0.7982431054115295,-8.124358322432734,-14.576866796829675,6.452508474396941,181.756744
-60.787984671673385,-3.368120868395631,307,452,282,2873,1713,747,0.8212361335754395,-6.274992627021759,-13.700957824679797,7.425965197658038,27.055631637573242
-60.56632537531689,-3.9695429511136506,242,389.5,231,2457.5,1271.5,497.5,0.8281569480895996,-8.662678227968959,-14.940568052517522,6.277889824548563,92.906372
-59.8267873176655,-2.699998875831737,519,701,436,3399,1751,750,0.7726206183433533,-9.982598380231748,-16.168147935782574,6.185549555550827,132.359818
-60.476943004547,-2.350778809130273,253,446,252,2787,1488,598,0.8341559767723083,-4.819685349786536,-11.65731152899663,6.837626179210093,78.826958
-60.37678085036768,-2.9953200254860297,288,539,272,3444,1535,600,0.8536060452461243,-8.213725022872294,-14.602678387599795,6.3889533647275005,18.030702590942383
-59.76121030192478,-3.9666234264402624,333,523.5,292,3663.5,1761.5,693,0.8523574471473694,-7.005362665688701,-14.034872677289705,7.029510011601004,0.008124999701976776
-60.97281304138098,-2.9825190326873265,266,435,256.5,2768,1472,596.5,0.8303852081298828,-9.456712788726522,-15.657023546282193,6.2003107575556715,179.321823
-60.91891412433381,-2.7080837133888127,286,442,267,2654,1491,638,0.8171858787536621,-8.48669606325341,-15.18657295459621,6.6998768913428,92.906303
-60.51175272180664,-3.846698336010306,292,449,281,2635,1542,660,0.8072702288627625,-7.004412894324032,-14.028462833325523,7.024049939001491,114.79246520996094
-60.12098557321465,-2.972412985740982,278,480,292,2841,1504,608.5,0.8135972023010254,-8.722483786419591,-13.598451269116254,4.875967482696662,82.285049
-59.636119898611135,-2.865513466930759,365,549,352,3056,1695,715,0.7934272289276123,-7.682169146029102,-14.595257018493752,6.913087872464651,20.254379
-59.928296944771006,-3.9003726742364475,392.5,564.5,383.5,3010.5,1731.5,739,0.7740129828453064,-6.952577791708907,-13.02491767955737,6.072339887848464,101.570129
-60.122333046140824,-2.555145536267464,280.5,448.5,269,2655.5,1367,557,0.8160369396209717,-7.3963472964893375,-12.931403737208866,5.535056440719528,167.442123
-60.02464125899282,-2.578277154833542,375,557,350,2923,1549,669,0.7861289381980896,-8.162461361647416,-13.12206203879638,4.959600677148963,262.8744201660156
-60.294135844228684,-3.7579897017035035,380,585,351,3087,1788.5,746.5,0.7958115339279175,-7.466517180082775,-13.889924743762316,6.423407563679541,0
-59.867211505450875,-3.685675321331882,373,543,378,2611,1576,720,0.7470725774765015,-10.702518717080006,-16.684531731578634,5.982013014498628,0.020204000174999237
-59.59614486846781,-3.796168101278583,389,562.5,384.5,2654.5,1834.5,854.5,0.7469562292098999,-7.548406157486344,-13.400030320044952,5.851624162558608,81.18247985839844
-60.68984372688333,-3.700722102340884,318,462,252,2876.5,1392.5,541,0.8389004468917847,-6.876368610559226,-13.378498223331277,6.502129612772052,70.3769760131836
-59.73493457986428,-3.6939847377099877,314,480,304,2544,1449,611,0.7865168452262878,-8.679026988398073,-14.63263754142793,5.953610553029858,44.69388961791992
-59.70034944142568,-2.913797913452183,371,515,345,2897,1614,695,0.7871684432029724,-9.300059500823682,-15.83028692459219,6.530227423768508,193.723694
-59.75784161960933,-2.95646788944786,292.5,474.5,295,2909,1576,659,0.8158552050590515,-5.74752071442317,-13.205090108149282,7.457569393726112,132.620987
-59.90808485087832,-2.628807389565265,288,445,259,2626,1366,553,0.8204506039619446,-6.704664818890993,-13.939518051139654,7.2348532322486605,329.626465
-60.02621331074003,-3.5709155437856133,391,554,370,3000,1546,691,0.780415415763855,-7.773818248120374,-13.782686186483723,6.008867938363348,56.84158706665039
-59.5254025398434,-3.6097676798237823,697.5,1008.5,1036.5,3221.5,3411,1979.5,0.5131517052650452,-8.882565096257446,-16.793504159810887,7.910939063553441,1.0619250535964966
-59.66778551237635,-3.2504415661759736,441,711,417,3208,1883,848,0.7699310183525085,-6.427932379248643,-12.179808207154485,5.751875827905842,3.1221721172332764
-59.6448784726313,-2.523479922502251,396,571,353,2999,1676,706,0.7893794775009155,-4.816418180351619,-12.587003697281766,7.770585516930147,197.1937335
-59.43714306317866,-3.40832047735998,426,630.5,348.5,3480,1949,810.5,0.817944347858429,-9.580841475574376,-13.568390086394048,3.9875486108196725,38.754749
-59.35921421228129,-3.0238415357568242,487,732.5,957.5,2746.5,2912.5,1791.5,0.48299136757850647,-9.74986615456815,-13.361076575528559,3.6112104209604095,0
-60.30873346759562,-3.0043031783272247,262,423,232,3264,1416,527,0.8672769069671631,-8.269540742775852,-13.311960418164652,5.0424196753888,182.581299
-60.29121631955529,-3.676243010848627,322.5,489.3333333333333,289,2873.5,1513.6666666666667,598,0.8172332048416138,-9.2794537812327,-15.332912065550772,6.053458284318072,178.293549
-60.001285061605714,-3.6542342863876986,365,542,337,2907,1666,705,0.7922317981719971,-6.3542038051657865,-14.22889348077119,7.874689675605403,38.835949
-59.58334387566911,-3.22012342533694,400,575,326,3437,1585,667,0.8267340064048767,-4.57321709181282,-11.608388531303866,7.035171439491046,203.353775
-60.20677468284806,-2.934459164986932,310.5,498.5,288.5,3364,1642,639.5,0.8420259952545166,-9.028759627791118,-14.307744898505298,5.2789852707141804,116.21622467041016
-60.37565795626253,-3.9268729751179734,260,413,231,2791.5,1322,513.5,0.8471463918685913,-8.555554052373186,-14.645671395950746,6.09011734357756,54.67920684814453
-60.249893816485795,-3.7011712599829436,395.6666666666667,548,436,2695,2057,1070,0.721494734287262,-8.164769618239115,-13.365890030194452,5.201120411955337,241.184647
-60.22092314857294,-3.648170658219892,344,515.25,321,2912.833333333333,1616,668,0.8014739751815796,-10.053422196332043,-13.205428877771151,3.152006681439108,167.199646
-59.75941367135653,-3.5587882874499996,547,721.5,658,2584.5,2519,1424.5,0.594140350818634,-10.861540161105125,-15.436666390429963,4.575126229324837,12.835423469543457
-60.35522128354881,-3.6007845269825873,305,586,282,3552,1690,657,0.8528951406478882,-7.109367825036613,-13.625496302157751,6.516128477121138,282.557312
-59.31879002449591,-2.893585819559494,330.5,540.5,325.5,3027.5,1611,664.5,0.8058454990386963,-9.961264962030915,-15.988351092825203,6.027086130794288,251.653305
-60.774734521232624,-3.1487073602494378,262,456,242,3090,1450,581,0.8547418713569641,-6.6376665908984664,-13.047116717614289,6.409450126715822,135.001846
-60.01633184261472,-2.5886077806009165,366,533,316,2839,1473,606,0.7996830344200134,-7.634476919372563,-12.918785824802907,5.284308905430343,303.409393
-60.395196313692125,-2.544141174037,260,459,265,2854,1388,580,0.8300737142562866,-6.124108713450079,-13.572234609863772,7.448125896413693,102.911438
-60.145240085885874,-3.4536853992080156,456,703,457,3367,2469,1164,0.7609832882881165,-7.464985201927545,-13.238595496193232,5.773610294265687,0.0026680000592023134
-60.01475979086751,-3.7402479748421427,365,538,340.5,2831,1723.5,743,0.7852751016616821,-7.070566239690402,-13.29871470347136,6.228148463780958,158.871445
-60.02262004960355,-2.4159066672289384,331,497,280,3108,1557.5,628.5,0.8347107172012329,-12.09097274907743,-17.39763593582436,5.306663186746931,112.397827
-60.083705488923684,-2.557840482119823,303,479,273,3070,1577,629,0.8366736173629761,-9.204878998618396,-15.987719697314525,6.782840698696129,186.996765
-59.93099189062337,-3.8471474936523657,393.5,565.5,357,3111,1699,724.5,0.7941176295280457,-9.224121331279934,-14.626832157690489,5.402710826410555,153.772446
-59.6381411080004,-3.8763427403862503,307,511,263,3298,1716,714,0.8522886633872986,-8.30838688688969,-11.252817575740078,2.944430688850389,195.385834
-59.98736117470187,-2.6541847963416414,363,529,322,2984,1553,664.5,0.8052026629447937,-8.826142176961726,-14.17936570137153,5.353223524409804,96.804672
-60.63796601922543,-3.058651253016456,282.5,442,272,2724.5,1373.5,568,0.8184548616409302,-7.985915354942133,-13.601757397468173,5.61584204252604,208.718338
-60.582270471610016,-3.255606879059661,377,582,326,3325,1590,655,0.8214187622070312,-8.149710911409493,-14.032043205216391,5.882332293806899,164.413895
-60.04350587995933,-3.6445773970834137,386.5,557,347.5,2867.5,1646.5,712.5,0.7838258147239685,-8.060837302643217,-14.444234707652793,6.3833974050095765,219.980667
-60.313449622837254,-2.9883580820341034,249,411,257,2391,1386.5,564.5,0.805891215801239,-9.261353357907971,-14.425191940511253,5.163838582603281,244.525101
-59.92380536835041,-3.4723254413534956,394.5,598.5,381,3245.5,1842,766.5,0.7898800373077393,-11.205617882678709,-17.202908762299188,5.997290879620479,43.63092041015625
-60.25640660229566,-3.1363555250927946,298,483,273,2890,1512,628,0.827379047870636,-10.478599648555779,-15.997054814625644,5.518455166069865,0
-59.398290927140486,-2.810267076957408,434.5,603,367.5,3354.5,1787.5,750.5,0.802525520324707,-9.700108612271709,-14.732226407250874,5.032117794979165,232.820648
-60.321534460394325,-3.9663988476192324,262,466,262,3100,1587,611,0.8441404104232788,-8.765974066938432,-15.085621233454788,6.319647166516356,162.130844
-60.0199251037512,-3.7274469820434395,361.5,522.5,372,2811,1672.5,734.5,0.7662582397460938,-6.609634886790517,-13.181266307675754,6.571631420885237,210.850174
-59.93301310001263,-4.011539190646238,341,501,357,2691,1659,730,0.7657480239868164,-8.24450034468745,-14.005308676541983,5.760808331854532,17.92992401123047
-60.25416081408536,-3.95202580307332,312.5,480.5,312,2778,1484.5,618.5,0.798058271408081,-7.773667473476476,-13.119947984299783,5.3462805108233065,167.269745
-60.28268232435616,-3.3241034194737744,351,491,394,1829,1728,812,0.6455240845680237,-9.994506202612277,-14.582885043241468,4.588378840629192,127.204681
-60.35072970712821,-3.6245898820117546,288.5,451,268,2707,1466,586,0.819831907749176,-8.794941251993084,-14.168563117563233,5.373621865570149,155.470337
-60.1672488103468,-2.69415982648496,268,444,230,2915,1504,594,0.8537361025810242,-8.664892389643379,-14.325160181131064,5.660267791487685,119.506126
-60.62785997227908,-3.7921256825000453,276,478.5,248,3610,1806.5,717.5,0.8714359998703003,-7.301548996891123,-14.161841256940114,6.8602922600489915,76.274246
-60.16679965270474,-2.9674722516783243,260,465,249,2887,1423,573,0.8411989808082581,-7.000886757782294,-15.702822901114281,8.701936143331988,106.986053
-59.389083195478264,-2.784215933717942,324,521.5,291.5,3086,1606.5,656.5,0.8273870944976807,-6.170326140978394,-11.801504453964746,5.631178312986353,148.73789978027344
-59.69787907439435,-3.8927369943214316,520,769,665,2335,1664,1011,0.5566666722297668,-9.733424216738907,-15.117939297177847,5.3845150804389394,0
-59.80814727552002,-3.74541328772583,306,451,293,2904,1471,604,0.8167031407356262,-6.064229622297037,-11.711761803626517,5.64753218132948,108.964867
-59.78658770870115,-2.69438440530599,405,542.5,353,3108.5,1592.5,678.5,0.7960422039031982,-6.9315016974767385,-13.654514574428626,6.723012876951888,202.84523010253906
-59.65206499490425,-3.76450248751337,336,520.5,311.5,3099.5,1660.5,683,0.8173556327819824,-7.25676623342287,-13.741510397494608,6.484744164071738,173.44960021972656
-59.37628220267956,-3.4047272162235016,400,606,359,3537.5,1930.5,847,0.8157320618629456,-6.72524521305346,-12.161790179334615,5.436544966281154,65.827209
-59.80927016962517,-2.7363806448385777,373,594.5,356.5,3136.5,1669.5,735.5,0.7958774566650391,-11.715924049269372,-17.675589378329942,5.95966532906057,93.358383
-60.09021827473355,-2.9180649110517507,311.5,516,305.5,3019.5,1560,684,0.8162406086921692,-7.755013797857917,-12.355924702147032,4.600910904289115,139.904465
-59.70708680605657,-2.99397255255985,337,551,331,3002,1592,682,0.8013801574707031,-9.43350478426891,-16.062200475107005,6.628695690838095,95.637718
-60.80595097735578,-3.0532613613117388,244,422.5,233,2694,1525,620,0.8407925963401794,-7.591392344647789,-14.249267054961093,6.657874710313304,114.177368
-60.57441021287397,-3.827833715043796,212,399,234.5,2613.5,1307.5,513,0.8353230357170105,-7.439143054980098,-14.575934942071125,7.136791887091027,103.20698547363281
-60.32445398506771,-3.785388317869149,271,573,301,3168,1563,639,0.826462984085083,-9.195367944449538,-15.159319978443031,5.963952033993493,63.07533645629883
-60.535558076835805,-3.2174284794845813,441,587,342,3403,1602,655,0.8173564672470093,-6.506186545277073,-14.343969439434069,7.837782894156996,156.792328
-60.11896436382538,-2.444428177499733,307,468.5,272,2652.5,1357.5,543.5,0.813985288143158,-8.06887215763923,-12.124029766354152,4.0551576087149215,305.416168
-60.516244298227235,-3.8927369943214316,298.5,451.5,264.5,2697,1409.5,588.5,0.8213742971420288,-7.19551189069942,-12.581199309056982,5.385687418357563,93.554153
-60.3536492318016,-2.8284579614608285,241,406,232,2698,1329,526.5,0.8416382074356079,-9.267576543224836,-15.086604421553778,5.819027878328942,160.771957
-60.0327260965499,-2.501246619220293,451,640,407.5,3170,1891,840.5,0.7721872925758362,-10.925961048284748,-17.90213965174932,6.976178603464572,226.343597
-60.12839667430863,-2.5600862703301215,309,471,292,2780,1388,544,0.8098958134651184,-9.446992907635828,-13.458063493836912,4.011070586201084,175.438614
-60.52387997814225,-3.8296303456120353,243,385,209,2738,1368,534,0.8581608533859253,-9.48571632256306,-16.0451328685821,6.55941654601904,51.862122
-60.12570172845627,-2.4109659331662807,269,428,235,2840,1406,546,0.8471544981002808,-10.345763510704579,-15.363166217133022,5.017402706428443,72.621788
-60.12862125312966,-3.5980895811302287,307.5,484.5,252.5,3055.5,1620.5,654,0.8473398089408875,-10.32081541032067,-17.08925338064711,6.768437970326442,0.33673200011253357
-59.7441423115265,-2.4682335325289,319,497,298.5,2918.5,1618,678.5,0.8144233822822571,-6.7843770217111,-14.105806791911203,7.321429770200103,297.915466
-59.303743243486906,-3.101994965475223,471,746.5,520,3731,2329.5,1095.5,0.7553516626358032,-11.144548916172665,-17.159973963742985,6.01542504757032,3.601170063018799
-60.672326578843,-3.8437788113369176,270,429,274,2583,1540,702,0.8081904053688049,-10.891015995287978,-16.731680458922206,5.840664463634228,143.981018
-60.23125377434032,-3.996716988458266,292.5,478,297,3067,1551.5,641.5,0.8234245181083679,-9.597940143128282,-15.14166365448051,5.543723511352228,107.1520004272461
-60.23080461669826,-2.8924629254543444,256.5,427,210,2949,1312.5,501.5,0.8670465350151062,-7.766254579547322,-14.755265946111958,6.989011366564636,51.885948
-59.73830326217973,-2.5243782377863706,467,638,446,3267.5,1811,843.5,0.7597953677177429,-7.781110901607043,-14.118696000888207,6.3375850992811635,350.297394
-60.43719255322471,-3.189805284497906,466,564,343,2788,1467,579,0.7809006571769714,-8.793075413545528,-14.687230073267376,5.894154659721847,242.59432983398438
-60.437866289687804,-3.2241658441154777,472,680,551,2781,2558,1447,0.6692677140235901,-9.521673080493537,-15.21479690181404,5.693123821320503,2.6752119064331055
-59.97006860548257,-3.3198364218742067,589,942,684,4042,2753,1434,0.7105374336242676,-10.598995700601712,-15.844383226455715,5.245387525854003,0.9198619723320007
-59.52675001276958,-2.7202109697244263,345,553.5,310.5,2928,1521.5,636.5,0.8082445859909058,-6.88050936956344,-14.117441974538075,7.236932604974634,131.597565
-60.60472835371301,-2.718863496798247,285,472,233,3193,1500,609,0.863981306552887,-8.503491104042283,-15.193135075415595,6.689643971373313,99.31605529785156
-60.151752871695734,-2.5919764629163646,317,448,261,2908,1443,574,0.8352792859077454,-11.39271794087962,-17.483077531682227,6.090359590802606,302.484619
-60.63841517686749,-3.3793498094471253,350.5,506,351.5,2654,1501,654.5,0.7660955190658569,-7.93839432569113,-14.311105631979832,6.372711306288702,25.393827438354492
-60.56767284824308,-3.27671728823647,324,449,241,2723,1423,568,0.837381899356842,-8.002943855028853,-12.952488260805126,4.9495444057762725,184.916183
-60.01386147558339,-4.02838260222348,356.5,564,336,2932.5,1525.5,644.5,0.7944011092185974,-9.464355292804376,-14.25690271286733,4.792547420062954,158.238556
-60.009145320341766,-2.372787533591201,301.5,439,259,2946.5,1457.5,597.5,0.8384027481079102,-10.069269558639483,-15.887245272339372,5.817975713699889,371.811554
-60.60989366659669,-3.6823066390164336,442.5,670.5,488,2591,2116,1125.5,0.6830139756202698,-7.837901224341284,-12.984876127624563,5.1469749032832794,4.169705867767334
-59.57840314160645,-3.0626936717949937,290,485,287.5,3007.5,1621,671.5,0.8254931569099426,-7.39981000409541,-13.185075892984221,5.785265888888811,120.27283477783203
-59.63926400210555,-2.493161781663217,377.5,548.5,357.5,2923.5,1670,720,0.7820786237716675,-8.408219859562921,-14.63672480185364,6.228504942290719,206.965515
-59.858228352609686,-2.534708863553745,367,534,303,3019,1572,632.5,0.8175797462463379,-8.005170480818744,-14.46467367221874,6.459503191399996,61.58623504638672
-59.8553088279363,-2.8417081119015912,346,539,330,3041,1631,686,0.8042123913764954,-8.543582436698138,-15.898535661846902,7.354953225148764,101.84375
-60.775408257695716,-3.0817828715825337,521.5,730.5,790,2584.5,2997,1709,0.5317825078964233,-11.412143056543462,-17.704827715292033,6.292684658748572,0
-59.6749720346493,-2.872924568024745,377,564,345,3145,1698,714,0.8022922873497009,-7.8966192766448975,-13.307929822366871,5.411310545721974,253.789413
-60.11245157801551,-3.0537105189537987,741,1060,1183,3426,3011,1776,0.4866565465927124,-11.866002258017023,-17.377186295572248,5.511184037555225,4.774781227111816
-59.92245789542423,-2.388283472242263,316,530,280,3157,1504,613,0.837067186832428,-8.768620701118985,-14.943790509995372,6.175169808876387,305.0860595703125
-59.77243924297627,-3.0251890086830038,334,540,324,2900,1623,706,0.7990074157714844,-9.453527447601234,-14.06450071828562,4.6109732706843864,157.7361602783203
-59.293637196540566,-3.1704915058893364,537,852,497,3837,2044,952,0.7706506848335266,-5.934373430060916,-13.164189215267994,7.229815785207078,49.69663619995117
-59.64106063267379,-3.8026808870884494,326,449.5,283.5,2704.5,1596,664.5,0.8102409839630127,-7.1160965047836555,-13.661762697122777,6.545666192339121,149.201523
-60.1364815118657,-3.499274899877081,352,639,327,3846,1655,614,0.8432782292366028,-7.501241179644302,-14.09761574988104,6.596374570236738,76.292664
-60.43000603095176,-3.8049266752987485,283,468,262,2943,1530,611,0.8365054726600647,-10.906361063300317,-15.51462456097389,4.608263497673574,12.722744941711426
-60.14860876820132,-2.9093063370315853,653,919,884,3115,2658,1509,0.557889461517334,-9.765647608394145,-14.555753361458798,4.790105753064653,0.06248899921774864
-59.57997519335366,-3.6744463802803877,358,514,313,3097,1825,844,0.8164222836494446,-8.030868525708252,-14.95768558519776,6.926817059489508,30.792755126953125
-59.911453533193765,-3.803803781193599,359,518,321,2879,1506,619,0.7993749976158142,-8.647193087737568,-15.149215432876925,6.502022345139357,194.186462
-60.21575783568925,-3.096155916128446,318,541,300,3254,1599,646,0.8311761617660522,-7.296726103935029,-13.478294777172952,6.181568673237923,3.9890310764312744
-60.452688491875776,-2.474521739517737,254,425,240,2716.5,1349,537.5,0.8376458883285522,-6.507957963545189,-12.707677370112373,6.199719406567184,125.01121520996094
-60.45852754122255,-4.017153661171985,228,380,223,2471,1353,521,0.834446907043457,-8.16480524386092,-13.079035614304466,4.914230370443546,118.477791
-59.74661267855783,-2.628133653102175,545.5,763,736,3284,2967.5,1633,0.6338308453559875,-8.823806274042582,-15.341976082452353,6.5181698084097714,0
-59.793998809795134,-3.1105289606743582,326,525,308,3025,1619,746,0.8151814937591553,-7.992807692771212,-13.820932240569078,5.8281245477978665,117.123512
-60.25169044705403,-2.805326342894751,247,413,233.5,2491.5,1180.5,472.5,0.8286238312721252,-8.96614208667346,-13.256148728308286,4.290006641634827,47.147212982177734
-60.40507778181744,-3.9439409655162443,289,450,276.5,2649,1368,576.5,0.8109725117683411,-7.190817126179304,-14.151959110660394,6.96114198448109,156.159912
-60.13670609068674,-3.781795056732671,368.5,501,342.5,2567.5,1513.5,647,0.7646048069000244,-7.31789871941194,-15.052970873042806,7.735072153630866,114.275703
-60.55846511658085,-3.965275953514083,238.5,368.5,231.5,2595,1325,520.5,0.8361931443214417,-8.52798237371072,-14.528629017644159,6.000646643933438,243.852615
-60.13895187889703,-2.645875379963536,293,438,244.5,2686,1251,499.5,0.8331342935562134,-7.593521409446861,-15.04717483895857,7.453653429511709,178.130035
-60.00667495331044,-3.7090315187189895,333.5,517,287,2982,1621,659,0.824411153793335,-6.926562247924412,-14.572700526185873,7.646138278261461,153.1710625
-60.54948196373965,-3.928220448044153,238,421,221,2981,1538,623,0.8619612455368042,-8.929099511170689,-16.333818530006038,7.404719018835349,264.190033
-60.189482113628756,-3.117940061768344,256.5,413,222.5,2650.5,1297.5,501.5,0.8451096415519714,-8.96957357467339,-15.719572908667116,6.749999333993726,243.009918
-59.574585301648945,-3.709480676361049,407,599,419,2813,2004,1007,0.7407178282737732,-9.216549298850778,-14.343517698721037,5.126968399870259,41.725006103515625
-59.47082988633314,-3.229555735820195,545,810,777,3355,2898,1697,0.6239109635353088,-9.613836472594755,-13.393202597888855,3.7793661252941,1.4848870038986206
-60.177804014935205,-3.9291187633282725,297.5,476,264,2950.5,1382.5,540,0.8357442617416382,-9.316278925895148,-14.286273000481158,4.96999407458601,167.840698
-59.47509688393271,-2.667884104424464,368,573,345,3417,1791,756,0.8165869116783142,-5.564178173558222,-11.78193662902535,6.217758455467129,70.744568
-60.84457853457292,-2.7927499289170776,267,445,241,2863,1363,535,0.844716489315033,-7.704041801378574,-13.259333284443692,5.555291483065117,152.867599
-60.51287561591178,-3.565301073259866,317.5,492.5,283.5,3208.5,1751,752,0.8376288414001465,-5.933990760449866,-11.872922026906565,5.938931266456699,73.707458
-60.10796000159491,-3.1875594962876073,489,738,617,3251,2609,1372,0.6809720993041992,-8.861105794786448,-14.279592844505109,5.41848704971866,10.898297309875488
-59.48340630031081,-2.8230680697561112,325,493,277.5,2974,1518.5,625.5,0.8293095231056213,-7.90979655828956,-14.723060546682824,6.813263988393263,200.373093
-60.55824053775982,-3.9156440340664793,245,392,234,2647,1343,548,0.8375564217567444,-8.73326000108783,-14.991567778215373,6.258307777127543,142.060837
-60.7181406583331,-2.4909159934529184,245,417,233,2934,1378,529,0.8528575897216797,-7.713532800476001,-14.659344439418174,6.945811638942173,120.246094
-60.41338719819555,-2.7889320889595695,235.5,374.5,243,2332.5,1317,528.5,0.8112987875938416,-9.045736098244946,-15.668392547234307,6.6226564489893605,602.186401
-60.566999111779985,-3.592025952962422,298.5,447,280.5,2421,1509,698,0.7923375964164734,-8.950627377966828,-14.870584126699756,5.919956748732927,23.500057220458984
-60.77361162712747,-3.0611216200477847,310,475,288,2646,1421,586,0.803680956363678,-5.997626408828685,-13.31705449555204,7.319428086723354,47.379452
-60.61752934651171,-3.466486392006719,227,358,211,2185,1282,552,0.8238731026649475,-9.403029807716608,-15.057209060568633,5.654179252852025,130.748444
-60.20116021232231,-2.4877718899584997,314,456,282,2468.5,1297,526,0.7949463725090027,-8.18135181311683,-13.152682075124451,4.971330262007621,63.953201
-60.412039725269366,-3.8498424395047244,247.5,389.5,216.5,2876,1339.5,527.5,0.8599838614463806,-8.306648650218639,-14.483430560131135,6.176781909912496,35.718559
-59.499351396603934,-3.137253840376914,602.5,851.5,1025.5,1097.5,835.5,490,0.033914271742105484,-12.857027432531854,-18.49512359141019,5.638096158878337,1.1715970039367676
-60.73857733104681,-3.1752076611309636,294,552,264,3690,1716,658,0.8664643168449402,-7.824726164534367,-15.017250910863165,7.1925247463287985,23.528701782226562
-59.53775437500004,-3.6371662959894278,326,526,294,3549,2139,939,0.8469945192337036,-7.961190931358334,-13.978577977646838,6.017387046288504,18.82270622253418
-60.04979408694817,-2.5787263124756015,352,547,318,3037,1452,618,0.8104321956634521,-6.928089112141503,-13.16037277814747,6.2322836660059675,6.912972927093506
-60.21216457455277,-3.715993462170916,345,469.5,265,3090,1512,590.5,0.8420268297195435,-8.352261758012794,-13.781962226385605,5.429700468372811,38.9593620300293
-60.30491562763812,-2.7406476424381454,276,413.5,261.5,2695,1350,548.5,0.8231016397476196,-8.101513403259219,-14.371542257889075,6.270028854629857,177.856735
-59.832177209370215,-2.4026565167881753,351.5,537,341,3069,1716.5,709.5,0.800000011920929,-7.047450081995606,-14.253749518576587,7.206299436580981,22.348237991333008
-59.59120413440515,-3.740023396021113,319.5,536,272.5,3405,1668.5,681.5,0.8518015146255493,-8.208121788691612,-13.742463179369246,5.534341390677634,0
-60.60832161484949,-3.0889693938554896,333,469,299,2616,1451,577,0.7948542237281799,-8.776669903302084,-15.53742888709925,6.7607589837971656,221.702637
-60.89196466581022,-3.008345597105763,465,518,636,1506,2363,1495,0.40616247057914734,-10.870385983107472,-16.935393158303988,6.065007175196516,66.43647003173828
-60.153324923442945,-2.639362594153669,372,525,312,2964,1461,604,0.8095238208770752,-7.724182141221649,-13.717407810649267,5.993225669427617,211.828278
-60.849070110993516,-3.7517014947146667,266,446,256.5,2796,1391.5,547.5,0.8319410085678101,-8.187024606955234,-13.908556505974891,5.7215318990196575,34.62185287475586
-60.77967525529528,-2.9526500494903525,236,414,241,2625,1233,487,0.8318213820457458,-7.441093121036982,-12.603923976394892,5.16283085535791,226.099335
-60.51377393119591,-2.7720886773823286,338,496,300.5,3154.5,1595.5,675.5,0.8260492086410522,-6.8822123609398,-12.721496498978187,5.839284138038387,221.950241
-60.10279468871122,-2.626561601354966,312,474,274,2635,1426,576,0.8116191029548645,-6.881804857267284,-13.366170985650548,6.4843661283832645,221.072723
-60.025314995455915,-2.915369965199392,280,505.5,265,3303.5,1692,707.5,0.8514782190322876,-7.865105547846754,-13.82325360684135,5.958148058994595,216.402298
-60.36847143398957,-2.678888466654928,298.5,424.5,262,2462.5,1368,580.5,0.8076711297035217,-8.820625620904682,-14.262235076596163,5.441609455691481,149.179703
-60.141197667107335,-2.2930620521255936,243.5,384.5,224,2672.5,1362.5,532.5,0.8453305959701538,-8.949089213861871,-16.70012205118187,7.75103283732,259.853882
-60.39182763137668,-3.468058443753928,340,462,356,2552,1760,844,0.7551581859588623,-8.872810519573605,-14.434013234753031,5.5612027151794265,47.77939224243164
-60.46256996000109,-3.704315363477362,244,441.5,225,3476,1822,727.5,0.8784112334251404,-8.02329317559299,-13.506222058438713,5.482928882845723,9.6095609664917
-60.39452257722904,-3.0999737560859537,286,498,250,3392,1592,617,0.8627128005027771,-8.008850511584678,-13.37613100126865,5.3672804896839725,90.02013397216797
-59.90247038035257,-2.4882210476005597,348,546,315,2842.5,1517,644.5,0.8004750609397888,-8.794072453965727,-14.895939181155953,6.101866727190226,47.78306198120117
-60.54858364845553,-3.246623726218466,463,623.5,383.5,3250.5,1507.5,619.5,0.7889378070831299,-8.169356699287516,-14.175781601938695,6.00642490265118,103.8572998046875
-60.55554559190746,-2.6202733943661296,340.5,488,292.5,2778,1397.5,566,0.8094772696495056,-9.226164306299033,-14.443762064282845,5.217597757983812,107.590019
-59.36550241927013,-3.105139068969641,308,450,245,3090,1584,652,0.8530734777450562,-8.259353113843082,-14.178753324645431,5.919400210802349,208.062637
-60.416531301689965,-2.557615903298793,319,488,290,2683,1395,607,0.8049108386039734,-6.211796943356465,-13.199361425743392,6.987564482386928,118.943604
-60.12951956841378,-3.5931488470675714,359,463,287,2848,1411.5,577,0.8169059157371521,-7.239348601060191,-13.657741605245201,6.418393004185011,48.372211
-59.72819721523338,-3.459973606196852,368,597,321,3330,1766,751,0.8241577744483948,-6.454562209001943,-13.757363005618373,7.30280079661643,301.481201
-59.53618232325284,-2.5713152113816156,373,533,338,2893,1606,670,0.7907768487930298,-7.89303627604328,-13.905231532773936,6.012195256730656,47.72164535522461
-60.12525257081421,-3.568894334396344,321.5,477,286,2791,1611.5,679.5,0.8141046762466431,-10.172385884513723,-15.840657258574653,5.6682713740609305,17.012596130371094
-60.637067703941305,-2.4927126240211575,224,386,217,2828,1338,528,0.8574712872505188,-6.825555184745419,-14.221122467778912,7.395567283033493,124.94573974609375
-59.96669992316711,-2.8080212887471094,317,526,275,3507,1554,643,0.8545743227005005,-9.545406984174585,-15.27420138644699,5.728794402272404,210.92626953125
-59.79242675804793,-3.4559311874183143,356,512,319,2872,1602,706,0.8000626564025879,-10.150558193111001,-15.411435742245283,5.260877549134282,0.8633109927177429
-59.924703683634526,-3.61403467742335,448,595,450,2476,1998,974,0.6924128532409668,-6.590145444966327,-13.108031094220705,6.517885649254378,47.738319
-60.33905160843466,-3.2151826912742827,259,423.5,250.5,2944,1399.5,581.5,0.8431679606437683,-7.929690182314807,-14.31382894310901,6.384138760794204,61.641209
-59.72932010933853,-3.7669728545446985,408,584.5,425,2609.5,1455.5,684,0.7198879718780518,-9.831126270817748,-15.499414557706858,5.66828828688911,46.77512741088867
-59.59569571082575,-2.8911154525281653,379,524,326,3037.5,1624,663,0.8061543107032776,-7.0360257906807355,-12.591174338452902,5.555148547772166,159.662094
-60.384191951461666,-3.681408323732314,250.5,402.5,241,2652,1339.5,512,0.8333909511566162,-8.035251635412457,-14.222419420976092,6.187167785563634,265.271088
-60.097404797006504,-3.456380345060374,353,612,291,4229,1822,722,0.8712389469146729,-6.948104008219391,-16.22020435920583,9.272100350986438,107.320007
-59.73179047636986,-2.604328298073008,392,569,341,3252,1731,733,0.8101864457130432,-8.282424888275342,-14.228420141659253,5.945995253383911,256.086548
-60.25124128941197,-3.0296805851036015,267.5,436,243,2811.5,1504.5,597.5,0.8408904671669006,-8.79557432886085,-15.977354628005001,7.181780299144151,85.13013458251953
-59.594348237899574,-2.5032678286095615,388,575,346,3199,1762,748,0.804795503616333,-7.784990511105204,-13.487443200419785,5.702452689314581,209.316498
-60.85737952737162,-2.8911154525281653,327,488,314,2773,1470,610,0.7965662479400635,-10.140977990519366,-14.697444528794968,4.556466538275602,191.972687
-60.28111027260895,-3.6432299241572346,317.66666666666663,498.8,299.85714285714283,3027,1589,626.5,0.8197354674339294,-8.036016139331316,-14.682590429959122,6.646574290627806,159.342209
-60.51399851001693,-3.4932112717092743,287,522,300,3537,1626,692,0.8436278104782104,-11.116493079327777,-15.393678819832022,4.277185740504246,87.376801
-59.76121030192478,-3.7310402431799177,345,498,303,2923,1569,636,0.8121512532234192,-7.941168531931353,-14.98944512250473,7.048276590573376,104.47156524658203
-60.62269465939539,-3.3780023365209457,343,571,342.5,2881.5,1437.5,706.5,0.7875310182571411,-8.358836904189213,-13.327790634950343,4.968953730761131,2.1188418865203857
-60.01857763082502,-2.348533020919974,254,393.5,248.5,2434.5,1325.5,566.5,0.8147596120834351,-9.457745620120598,-15.595137394194577,6.137391774073979,213.084778
-60.18813464070258,-4.037590333885705,275,455,270,2742,1430,589,0.8207171559333801,-8.350566075322318,-13.724686991159448,5.37412091583713,54.00028991699219
-60.286949321955724,-3.2160810065584022,847,969,1325.5,2515.5,4604,3106,0.3098151385784149,-11.37174405969521,-18.235697767806823,6.863953708111612,3.1288158893585205
-60.01341231794133,-3.441333564051372,568,900,556,4394,2270,1131,0.7753535509109497,-8.25585310958839,-12.790809131959726,4.534956022371336,51.486252
-60.36465359403206,-2.8039788699685717,216,405,221,2784,1311,523,0.8529118299484253,-8.378064528009636,-14.028052562027586,5.64998803401795,43.66098403930664
-60.468858166989925,-3.738451344273904,266,468,264.5,2901,1505.5,604,0.8328858017921448,-9.759224672546448,-14.674475011204805,4.915250338658357,204.021729
-60.760586055507744,-3.064041144721173,272.5,462,262.5,2891,1437.5,579,0.8335183262825012,-6.677664242319494,-13.178255661585453,6.500591419265959,92.752319
-60.30244526060679,-3.83951181373735,278,475,274,2841,1573,653,0.8240770697593689,-5.9249231414807015,-11.635991077133369,5.711067935652667,114.35157012939453
-60.781471885863525,-2.849568370637637,250.5,407.5,224.5,2671,1352.5,538.5,0.8449317812919617,-7.988467326944197,-15.557309545191156,7.568842218246959,77.254082
-60.326250615635956,-3.796617258920643,319.5,548.5,299,3050.5,1602.5,648,0.8214659094810486,-9.915030118131213,-16.131731886935178,6.216701768803965,171.4552001953125
-60.37498421979944,-3.546436452293356,265,441,269,2787.5,1472,607.5,0.8239817023277283,-8.119120937880522,-13.98994492396618,5.870823986085657,71.395958
-60.06910786555674,-2.5468361198893583,298.5,461,258.5,2622.5,1371,552.5,0.820548415184021,-8.04184882902282,-14.553606196756503,6.511757367733683,198.157608
-59.483181721489785,-3.0683081423207406,364,626,331,3258,1623,691,0.815547525882721,-8.594175554492082,-14.391708331507008,5.797532777014926,176.15126037597656
-59.67609492875445,-2.7271729131763522,383,578,332,3224,1718,741,0.8132733702659607,-8.391862342232338,-13.609870293523736,5.218007951291398,150.360489
-61.003580339862076,-3.2506661449970036,324,482,268,2946,1420,579,0.8332296013832092,-7.436725152629554,-14.58537962761762,7.148654474988065,141.518753
-59.96759823845124,-2.7646775762883427,317,510,283,2976,1699,697,0.8263270854949951,-8.169159707452888,-14.750617816645361,6.581458109192473,154.672485
-60.28155943025101,-3.042706156723334,236,423,214,3149,1369,523,0.8727326989173889,-9.909794563334287,-14.743114080195996,4.8333195168617085,106.031197
-60.38643773967196,-2.8316020649552467,272,456,273,2757,1407,610,0.8198019862174988,-6.179950473073111,-14.358117238402631,8.17816676532952,230.447937
-59.83150347290713,-2.6638416856459264,424,591.5,358.5,3047.5,1721,757.5,0.7894891500473022,-8.253992903788669,-13.98111951420339,5.727126610414722,154.508728
-60.18341848546095,-3.9587631677042165,300,487,273,3060,1531,633,0.8361836075782776,-9.639082435593885,-14.151519752320754,4.512437316726869,167.429886
-60.35522128354881,-3.0056506512534042,252,415,241,2699,1450,591,0.8360544443130493,-7.30642075820246,-14.317214937448808,7.010794179246348,93.976646
-59.7050655966673,-2.442856125752524,485,686.5,416.5,3599.5,1964,824.5,0.792579710483551,-9.209922612667224,-15.698187304622653,6.488264691955429,532.954041
-59.511029495297485,-2.6409346459008782,425,621.5,392.5,3139,1693.5,697,0.7777148485183716,-9.075797909739558,-13.69221486350433,4.616416953764771,182.195389
-59.95300061508429,-2.5661498984979283,331.5,522,264.5,2920.5,1451,571.5,0.8339089751243591,-9.804698729852108,-14.08494384990086,4.280245120048752,285.263794
-59.983543334744354,-2.891564610170225,285,465.5,273.5,2836,1471,607,0.8240875005722046,-6.233522057865123,-13.11505763964437,6.8815355817792465,273.052948
-59.66329393595575,-3.5533983957452824,384,556.5,349.5,2988,1538.5,628,0.7905617952346802,-10.015326525638473,-16.9238241999127,6.908497674274228,198.542633
-59.97613223365037,-4.003005195447103,325,484,285,2892,1612,688,0.8205854296684265,-9.186681466944291,-15.832165669725388,6.6454842027810965,200.173569
-59.94424204106413,-4.044327698516601,385,515,366,2390,1542,659,0.7343976497650146,-9.404662436919583,-15.409431332979608,6.004768896060025,207.309067
-60.189482113628756,-4.012886663572417,316,499,289,2839,1454,586,0.8152173757553101,-7.807501707134468,-14.379070506565196,6.571568799430728,162.358719
-60.05069240223229,-2.2950832615148626,312,536.5,378.5,3177,1978,869.5,0.7870904207229614,-10.12483369548355,-15.467450094516444,5.342616399032893,0.14668099582195282
-60.00981905680485,-2.52482739542843,407,578.5,351,2776.5,1643,677.5,0.7755395770072937,-8.484270110871234,-13.835788400923617,5.3515182900523826,180.859009
-60.07112907494601,-3.710154412824139,414.5,576.5,386.5,2816.5,1686,750.5,0.7586637735366821,-8.398299497350887,-14.115350230973435,5.717050733622548,231.85495
-60.925651488964704,-2.8457505306801294,275,420,264.5,2837.5,1428,604,0.829464852809906,-6.258346888293973,-13.072800926783197,6.814454038489224,183.597900390625
-59.77176550651318,-3.4655880767225993,370,588.5,338.5,3233,1647.5,678.5,0.8104438185691833,-7.947301105051001,-14.155251925118462,6.2079508200674605,200.036316
-60.14366803413866,-3.884202999122296,333,534,294,3136,1633,661,0.8285714387893677,-6.708129109692404,-14.830032839095642,8.121903729403238,149.610306
-60.476493846904944,-4.0050264048363715,259,414,255,2627,1359,547,0.8230395317077637,-8.726188880705742,-14.9138146792849,6.187625798579159,153.145676
-60.24270729421284,-2.611514820345964,253,392,246.5,2307.5,1309,543,0.8069694638252258,-8.902119618855997,-14.302662264742327,5.400542645886331,81.84407043457031
-59.82880852705477,-3.0485452060701115,360,538.5,301,3087,1739.5,724.5,0.8223140239715576,-8.316293548868693,-13.8074728250205,5.491179276151808,54.52543640136719
-60.52096045346886,-3.1967672279498323,303,489,307,2645,1422,614,0.7920054197311401,-7.61351436419745,-14.342901964273354,6.729387600075904,100.926712
-59.944915777527214,-3.5021944245504697,453.5,597.5,486.5,2518,2443,1336.5,0.6761524677276611,-7.0481889171735475,-15.729599601598295,8.681410684424748,55.19103240966797
-60.000835903963655,-3.535207511241862,458.5,699.5,426,3126,1796,859.5,0.7601351141929626,-9.07357556757236,-14.731117306702084,5.657541739129723,11.203609466552734
-60.960236627403305,-3.505563106865918,356.5,523,327.5,3461,1648.5,704,0.8271083831787109,-9.865749822990342,-13.66430198949058,3.7985521665002384,250.516983
-59.795570861542345,-2.7289695437445913,322.5,497.5,315.5,2755,1503.5,635,0.7944959998130798,-8.048572087239291,-15.718929292792861,7.67035720555357,140.965393
-60.889718877599925,-3.0245152722199142,274,474,252,2914,1475,602,0.8408085703849792,-7.126100926121798,-13.489935243062725,6.363834316940927,54.5977897644043
-59.82386779299211,-2.7516520046686095,400,636.5,369,3371.5,1850,794,0.8027001619338989,-8.108595161704828,-14.47471694847425,6.366121786769421,278.263641
-60.451565597770625,-3.65176391935637,301,386,255,2449,1468,605,0.8113905191421509,-8.951127004691893,-15.663713957061539,6.712586952369646,196.397369
-59.737180368074576,-3.447397192219179,382,590,322,3300,1652,683,0.822197675704956,-8.337512470577249,-13.64449285116725,5.3069803805900015,410.294128
-60.28470353374543,-3.8437788113369176,314,502,271,3285,1681,673,0.8475815653800964,-9.031882094621908,-14.362694841297682,5.3308127466757735,14.896988868713379
-60.18341848546095,-3.4689567590380475,413,624,409,2833,2214,1123,0.7476866245269775,-7.646282745508998,-14.939729384033193,7.293446638524195,79.629501
-59.98848406880701,-2.9286201156401552,293,530,339,3210,1813,788,0.8089602589607239,-5.737262052151603,-13.387368375336612,7.650106323185009,29.735034942626953
-59.82341863535005,-3.1001983349069837,429,729,537.5,2866,1822,1082,0.6841486692428589,-8.539722821853516,-14.312248725575454,5.772525903721938,1.1160930395126343
-60.10167179460608,-3.5599111815551487,318,466,263,2806,1511,632,0.8286086916923523,-7.8200117387021955,-14.981589911998414,7.161578173296219,284.078308
-60.27594495972526,-2.99419713138088,287,480,250,3167,1561,588,0.8536728024482727,-8.679007413928572,-14.834126568085972,6.155119154157401,14.97793197631836
-60.075620651366606,-3.377104021236826,344,518.5,338.5,2764.5,1674.5,734,0.7818240523338318,-7.330277736959303,-13.259300822085649,5.929023085126346,93.52843475341797
-60.26943217391539,-2.7658004703934918,253,442,249,2952,1340,537,0.8444235920906067,-8.07270291694023,-14.470982647540218,6.398279730599988,63.788658
-60.27347459269393,-2.331689609342733,255.5,410.5,243,2419.5,1293.5,525.5,0.8174647688865662,-9.560338903588617,-16.37137863693256,6.811039733343941,152.53919982910156
-59.651840416083225,-2.765575891572462,405,600,334.5,3325.5,1642.5,698,0.8172131180763245,-7.877121916156355,-13.786086896002471,5.908964979846116,266.147858
-59.55190284072493,-2.688545355959213,383,578.5,366.5,2967.5,1693,703,0.7801439762115479,-6.206126959113418,-11.781541108369423,5.575414149256004,159.971649
-60.17510906908284,-4.029505496328629,382,527,310,2995,1582,634,0.8124054670333862,-10.165223610802244,-15.721129814979918,5.555906204177674,116.721161
-60.168596283272976,-3.2302294722832845,300,539,263,3828,1664,655,0.8714250922203064,-9.181196042719176,-15.4365857743075,6.255389731588325,18.629146575927734
-59.41446060225464,-3.074147191667518,702,913,1073,2506,3703,2506,0.400391161441803,-8.716274713861665,-13.234922696017078,4.518647982155413,0.02285500057041645
-60.790005881062655,-2.932887113239723,262,458,260,2878,1417,565,0.8342893719673157,-8.958508343285958,-13.607383979575971,4.648875636290013,84.836143
-60.33500918965612,-3.4575032391655234,291,528.5,293,3474,1485.5,599,0.8444385528564453,-7.671389696686184,-13.079471540848376,5.408081844162192,87.762161
-59.806799802593844,-2.6595746880463587,468,610,392,2998,1753,757,0.7687315344810486,-10.50844986334299,-15.131932569384347,4.623482706041356,211.392868
-60.661995953075625,-2.6308285989545337,536,662,471,3434,2044,966,0.7587708234786987,-8.302689897171733,-14.442570795303823,6.139880898132089,15.157674789428711
-60.39968789011272,-2.854059947058235,252,440.5,241,2648,1368.5,566.5,0.8331602811813354,-8.550239353229683,-16.16232941260087,7.6120900593711855,158.402039
-60.84570142867807,-2.8019576605793026,269,462,231,2887,1561,630,0.8518280982971191,-5.8183336085098905,-13.043507392989678,7.225173784479788,135.181335
-60.065514604420265,-2.695507299411139,805,1017.5,1122,2810,3415.5,1766,0.42929807305336,-7.189817791539609,-15.52255439166301,8.332736600123402,101.4246597290039
-60.16567675859959,-2.6227437613974582,272,477,290,2947,1439,590,0.8208217620849609,-9.297091040322764,-15.261369389716153,5.964278349393389,180.132294
-60.58810952095679,-3.621894936159396,478,693,659,2251,2844,1699.5,0.5470790266990662,-10.002123427288772,-16.84012220880917,6.8379987815203975,0
-60.246300555349315,-3.003854020685165,245.5,420.5,250,2673.5,1388,581.5,0.8289721012115479,-8.22398963320483,-14.442915036011374,6.218925402806544,214.022873
-60.42820940038352,-3.281433443478097,286.5,431,257.5,2689.5,1452.5,590.5,0.8252460360527039,-8.856177200940838,-14.179562222300955,5.323385021360117,34.372952
-60.27616953854629,-3.1264740569674796,305,477,321,3220,1957,899,0.8186953067779541,-8.47421751530445,-14.377763392146994,5.903545876842545,15.087531089782715
-59.517766859928386,-2.951976313027263,357,542,302,3013,1576,629,0.8177978992462158,-7.71037910087056,-13.11577534135597,5.40539624048541,205.690948
-60.01880220964605,-3.3674471319325416,388,563,367,2520.5,1792.5,846,0.7458008527755737,-7.415090436517826,-13.306185061566273,5.8910946250484475,69.28791046142578
-60.25483455054845,-3.2850267046145754,385,591,421,2632,1348,626,0.7242056727409363,-5.278946437000645,-13.850917412285675,8.57197097528503,3.778623104095459
-60.268758437452306,-3.8774656344914,283,442,288,2710,1538,615,0.80787193775177,-9.189771391267556,-15.303819909841652,6.114048518574096,107.64596557617188
-59.96917029019844,-2.549531065741717,377,581,300,3202.5,1491,593,0.8286938071250916,-10.807665971327374,-16.086261985858435,5.278596014531061,190.699661
-60.317492041615786,-3.108507751285089,288.5,500,257.5,3323,1523,598,0.85616534948349,-8.979749768617925,-14.85564048898025,5.8758907203623245,57.86479568481445
-60.642682174467055,-3.728345297327559,341,496,303,2956,1533,663,0.8140534162521362,-7.364432027507237,-13.514186619347763,6.149754591840526,80.80276489257812
-60.732064545236945,-2.8861747184655075,258.5,440.5,234.5,3071.5,1549,586,0.8581367135047913,-7.342243825495158,-15.756791930098785,8.414548104603627,129.955688
-60.64492796267736,-3.150953148459737,335,472.5,364.5,1877.5,1707.5,877.5,0.6748439073562622,-9.249424457293316,-15.6553370640837,6.405912606790384,118.961189
-60.86434147082355,-3.5329617230315633,293.5,437,259,2794,1491,645,0.8303308486938477,-9.421211925294559,-14.386499371525042,4.965287446230484,197.028305
-59.777829134680985,-2.8792127750135816,330,454,291,2596,1513,679,0.7984066605567932,-9.583446834591452,-15.512726835815771,5.929280001224319,142.250717
-60.590355309167094,-3.29513275156092,305,502,302,3208,1750,755,0.8279201984405518,-6.062853444786999,-11.9976729464429,5.934819501655902,69.922783
-60.3258014579939,-3.993797463784878,275,420.5,262.5,2712,1449,593,0.8234997391700745,-8.2878369065274,-15.422608370541486,7.1347714640140865,204.169144
-59.95996255853622,-2.8486700553535176,311,542,284,3797,1786,694,0.8608184456825256,-5.245128734171573,-11.798568378261571,6.553439644089998,66.045517
-59.758964513714474,-3.636043401884278,346,534,320,3118,1737,717,0.8138452768325806,-7.664653770606225,-14.294481429110789,6.6298276585045635,45.38722229003906
-60.984266561253506,-3.480410278910571,397.5,637,374,3371.5,1798,815.5,0.8002936840057373,-4.762690558487815,-13.310579212935512,8.547888654447696,25.035431
-59.718315747108065,-2.4751954759808266,389,589,354,3059,1706,735,0.7925578951835632,-11.251899290168124,-16.66709178863639,5.415192498468267,222.631592
-60.43606965911957,-2.573785578412944,329,523,284.5,2842.5,1386.5,577,0.8180364370346069,-12.612397536424087,-17.774069324711895,5.1616717882878085,121.4167251586914
-60.4295568733097,-3.6007845269825873,418,676,646,2966,2642,1481,0.6423034071922302,-9.433739946191217,-15.806222099865149,6.372482153673932,0.4100480079650879
-60.814484972554915,-2.9582645200160993,258.5,412.5,264,2804.5,1456,590,0.8279289603233337,-8.410203501831521,-14.097610697266354,5.687407195434833,242.262085
-60.97393593548613,-3.2394372039455095,283,473,274,2880,1398,571,0.8262524008750916,-8.820333888281677,-14.723368132144913,5.903034243863235,171.548126
-59.44365584898853,-3.176779712878173,366.5,527.5,357.5,3139,1900,885.5,0.7955098152160645,-5.904128501701367,-12.383158445713425,6.4790299440120585,24.209674835205078
-60.52343082050019,-2.65643058455194,291,411,251.5,2435,1244.5,499.5,0.8127675652503967,-8.800946199438659,-14.506254779595395,5.705308580156736,81.38609172280884
-59.66823467001841,-3.698700892951615,347.5,486.5,292.5,2744.5,1468,603.5,0.8073757290840149,-9.121505920953375,-15.40399970349711,6.282493782543735,239.896637
-59.42299459745377,-3.485351012973229,405,582.5,322,3612,1791.5,706,0.836298942565918,-6.773171452298964,-14.48671279159845,7.713541339299486,39.30034255981445
-59.818028743645336,-2.703592136968215,348,561,310,3210,1600,675,0.8238636255264282,-7.610806553073736,-13.914457348027081,6.303650794953345,58.717105865478516
-60.95327468395138,-3.242581307439928,268,411,235,2522,1394,535,0.8295248746871948,-7.426385673278261,-14.618301120890408,7.191915447612146,354.006287
-60.361284911716616,-3.4404352487672525,306,496,334,2655,1802,807,0.7765138745307922,-5.847618655457795,-13.09065686423855,7.243038208780755,20.451231002807617
-60.52140961111092,-3.3036667467600553,329,568,334.5,3151.5,1767,752,0.8080894947052002,-8.291147962293158,-13.907991490715979,5.616843528422821,0.14594699442386627
-59.73201505519089,-3.2845775469725154,538,839,628,3113,2016,1133,0.6642608642578125,-8.197270668956852,-12.71292604093662,4.5156553719797685,0.06471099704504013
-59.909881481446554,-2.5654761620348387,322.5,472,296,2672.5,1444.5,578.5,0.8005726933479309,-7.25358518846908,-13.199685890874218,5.946100702405138,150.812515
-59.65835320189309,-3.022269484009615,362,529,316,3665,1843,723,0.8412458896636963,-9.141959011848117,-15.388124183111822,6.246165171263705,174.021957
-59.69495954972096,-3.7503540217884876,330.5,505.5,296.5,3100.5,1553,631,0.8254342079162598,-8.059722318330017,-13.890913426360584,5.831191108030566,139.146851
-60.402382835965085,-2.8223943332930217,248,435,256,2751,1384,553,0.8297306299209595,-7.059840290680805,-12.8638333354883,5.803993044807495,165.044891
-59.912576427298916,-2.7312153319548904,299.5,497,296,3222,1602,650,0.8317225575447083,-9.042394978632265,-14.603403057497477,5.561008078865212,164.137878
-60.17757943611417,-2.6200488155450996,210,335,205.5,2287,1236.5,491,0.835105299949646,-10.209169961174444,-15.838928131694598,5.629758170520153,64.751389
-60.149282504664406,-3.9944712002479674,283.5,518.5,310.5,2947,1560.5,621.5,0.8093630075454712,-8.273864119739109,-13.696633708978766,5.422769589239657,130.769562
-59.51394901997087,-2.67507062669742,337,575.5,336,3283.5,1611,653.5,0.8143389821052551,-4.893059300955846,-10.848262546189444,5.955203245233598,171.972809
-59.9914035934804,-3.5760808566693,410,595,334,3535.5,1885,777.5,0.827367901802063,-9.365525276038934,-15.535918797710536,6.170393521671603,40.222481
-59.964903292598876,-2.917166595767631,273,449,265,3076,1592,631,0.841364860534668,-8.476500298739701,-15.072748404997762,6.596248106258061,193.550751
-59.5036183942035,-2.611065662703904,378,537.5,339,2719,1672.5,735.5,0.7782864570617676,-9.650179645044243,-15.22356226814954,5.573382623105296,174.6288299560547
-61.00492781278825,-3.2133860607060436,301,442,273,2818,1508,609,0.8233581185340881,-6.182541066893887,-12.806653456990956,6.624112390097069,52.233131
-60.76642510485452,-3.788083263721507,261,436,240,2910,1403,574,0.8476190567016602,-8.196026553590118,-13.076680526853794,4.8806539732636764,132.620224
-60.3430940272132,-3.7130739374975272,259,424,242,2669,1337,531,0.8337340950965881,-9.137972856799735,-14.555408358261099,5.417435501461364,166.523865
-59.67789155932269,-2.923454802756468,363.5,573,306,2979,1573.5,670,0.8136986494064331,-8.06216588640899,-14.549504600928794,6.4873387145198045,289.399109
-59.702146071993916,-3.8444525478000076,322,583,350.5,3355.5,1845,779.5,0.810847282409668,-6.852382475632176,-12.870179316603593,6.0177968409714175,49.03728485107422
-59.706637648414514,-2.6108410838828746,404,530,328,2974.5,1627.5,692,0.8013626337051392,-6.002503511951486,-9.998261716861897,3.9957582049104117,125.73925412280273
-60.638639755688516,-3.901046410699537,251,391,218,2554,1334,533,0.8427128195762634,-8.690377839465723,-14.497510793894469,5.807132954428745,202.039536
-60.27392375033599,-3.5801232754478383,334,498,323.5,2820.5,1608,681.5,0.794211208820343,-7.579582682259691,-14.697642213102649,7.118059530842958,77.56312561035156
-60.34668728834967,-3.503541897476649,279,430,246,2632,1348,521,0.8290479779243469,-8.56324125575487,-14.871775126182191,6.308533870427322,97.857162
-60.119862679109495,-2.7777031479080754,271,460,268,2815,1461,586,0.8261433839797974,-7.492369911111426,-15.216049857976465,7.723679946865039,126.48983001708984
-59.67025587940768,-2.9654510422890556,343,558,339,3304,1684,696,0.8138896226882935,-3.7308482256526654,-11.487229065984764,7.756380840332098,260.40271
-59.857105458504535,-2.480809946506574,304,480,285,3023,1502,598,0.8276904225349426,-7.999662807558677,-13.907570164507232,5.907907356948556,134.964935
-60.76193352843392,-3.61381009860232,302.5,459,274,2638.5,1472,633,0.8118454813957214,-8.02296887733346,-13.003863587656122,4.980894710322662,23.173847198486328
-60.06933244437777,-2.416355824870998,345,553,436,2710,2213,1136,0.7228226065635681,-9.110836667510137,-14.935818745986595,5.824982078476458,8.749835014343262
-59.3803246214581,-3.1264740569674796,325,537,288.5,3322.5,1650,690,0.840210497379303,-7.033429178746786,-13.939411848135542,6.905982669388756,201.162369
-60.58653746920959,-2.6609221609725378,304.5,513,286,2983,1472,622,0.8250229358673096,-9.991479196621794,-15.44385402524881,5.452374828627015,104.502907
-60.58092299868384,-2.3936733639469803,254,411,242.5,2446,1351,551.5,0.8196020126342773,-9.163623760556103,-15.354659645555255,6.1910358849991525,197.723053
-60.03766683061256,-2.977802877445699,314,470,311,2426,1458,709,0.7727438807487488,-6.924593140194477,-14.26984416020344,7.345251020008964,118.163071
-60.24135982128666,-2.874721198592984,255.5,412,226.5,2685.5,1354,547.5,0.8444368243217468,-10.519418812796959,-15.110234110590405,4.590815297793446,259.229675
-60.53960049561434,-3.0483206272490815,338.5,592,288,3172.5,1554.5,593,0.8335500359535217,-7.624264408073716,-13.893062754628565,6.268798346554848,28.299345016479492
-59.489694507299646,-3.349256247429121,376.5,618,305.5,3962,2082,926.5,0.8568248152732849,-8.343372766891688,-13.693173552084135,5.349800785192446,76.071213
-59.79983785914192,-2.444428177499733,350.5,570,308,3500,1739,693,0.8382353186607361,-7.666949477002481,-13.671433282511456,6.0044838055089755,89.51651000976562
-59.614335752971236,-2.9856631361817447,398,545.5,335.5,3242,1688,688.5,0.8124388456344604,-7.569373307577303,-13.710302758543826,6.140929450966523,96.356712
-60.2710042256626,-2.360211119613528,234,380,227,2586,1342,514,0.8386064767837524,-8.088632816631726,-13.483968152113173,5.395335335481446,66.746941
-59.64555220909438,-3.7894307366476867,380,579,326,3343,1722,708,0.8222948908805847,-7.039908564295105,-12.643201489574915,5.60329292527981,119.8969955444336
-59.75155341262049,-2.597141775800052,389,543,358,2734,1663,728,0.7684346437454224,-10.071592989303575,-16.976830442337768,6.905237453034193,302.513214
-59.52652543394855,-3.2735731847420513,519,856,645,3665.5,2296.5,1184,0.7007308006286621,-7.634296373250365,-12.059866912176778,4.425570538926413,0
-59.57436072282791,-2.7705166256351195,402,606,375.5,2933,1705,737.5,0.7730089426040649,-8.323714851376337,-14.198491877380981,5.874777026004644,215.459244
-60.87152799309651,-3.217877637126641,265.5,484,238.5,3385.5,1527.5,596,0.8683775067329407,-6.779247129990866,-12.65175160789046,5.872504477899595,99.8542251586914
-60.15197745051677,-3.803803781193599,317,493,289,2934,1605,671,0.8206639885902405,-7.455504239326012,-11.467640016166795,4.0121357768407835,178.292252
-60.524778293426365,-2.6056757709991873,360,498,300.5,2716.5,1313,530.5,0.8007954955101013,-7.83417216215879,-13.020559608655295,5.186387446496505,42.824310302734375
-60.47110395520023,-2.5335859694485956,303,463,260,2814,1461,613,0.8308392763137817,-8.80948851994621,-14.129750256787592,5.320261736841381,205.446808
-60.15107913523265,-3.901270989520567,371,550,329,3214.5,1698,695.5,0.8143078684806824,-8.188000924698372,-13.154981734356156,4.966980809657784,349.429382
-60.10279468871122,-2.3532491761616017,264.5,428,262.5,2813,1454,573.5,0.8292960524559021,-8.689308128990149,-15.403597412342993,6.714289283352844,133.561447
-60.37161553748399,-2.4453264927838525,245,434,240,2792,1468,595,0.8416886329650879,-8.163050181232075,-13.421781402248874,5.258731221016799,88.2661361694336
-60.00779784741558,-2.481932840611723,324,510,272,3229.5,1313,505,0.8446379899978638,-8.637010576029068,-15.367307161441545,6.730296585412477,106.06843566894531
-59.47307567454344,-3.5060122645079774,406,591,367,3322,1808,752,0.8010300993919373,-8.228505874271923,-14.299367269200312,6.070861394928389,137.944443
-59.913474742583034,-2.7179651815141272,335.5,507.5,301,3079,1586,646.5,0.8218935132026672,-10.074468989769215,-14.657284248518582,4.582815258749367,319.403839
-60.53106650041521,-3.695556789457197,257,408,212,2742,1403,575,0.8564658164978027,-8.356196254662894,-13.677603290063976,5.321407035401082,128.509689
-59.795570861542345,-3.112999327705687,406,605,387,2655,1652,820,0.7455621361732483,-8.108035027560906,-14.653855002382043,6.545819974821137,34.141548
-60.78416683171588,-2.775008202055717,297,488,271,3104,1525,597,0.8394073843955994,-9.556629682755919,-15.52204192835326,5.965412245597342,75.530006
-59.609619597729605,-3.5709155437856133,379.5,573,364,3014.5,1564,659,0.7845197319984436,-7.2442666730628344,-15.270096508947915,8.02582983588508,61.474876403808594
-59.71539622243468,-2.8922383466333144,359,518,315,3041,1742,738,0.8122765421867371,-9.488139248813738,-16.467176262703656,6.9790370138899185,250.371521
-60.0327260965499,-2.4581274855825557,341.5,509,312.5,3073.5,1616,655.5,0.8154163956642151,-7.66528428843724,-14.468101080140908,6.802816791703668,196.406189
-59.62915795515921,-3.680060850806135,325.5,535,333.5,2964,1981.5,903.5,0.7977255582809448,-10.492290295233907,-14.99094537217973,4.498655076945823,106.1810302734375
-59.82858394823374,-2.9504042612800534,345,537,311,3188,1718,722,0.8222349286079407,-7.357427086696578,-13.00474734352153,5.647320256824951,120.047882
-60.41877708990027,-2.75030453174243,379,538,333,3031,1570,661,0.8020213842391968,-7.660017664983274,-13.485409674470837,5.8253920094875635,106.88972473144531
-60.03811598825462,-2.4830557347168725,397,655,417,2916,1542,673,0.7497749924659729,-10.186715564000401,-16.968237974422784,6.781522410422383,86.471336
-59.32687486205299,-2.857428629373683,280.5,459,272.5,2821,1592.5,658,0.8238241672515869,-7.472755016034018,-14.134592054479409,6.661837038445391,247.129593
-59.45421105357693,-2.93805242612341,296.5,482,268.5,3105.5,1583.5,639,0.8408417105674744,-7.029234462260467,-12.6198568362727,5.5906223740122325,162.13385009765625
-60.015658106151626,-3.991551675574579,382,565,356,2864,1695,722,0.7788819670677185,-7.76485141928258,-15.57623952555467,7.811388106272089,194.66539001464844
-60.59619435851387,-2.69415982648496,271.5,506,260,3165,1530.5,614,0.8481751680374146,-8.25332063715539,-13.880473290932676,5.627152653777285,126.94791412353516
-59.963780398493725,-2.709431186314992,362,518.5,316,2816,1510.5,614.5,0.7982119917869568,-9.170897395020592,-15.143356762197609,5.9724593671770165,312.706299
-60.18252017017683,-3.9848143109436824,283,484,262,3031,1551,625,0.8408745527267456,-8.499099376211342,-15.023549717531397,6.524450341320055,167.842453
-60.116718575615074,-2.7810718302235236,264,487,255,3383,1576,607,0.8598130941390991,-7.428904804725276,-13.588437801849068,6.159532997123792,41.895076751708984
-59.9914035934804,-2.437017076405747,380.5,546,334,2978.5,1545,620.5,0.7983396053314209,-6.583967967679793,-13.156655070241616,6.572687102561823,201.303543
-60.18117269725065,-3.6522130769984296,388,539,304,3144,1675,683,0.8236659169197083,-8.079321527856512,-13.928013142391748,5.848691614535236,20.089733123779297
-59.86406740195646,-2.6687824197085837,386,537,312,2931,1580,651,0.807585597038269,-7.882586746693951,-14.80545919935986,6.922872452665908,249.932266
-59.93570804586499,-2.7289695437445913,282.5,436.5,258.5,2735.5,1558,662.5,0.8273212909698486,-8.761869421281583,-15.992182863492204,7.230313442210621,336.576233
-60.247872607096525,-2.295532419156922,236,396,227,2582.5,1385.5,554,0.838405430316925,-7.523188507361208,-15.420601899341946,7.897413391980738,204.441895
-60.814934130196974,-3.762705856945131,256,405,231,2753,1310,525,0.845174252986908,-7.653306503173644,-14.390285811517142,6.736979308343498,13.3925142288208
-60.19217705948112,-2.296206155620012,247.5,406.5,223,2556.5,1309,514.5,0.8395394682884216,-9.265812920997478,-15.169733767331666,5.903920846334188,26.219167709350586
-60.59552062205078,-3.2870479140038444,317,515,375,2729,1996,1058,0.7583763003349304,-7.440170218805743,-13.270787521475299,5.830617302669556,11.307992935180664
-60.18341848546095,-3.1642032989004996,496,657,648,2746,2704,1621,0.6181496977806091,-9.672903919766497,-15.981258791861793,6.308354872095295,1.6434170007705688
-60.300199472396486,-3.1722881364575755,334.5,523.5,309.5,3153.5,1549,638.5,0.82125324010849,-7.811179780637265,-12.73373450876661,4.922554728129344,188.425354
-59.663967672418835,-3.561932390944418,401,588,354,2952,1623,679,0.7858439087867737,-9.195485433808502,-15.070715450127555,5.875230016319053,162.714584
-60.30671225820635,-2.9542221012375616,240,442,242,2839,1390,555,0.8429081439971924,-8.545376030321115,-14.064258191503669,5.518882161182553,182.727661
-60.531964815699325,-3.6019074210877364,240.5,422.5,224,3106,1501.5,608.5,0.8654654622077942,-8.383572596067946,-14.431806006409884,6.048233410341938,4.526580810546875
-60.04126009174904,-2.521683291934012,355,496,288,2849.5,1372,533,0.8164143562316895,-9.584398849076086,-14.935382711727636,5.35098386265155,110.8766098022461
-59.99903927339542,-3.788532421363567,339,491,313,2938,1690,710,0.8074438571929932,-8.240334256643592,-14.247188424641752,6.00685416799816,30.272188186645508
-60.52904529102594,-3.830304082075125,236,368,209,2627,1393,554,0.8526093363761902,-7.045111757739208,-13.818466343832,6.773354586092792,127.9738998413086
-60.21508409922616,-2.5378529670481633,270,424,249,2769,1399,568,0.8349900841712952,-10.290464744306572,-13.232026940298567,2.9415621959919953,41.92136001586914
-60.141646824749394,-3.1969918067708623,501,780,727,3093,2698,1640,0.6193717122077942,-8.697737981471777,-13.435213950718444,4.737475969246667,3.3059868812561035
-60.79292540573604,-3.7085823610769295,262,436,232,2972,1236,503,0.8551810383796692,-7.80205480195272,-14.598481229970982,6.796426428018262,128.172653
-60.48412952681996,-2.7835421972548526,271,491.5,259.5,2876,1463.5,594,0.8344761729240417,-6.559009148582186,-12.81966674853929,6.260657599957105,40.472752
-60.003530849816016,-3.185538286898338,789,865,1061,2080,3931,2725,0.32441896200180054,-11.238026047099979,-19.48491817713089,8.246892130030911,46.899654388427734
-60.56452874474866,-3.9720133181449793,256,422,270.5,2622.5,1381.5,555.5,0.8129968643188477,-8.907957639867345,-14.870696358749864,5.96273871888252,55.335361
-60.969444359065534,-2.955120416521681,268,424,252,2683,1313,542,0.8282793760299683,-10.527884517038096,-14.640788794754101,4.112904277716005,221.01206970214844
-59.948509038663694,-3.6962305259202863,333.5,529.5,312.5,3187,1664,702,0.8214030861854553,-8.515499232255603,-15.432918333704222,6.917419101448619,204.550323
-60.434946765014416,-3.5884326918259437,329,474,299,2622,1423,589,0.7952755689620972,-6.7965950653472795,-14.021725468530661,7.225130403183382,150.992111
-59.946038671632365,-3.9098049847197025,365,525,325,2808,1522,668,0.7925311326980591,-8.67136054968327,-15.041391695027546,6.370031145344276,88.926247
-59.55908936299788,-3.2511153026390636,340,488.5,285,3193,1688,717.5,0.8361127376556396,-7.1588943960373195,-13.613153158267561,6.454258762230242,5.003814220428467
-59.42905822562158,-3.1630804047953505,578,827,804,3040,2575,1572,0.5816857218742371,-7.289102757865517,-13.508005173274476,6.21890241540896,2.2363529205322266
-60.03137862362372,-3.386760910541111,509,682,585,2090,2310,1357,0.5626168251037598,-7.299430851037078,-13.804397972842503,6.504967121805425,79.24116516113281
-60.46975648227405,-3.5282455677899356,280,422,250,2731,1415,559,0.8322710394859314,-10.77378811017751,-15.69379794020872,4.92000983003121,182.46343994140625
-60.667161265959315,-3.648619815861952,272,418,235,2458,1292.5,516.5,0.825473427772522,-8.466486563790573,-14.606219772316988,6.139733208526415,62.73829650878906
-59.33046812318946,-3.1246774263992405,348.5,505.5,280,3077.5,1577.5,647,0.833209216594696,-7.9182304693499495,-13.816299849638211,5.898069380288262,157.191513
-59.521809278706925,-3.2928869633506213,427,671,424.5,3135.5,1790,852.5,0.7615168690681458,-7.930865507595238,-13.767224036018767,5.8363585284235295,3.228092908859253
-60.268758437452306,-3.886897944974655,291.5,448.5,272.5,2787,1547.5,620,0.8218663334846497,-7.469622149037926,-14.080746165180262,6.611124016142336,127.33214569091797
-60.73071707231077,-2.874721198592984,271.5,421.5,246,2615.5,1430.5,565.5,0.8280621767044067,-8.410172287704771,-13.700176287226316,5.290003999521545,104.965889
-60.021272576677376,-2.860797311689131,328,506,267,3033,1568,675,0.8381817936897278,-8.146890673372564,-14.939809106080695,6.792918432708131,207.36412048339844
-59.86653776898779,-3.4496429804294775,411,572,425,3098,2163,1080,0.7587283849716187,-7.29955143318427,-13.54027349538793,6.240722062203661,3.853214979171753
-60.90476565860892,-3.38945585639347,362,525,362,3071,1742,746,0.7891057133674622,-7.9418175548906325,-13.216094896562739,5.274277341672106,326.326782
-59.82386779299211,-2.885950139644478,330,496.5,294.5,2960.5,1632.5,672.5,0.8190476298332214,-9.231560463117475,-14.2094097704952,4.977849307377724,227.297394
-59.49216487433098,-2.7231304943978145,344.5,558.5,303.5,3800,1865.5,728.5,0.8520774841308594,-6.575850579746364,-14.182697594721432,7.606847014975068,54.938865661621094
-59.97950091596582,-2.5187637672606233,314,503,273,2696,1305,532,0.8160997033119202,-9.386230356787795,-14.147792465902125,4.76156210911433,106.08446502685547
-59.739650735105904,-3.8931861519634916,299,493,323,2585,1572.5,663,0.7778542041778564,-9.313239692407878,-14.87877474732323,5.565535054915353,128.149765
-59.45488479004002,-2.9288446944611852,273.5,504,278,3359.5,1708.5,677.5,0.8471477627754211,-8.444075115793128,-14.479593908641109,6.035518792847981,179.007538
-59.7095571730879,-3.017553328767988,362,560,341,2958,1613,678,0.7932707071304321,-8.109970266644295,-13.354089822810547,5.244119556166252,259.328217
-60.27392375033599,-4.048594696116169,331,509,345,2719,1467,608,0.7748041749000549,-7.292888643647072,-14.948093538967289,7.6552048953202165,249.502182
-59.698552810857436,-2.7835421972548526,364,533,331,2888,1549,670,0.7943460941314697,-8.409334689296784,-14.330247303464654,5.92091261416787,202.905838
-60.907909762103344,-3.0952576008443264,273,449,254,2814,1464,600,0.834419846534729,-7.19633215849824,-13.604436520152206,6.408104361653965,207.695038
-59.49396150489922,-3.0137354888104797,290,510,294,3019,1626,665,0.8225173354148865,-8.102813098323123,-13.502019489313216,5.399206390990093,165.626465
-59.72617600584412,-3.3128744784222803,566,868,687,3096,2291.5,1264.5,0.6367961764335632,-8.863682034599744,-13.539753684481008,4.676071649881264,10.11942195892334
-60.46459116939036,-3.16330498361638,377,536,363,2813,1451,613,0.7714105844497681,-6.8215664917373555,-12.14911582024095,5.327549328503595,148.818604
-60.31030551934283,-3.879486843880669,305,474,279,2684,1537,631,0.8116773366928101,-8.831446194421078,-12.976180018924165,4.144733824503087,103.1402359008789
-60.27347459269393,-2.6256632860708464,289,449,245,2692,1384,558,0.8331630825996399,-7.259000342418089,-13.836405543945762,6.577405201527673,17.58275032043457
-60.01071737208897,-2.387834314600203,313,492,289,2769,1446,578,0.8109875917434692,-7.183646939106458,-14.214486414135832,7.030839475029374,180.742737
-60.67861478583183,-2.9854385573607147,245,374.5,218.5,2496.5,1317.5,520.5,0.8390423655509949,-8.400151375832431,-14.60138343468072,6.201232058848289,173.101654
-60.25797865404287,-3.2053012231489677,363,571,319,3522,1632,672,0.8338974118232727,-7.211643264843674,-14.388990874189307,7.177347609345634,53.924076080322266
-60.3273735097411,-3.4761432813110034,280.5,485,278.5,3009,1705.5,703.5,0.8305703401565552,-7.895915196906726,-14.43668711754312,6.540771920636393,3.207789897918701
-60.09426069351209,-2.660023845688418,330,490,276,2777,1354,564,0.8191942572593689,-8.45260634328138,-15.018818803391653,6.566212460110274,71.321579
-59.780973238175406,-3.882181789733027,326,508,307,2961.5,1492,614.5,0.8121462464332581,-9.171594674073088,-14.570705323668726,5.399110649595638,90.740341
-59.36752362865939,-3.3968669574874557,428,663,421,3503,2182.5,965,0.7854230403900146,-8.487498239364854,-14.171654197564303,5.684155958199449,0.7246509790420532
-60.319064093363,-2.9881335032130734,255.5,420.5,256,2889,1441.5,579,0.8372018933296204,-6.073805912556725,-14.896002119026212,8.822196206469487,119.041122
-60.01498436968854,-3.7106035704661986,345,556.5,327.5,2969.5,1648.5,692,0.80133455991745,-7.385826471148458,-12.73057385142841,5.344747380279952,111.227028
-60.10548963456358,-2.3828935805375457,236.5,429.5,224.5,2638.5,1357.5,547.5,0.8431714773178101,-8.021799962554246,-14.7033079924205,6.681508029866254,191.540497
-60.71499655483868,-3.5837165365843164,278.5,413.5,239,2623,1375.5,560.5,0.8329839110374451,-9.05351594659692,-14.453659143825844,5.400143197228923,153.304138
-60.1582656575056,-3.3970915363084857,544.5,771,691,2740,2987.5,1691,0.5972020030021667,-9.769389762865238,-15.017965915878655,5.248576153013417,0
-59.77243924297627,-2.9587136776581593,376.5,583,350,3052.5,1706.5,737.5,0.7942689061164856,-8.719487288538275,-15.4259031020119,6.706415813473624,137.542038
-59.75873993489345,-2.697753087621438,393,559,366,3147,1775,774,0.7916311025619507,-6.800045529706207,-12.492800162876996,5.6927546331707894,146.754288
-59.74099820803209,-2.617129290871711,381,547,341,2893,1763,781,0.7891156673431396,-8.520372923108333,-15.931902975564093,7.41153005245576,165.863708
-59.75335004318873,-3.797964731846822,351,530,321,3111,1568,663.5,0.8129370808601379,-7.6575074996841845,-14.196532944284648,6.539025444600464,124.404533
-60.491765206734975,-3.127372372251599,316.5,545,311,2647,1333,556,0.7897228002548218,-10.575150639374545,-15.58907133953731,5.013920700162766,4.75189208984375
-60.12907041077172,-3.2488695144287645,764,1001,1056.5,2721,2848,1977,0.4406353533267975,-7.327315192262322,-14.706282559401673,7.378967367139351,0
-60.063942552673055,-3.522181939622129,493,632,569,2365,2389,1347,0.6121336221694946,-8.633485164614804,-14.97210002363345,6.338614859018646,137.470734
-60.15983770925281,-3.22012342533694,314,497,271,2913,1424,551,0.8297738432884216,-10.719858638737115,-17.380777235559965,6.6609185968228495,138.585754
-60.490193154987765,-3.8756690039231607,239.5,369,223,2417,1335,533,0.8310605883598328,-10.110280576049675,-16.27280694283043,6.162526366780757,101.5007095336914
-59.98578912295466,-2.5634549526455697,352,543,313.5,3257.5,1604.5,640.5,0.8244189023971558,-8.311072747634807,-14.053288540261349,5.742215792626542,176.379715
-60.65391111551855,-3.1305164757460178,302.5,530.5,290,3394.5,1683.5,731.5,0.8425837755203247,-9.106887919479828,-14.906733363715098,5.79984544423527,149.071915
-60.451565597770625,-3.1853137080773086,272,443,255,2601,1354,503,0.8214285969734192,-7.875138897452993,-14.5034916425823,6.628352745129308,253.410355
-60.88679935292654,-2.7060625039995436,264,443.5,237,3079,1478,579.5,0.8570566773414612,-6.798154729972223,-13.856184535085589,7.058029805113366,207.858536
-60.07494691490352,-2.728295807281502,330,512,296,3041,1666,702,0.8225951194763184,-8.063603848783393,-13.502679043903052,5.43907519511966,163.276245
-59.96669992316711,-3.3598114520175253,436,686,362,3405,1757,863,0.8078046441078186,-7.737502181734955,-13.24570617860256,5.508203996867605,0.003918999806046486
-60.67636899762154,-3.9154194552454498,284,416,267,2603,1379,592,0.8139373064041138,-8.629796449379365,-14.83067196853712,6.200875519157755,163.2535400390625
-60.620224292364064,-3.4795119636264515,256,445,275,2716,1495,643,0.8161150217056274,-9.130602128451677,-13.651136177477294,4.520534049025617,90.241753
-60.720386446543394,-3.7353072407794854,305.5,440.5,270.5,2523.5,1299.5,545,0.8063707947731018,-9.29106153051552,-14.441284454199712,5.150222923684192,43.932430267333984
-60.048671192843024,-3.9434918078741847,358.5,584.5,336.5,3301.5,1585,654.5,0.8150082230567932,-8.76105927191663,-16.181880923892212,7.420821651975583,150.4961395263672
-59.852613882083936,-3.7656253816185195,317.5,518.5,304,2873,1588,654,0.8086245059967041,-7.888624758410266,-14.640105694239406,6.751480935829139,92.014679
-60.84974384745661,-3.000485338369717,361,516,354,2956,1496,614,0.7861027121543884,-8.092732561985628,-14.483824398086533,6.391091836100905,156.425613
-60.69882687972453,-3.8833046838381766,258.5,423.5,240.5,2615.5,1367.5,558,0.8315826058387756,-6.22502419984807,-12.972547338322888,6.747523138474818,116.305901
-60.76462847428628,-2.8491192129955776,251,450,231,3029,1449,571,0.858282208442688,-7.995275602068824,-13.87470159895171,5.879425996882886,132.618073
-60.97932582719085,-3.353523245028689,435,715,547,2850,2213,1128,0.6779511570930481,-7.237887158480469,-13.820591276171076,6.582704117690606,0
-59.432202329116,-2.816555283946245,291.5,485,278,3241,1622.5,662.5,0.8420005440711975,-4.284784875257335,-9.552652117936226,5.267867242678891,2.3849189281463623
-60.33747955668745,-2.5113526661666374,237,420,235,2625.5,1298,520.5,0.8356930613517761,-7.743015689438508,-13.253072830406616,5.510057140968108,99.802696
-61.02603822196506,-3.334883202883209,329.5,577.5,315.5,3453.5,1907.5,825.5,0.8325815796852112,-7.523118444800234,-13.542341381656408,6.019222936856174,25.1011962890625
-59.79287591568999,-2.8830306149710894,367,493,350,2762,1609,688,0.7750642895698547,-8.69156511973745,-15.405976889864148,6.714411770126697,268.613312
-60.16994375619916,-2.6036545616099183,259,419,243.5,2753,1377,543.5,0.8374770283699036,-8.21109782103025,-16.617469712128468,8.406371891098217,207.372421
-60.01386147558339,-3.514995417349173,594,776,829.5,2997,3345.5,1928.5,0.5664445161819458,-8.960911034348962,-14.91329609361723,5.952385059268268,0
-60.499400886649994,-3.5520509228191033,317,487,280,3670,1767,767,0.8582278490066528,-7.1679790726355606,-14.066056841538835,6.898077768903274,29.746213912963867
-60.34264486957114,-3.7036416270142722,259.5,426.5,259,2576.5,1435,592,0.8173161745071411,-8.266141921018432,-14.621397440609465,6.355255519591033,9.107950210571289
-60.944066952289155,-3.0725751399203083,297,518,274.5,3312.5,1446,569,0.8469473123550415,-6.284340126359275,-13.689700850757475,7.4053607243982,33.37610626220703
-59.890567702837984,-3.6546834440297586,442,575,481,2721,1792,882,0.6995627880096436,-7.84148624912506,-13.421736224557424,5.5802499754323645,143.504349
-59.981522125355085,-2.724253388502964,375,546,384,3160,1611,672,0.7832956910133362,-7.9697419658582795,-13.296033562560348,5.3262915967020685,136.98406982421875
-59.544940897273,-3.786511211974298,490,779,526,3568,2380,1210,0.7430385947227478,-7.741066027064201,-13.745422424690359,6.004356397626158,1.9415990114212036
-60.50254499014441,-2.8205977027247826,306,475.5,332,3067,1925.5,1060,0.8046483993530273,-7.385620170904877,-14.044273657079513,6.658653486174636,52.3628044128418
-60.66581379303313,-3.7121756222134077,243.5,371.5,213.5,2318.5,1183,476,0.8313586115837097,-10.21546858639212,-14.83680727698166,4.621338690589539,166.454361
-60.12907041077172,-2.7480587435321313,268,420,255,2469,1320,541,0.8127753138542175,-9.439709027531288,-15.7738412367548,6.334132209223512,349.47699
-60.36442901521103,-3.827609136222766,614.5,906.5,1015,2704,3226,2354.5,0.4541543424129486,-8.654410084149077,-16.635087966940695,7.980677882791618,0.5868480205535889
-60.06708665616747,-3.926423817475914,342,541.5,321.5,2780.5,1532.5,638.5,0.7927143573760986,-8.782718566118092,-14.431323941842463,5.648605375724371,207.431213
-60.99212681998955,-3.2443779380081668,295,487,265,3305.5,1547.5,603.5,0.851561427116394,-9.032866856650122,-14.21808596760741,5.185219110957288,27.318939
-60.58900783624092,-3.0370916861975874,292,467,257,2993,1523,633,0.8418461680412292,-8.64947571053497,-13.465305907738658,4.815830197203688,84.785347
-59.99544601225894,-3.63312387721089,345,529.5,316,3012.5,1588.5,668.5,0.8101246953010559,-9.340462285191457,-15.379620568732875,6.039158283541418,399.78299
-59.370892310974845,-2.7810718302235236,414,651,428,4292,2456,1052,0.8186440467834473,-7.627790463008375,-14.851808269161996,7.224017806153621,65.952477
-59.60288223309871,-3.383616807046693,375,540,305,3425,1782,728,0.8364611268043518,-8.417569959941176,-15.047020197700983,6.629450237759807,154.190872
-59.89281349104829,-3.287497071645904,352.5,559,322,3459.5,1854,808.5,0.8296971917152405,-7.0925872868171,-12.80344515177104,5.71085786495394,100.606941
-60.89286298109434,-2.7875846160333904,275.5,448,247,2993.5,1445.5,568.5,0.8475543856620789,-7.050241783290829,-13.637046174110777,6.586804390819948,152.774796
-60.12076099439361,-3.0256381663250633,306,500.5,293,2916,1568.5,632,0.8173885941505432,-7.250953850912362,-12.439962726722836,5.189008875810474,106.85306549072266
-59.980848388892,-2.802406818221362,279,460,233,2943,1626,650,0.8532745838165283,-14.458981332107694,-20.483365363771814,6.02438403166412,135.865555
-60.001285061605714,-3.6636665968709536,327.5,501.5,285.5,2804.5,1575.5,660,0.8152103424072266,-10.506577247590403,-16.265063473980156,5.758486226389753,203.909882
-60.21553325686822,-2.9075097064633466,298,484,266,3091,1549,598,0.8415251970291138,-8.266002567903497,-15.035661635016542,6.769659067113045,43.334320068359375
-59.97433560308213,-2.8134111804518267,370.5,621.5,338,3876.5,1945,807.5,0.8396013975143433,-7.676249057466862,-15.53111703763576,7.854867980168898,100.892502
-60.10436674045843,-2.9389507414075298,301.5,526,287.5,3190,1546.5,632,0.8346513509750366,-7.503412025823382,-14.20471136737945,6.7012993415560675,57.848701
-60.51557056176414,-2.7453637976797727,358,460,310,2517,1392,617,0.7806862592697144,-6.264555651154458,-11.740892746253364,5.476337095098906,191.434845
-60.2799873785038,-3.8383889196322007,374,547,300,3411,1784,707,0.8383185267448425,-7.888541182326727,-13.797872295168023,5.909331112841296,39.87653350830078
-59.70910801544584,-3.559012866271029,351,510.5,310.5,2820,1497,603.5,0.8016291260719299,-8.032786543314492,-14.125209145485687,6.092422602171196,265.943848
-60.42843397920455,-3.458401554449643,426.5,628.5,568,2818.5,2434,1317.5,0.6645504236221313,-7.075907313375163,-15.695720030716112,8.619812717340949,74.099747
-60.08819706534428,-3.214284375990163,306,516,325,3249,1812,790,0.8181309700012207,-8.99500294069327,-13.965906266349142,4.970903325655872,35.079689
-59.77176550651318,-3.1302918969249878,451,820,477,2983,1912,951,0.7242774367332458,-8.438443301096765,-12.268505238293791,3.8300619371970264,13.973711013793945
-60.37408590451532,-3.6998237870567645,240,411,239,2567,1361,536,0.8296507596969604,-9.491597285359845,-14.954499382826114,5.462902097466269,87.488861
-59.725053111738966,-3.921483083413256,355,510.5,413.5,2375,1852,876.5,0.7034247517585754,-8.142298134711757,-13.90894569303958,5.766647558327824,79.750954
-60.341971133108046,-2.955344995342711,244,393,222,2661.5,1311,538,0.8460204601287842,-7.573142616815215,-11.890136082405787,4.316993465590572,76.662773
-59.367299049838365,-3.2753698153102904,515,736,699,2899,3082,1699,0.6114507913589478,-8.812676779156185,-15.15968009599425,6.347003316838066,0
-59.44388042780955,-2.655083111625761,502,677,672,2697,2381,1347,0.6010685563087463,-7.179387481506465,-14.295810261576431,7.116422780069966,239.816101
-60.849968426277634,-3.527347252505816,279,414,229,2744,1384,572,0.8459468483924866,-7.7485361214971835,-14.61847415525762,6.869938033760436,135.580704
-60.71454739719662,-3.8287320303279158,235,394,234.5,2784,1385.5,560.5,0.8446248173713684,-6.636642408917364,-12.960245132503207,6.323602723585843,98.969841
-60.33815329315054,-2.7608597363308345,313,410,260,2549,1452,576,0.8148807287216187,-8.12027058890685,-14.029738480606518,5.909467891699668,229.611893
-60.08033680660824,-3.7916765248579853,370,537.5,327.5,2824,1616,684.5,0.7921624779701233,-9.274220673199245,-15.209204272304754,5.934983599105509,133.895782
-60.792027090451924,-3.019349959336227,266,513,284,3155,1594,630,0.8348357081413269,-7.863416023194872,-13.399391727929322,5.53597570473445,0.5262640118598938
-60.40822188531186,-2.5692940019923465,297,484,306,2846,1480,622,0.8058375716209412,-8.603727760539758,-13.605688737781684,5.001960977241925,118.399239
-59.97164065722977,-2.972188406919952,290,468,253,2877,1451,591,0.8383386731147766,-7.607744515229976,-12.959410041004539,5.351665525774562,69.64537048339844
-59.70910801544584,-2.851814158847936,375.5,550.5,338.5,3065.5,1656.5,716,0.8011163473129272,-7.838651040737773,-13.814887534547012,5.976236493809239,288.778931
-59.59322534379442,-2.6728248384871214,397,581,360,2999,1651,693,0.7856504917144775,-6.037295798016614,-12.046961981092835,6.009666183076221,130.745789
-60.28111027260895,-3.160160880121962,321,483,300,3502,1629,714,0.84218829870224,-10.032137225966267,-16.235901886613398,6.203764660647131,20.96474838256836
-59.81061764255135,-2.8410343754385017,330.5,479.5,316.5,2702.5,1551.5,657,0.7903279066085815,-8.036203889470706,-13.340799685269584,5.304595795798878,236.571396
-59.75784161960933,-3.6942093165310173,345,500.5,304.5,2543.5,1425.5,578,0.786165714263916,-9.579517793835352,-14.574000867946197,4.994483074110844,322.101257
-60.15624444811633,-3.7687694851129376,321.5,500,279.5,2794.5,1509.5,616,0.8181522488594055,-8.180879272703429,-14.606459020326517,6.425579747623088,189.748276
-60.61752934651171,-2.7476095858900718,278,513,266,3494,1435,547,0.8585106134414673,-8.509626239329608,-13.819343379864112,5.309717140534504,0
-59.703718123741126,-2.4406103375422252,380.5,558.5,342,3143,1637.5,715,0.8037302494049072,-6.9218571293496804,-12.64789289843991,5.726035769090229,250.133774
-60.58496541746238,-3.1722881364575755,387.5,622,418.5,3354,2143,1017,0.7781311869621277,-6.869714266638462,-12.717229118104017,5.847514851465555,0
-60.95843999683507,-2.829131697923918,275,428.5,227,2913,1406,554.5,0.8554140329360962,-6.954531247025814,-13.97008514929801,7.015553902272195,125.854607
-59.78074865935437,-3.777752637954133,307.5,509.5,289,3139.5,1545,626.5,0.8314131498336792,-7.520463652982801,-14.29775705008668,6.77729339710388,151.742599
-59.92650031420277,-2.746486691784922,280,464.5,254,2802,1411.5,572.5,0.8337696194648743,-8.820684811293345,-13.850983382630508,5.030298571337163,242.523148
-60.95035515927799,-3.2079961690013263,303.5,582.5,272.5,3855.5,1803.5,701,0.8679748177528381,-8.895523386882843,-13.243720296177074,4.348196909294231,0.4250909984111786
-59.69563328618405,-3.526448937221697,375,564,327,3137,1710,704,0.8112009167671204,-8.976316368902673,-14.206232048482788,5.229915679580115,222.7732696533203
-60.30132236650164,-3.8574781194197403,303,420,255,2683,1525,625,0.8264124989509583,-8.62352560297648,-14.436697453281246,5.813171850304766,182.2122802734375
-60.22406725206736,-3.827833715043796,358.5,495.5,320.5,2785.5,1531.5,644.5,0.7936252355575562,-7.819142147590487,-13.518237307105437,5.69909515951495,157.753815
-59.51439817761294,-2.923454802756468,327,547,297,3179,1624,670,0.8291139006614685,-8.908158952136857,-14.48399976292034,5.5758408107834825,202.384064
-59.44590163719882,-2.945912684859456,299,562,315,3355,1703,698,0.8283378481864929,-9.94741161164113,-14.979734883394674,5.032323271753544,148.869644
-59.627585903412,-2.4767675277280357,350.5,527,312.5,2933,1619,675.5,0.8074256777763367,-8.037407988995106,-14.707172026945374,6.669764037950268,178.264313
-60.09111659001767,-3.480859436552631,374,567,342.5,3206.5,1944.5,868.5,0.8069878816604614,-7.479538583756586,-12.97097486808648,5.491436284329893,75.57037903967284
-61.056805520446154,-3.2351702063459418,295,482,280,3201,1609,636,0.839126706123352,-5.965218909528252,-12.688760847504465,6.723541937976213,205.794998
-60.46818443052684,-3.5724875955328224,534,659,645.5,1504.5,1786,1136.5,0.3995348811149597,-12.63193207579117,-18.325838655235227,5.693906579444057,1.1931029558181763
-60.70758545374469,-3.5706909649645833,294,471.5,235.5,3280,1380,541.5,0.8660219311714172,-6.6451756082329005,-14.250262810907277,7.605087202674376,168.467545
-60.68827167513612,-3.5790003813426887,300.5,473.5,294,2582.5,1575,701.5,0.7955849170684814,-7.291220726978484,-13.36200312117105,6.070782394192566,67.428368
-60.53174023687829,-2.6258878648918764,323,501,280,2932,1480,617,0.8256537914276123,-7.941750659584584,-15.243982740016303,7.302232080431719,151.54808044433594
-60.64650001442456,-3.0759438222357565,285,461,241,3084,1397,550,0.8550375699996948,-6.430222276089717,-12.641632669158804,6.211410393069087,122.433861
-59.933911415296755,-2.7458129553218327,324.5,479.5,309,2608.5,1541.5,653.5,0.7881748080253601,-10.025561690633346,-14.87518155811194,4.849619867478594,219.360352
-61.00313118222002,-3.0761684010567865,267,475,245.5,3059.5,1477.5,570.5,0.8514372110366821,-7.600994613204588,-12.663475818589513,5.062481205384925,129.335953
-60.663568004822835,-3.678488799058926,301,463,241,3173,1487,633,0.8588166236877441,-7.920025208324583,-12.794758096956125,4.8747328886315415,48.621957778930664
-59.43107943501085,-3.4166298937380852,393,565,363.5,3063.5,1751,776,0.7878611087799072,-7.462116949418586,-13.54886303302742,6.086746083608833,168.882416
-60.0199251037512,-2.7312153319548904,295,430,257,2959,1575,661,0.84017413854599,-6.77298675370698,-13.833056336769928,7.0600695830629485,212.8260498046875
-60.90611313153511,-3.0009344960117765,334,500,321,2501,1413,626,0.7725017666816711,-10.250688414038951,-13.771013793564213,3.5203253795252625,377.359558
-60.05069240223229,-3.7013958388039736,390,537.5,322.5,3020,1610.5,683.5,0.8070306777954102,-8.133123811888677,-14.889171691616664,6.756047879727987,210.656937
-60.72510260178502,-3.6320009831057405,281,427,249,2814,1382,552,0.8374143242835999,-8.114236112545278,-14.275864910789407,6.161628798244129,152.2432403564453
-60.08864622298634,-2.286549266315727,237,380,221,2608,1295,526,0.8437610268592834,-7.185184684113714,-13.35010113376541,6.164916449651696,93.2902603149414
-60.10953205334212,-2.681807991328317,324,532,306,3016,1537,621,0.815773606300354,-5.411218696171996,-12.048077217137521,6.636858520965525,156.552414
-59.93705551879117,-3.849168703041635,348,522,305,3176.5,1704.5,701,0.8247881531715393,-8.337908795901741,-13.908225047970168,5.570316252068427,46.53397750854492
-61.00066081518869,-3.2598738766592286,382,521,316,2915.5,1511.5,616.5,0.8044251799583435,-6.900613085890253,-13.642256915474244,6.741643829583991,120.28948974609375
-59.50855912826616,-3.615831307991589,375,555.5,343.5,3096.5,1820,795.5,0.8002907037734985,-11.515872300297135,-18.134162415561768,6.618290115264633,44.19470977783203
-59.50855912826616,-3.0245152722199142,280,489,304,2945,1462,581,0.8128654956817627,-7.027090318982632,-13.315607332176496,6.288517013193864,176.749268
-60.5077103030281,-3.806947884688017,229,385,213,2853,1340,526,0.8610567450523376,-7.4511824387128955,-13.595577871963357,6.144395433250462,80.437889
-60.28313148199822,-2.984540242076595,260,422,255,2527,1405,577,0.8166786432266235,-6.565654773302917,-13.719239795534357,7.153585022231439,183.633606
-60.141197667107335,-2.746486691784922,286.5,449.5,246,2665,1338.5,523.5,0.8309859037399292,-11.942162110233225,-18.240125226404167,6.297963116170942,136.568054
-59.72527769055999,-2.495182991052486,372,527,318,2930,1571,675,0.8041871786117554,-10.178506600571298,-15.93685341595754,5.758346815386242,212.413895
-60.14232056121248,-2.9090817582105557,271.5,463.5,269,3023,1721.5,689.5,0.8365735411643982,-6.548629707171609,-14.07345935753323,7.52482965036162,74.675728
-59.68260771456432,-2.9575907835530098,374,537,323,3003,1576,658,0.8057727217674255,-9.86724693596565,-16.46508745673821,6.597840520772561,74.220978
-59.78052408053335,-2.5115772449876674,379,532,330,3022,1678.5,730,0.8031026124954224,-9.541561106717445,-14.88195166227002,5.340390555552574,200.250336
-59.671603352333854,-2.9634298328997866,346,548,335,3029,1665,678,0.8008323311805725,-7.708201970109623,-12.329931192788147,4.621729222678524,219.950119
-60.10526505574255,-2.7424442730063845,325.5,488.5,322,2928.5,1492.5,645,0.8018766641616821,-8.655303140534496,-14.181288091866016,5.52598495133152,225.525528
-60.77248873302233,-2.8394623236912926,270.5,456.5,237,3068,1484,582.5,0.856580913066864,-9.325148830573873,-14.393109344789115,5.067960514215242,40.578155517578125
-60.26538975513686,-3.5911276376783023,310.5,491.5,301.5,2674,1532.5,632.5,0.797344982624054,-8.673837592237824,-14.636070299342204,5.962232707104381,149.761032
-60.31816577807888,-3.6382891900945773,437.5,610.5,557,2716.5,2901,1838,0.6596914529800415,-9.412369857969335,-15.04788398360424,5.635514125634906,35.170799
-59.66890840648149,-3.1049144901486114,351,582.5,353,3387.5,1549.5,707,0.811255156993866,-7.129414130329405,-13.34915578377874,6.219741653449335,7.432693958282471
-59.54539005491506,-2.5493064869206874,377.5,515.5,331.5,2855,1656,693,0.7919347286224365,-9.374712361010793,-14.537479178125025,5.162766817114232,199.72962951660156
-60.38576400320887,-3.8911649425742225,245.5,382.5,230,2004,1391.5,603,0.7940913438796997,-11.20441745212872,-16.031967651782118,4.827550199653398,20.41187858581543
-60.24203355774975,-2.9376032684813502,287.5,449.5,284,2548,1367.5,568.5,0.799435019493103,-7.599545681727093,-12.50325053573387,4.903704854006776,122.77289581298828
-59.45533394768208,-2.859000681120892,299,506,298,2933,1593,653,0.8155369758605957,-8.42011371201227,-14.661411818338985,6.241298106326715,183.207458
-60.33590750494024,-3.8067233058669876,409,613,502,2824,2227,1260,0.6981359124183655,-12.857151751232967,-18.597811809599612,5.740660058366645,33.352535247802734
-59.98646285941774,-3.65153934053534,411,579,378,2840,1732,788,0.765071451663971,-8.664476969897668,-14.254130400791114,5.589653430893446,159.130081
-59.932339363549545,-2.714596499198679,323.5,478,280.5,2947.5,1521,601,0.8262081742286682,-13.430187646677572,-19.604156671350545,6.173969024672973,185.503723
-60.01610726379369,-3.1868857598245177,345,511,327,2994,1708,767,0.8030713796615601,-6.866241049689882,-12.58934372024746,5.723102670557577,30.599607467651367
-59.87933876178649,-3.23876346748242,339,580,334,3477,1787,795,0.8247179388999939,-8.902752932138094,-14.75061685051404,5.847863918375946,101.7557144165039
-60.21665615097337,-3.976280315744547,267,464,298,2684,1474,594,0.8001341223716736,-7.249283409535683,-13.737956160133,6.488672750597318,183.9277801513672
-59.45488479004002,-2.9389507414075298,281.5,496.5,279,3022.5,1586,642.5,0.8309859037399292,-7.409287637344558,-15.396354689463168,7.98706705211861,179.560303
-60.14456634942278,-3.777078901491043,320.5,503,279,2770.5,1520.5,613,0.8170191645622253,-10.508907138445684,-15.081718075323298,4.572810936877614,675.636475
-59.854635091473206,-3.424490152474131,491,800.5,525,3564,2373,1115.5,0.7432134747505188,-8.620096365490896,-14.014390556329829,5.394294190838933,0.8369960188865662
-59.87462260654486,-2.6117393991669937,349,530,332,3026,1660,702,0.8022632598876953,-8.99636638503502,-14.617365798085789,5.620999413050768,406.25351
-59.63073000690641,-3.798189310667852,375,546,340,3124,1685,690,0.8036951422691345,-7.538429433569905,-14.674361566517462,7.1359321329475565,245.101929
-59.54898331605154,-2.9562433106268307,383,566,335,3166,1716,699,0.808626115322113,-7.770289788510082,-12.199505377302987,4.429215588792905,319.543335
-59.54539005491506,-2.634646438912042,412,579,351,3136,1673,693,0.79868084192276,-7.651350342063954,-13.295823455395336,5.644473113331382,225.002151
-60.84615058632013,-3.1875594962876073,272,473.5,286,2760.5,1763,794.5,0.8122435808181763,-7.036187711438578,-13.62528879766652,6.589101086227942,0
-60.39856499600757,-2.6315023354176232,289.5,432.5,268.5,2443.5,1303.5,547,0.8019911646842957,-5.791852354999481,-12.138972927368638,6.347120572369157,185.097534
-60.017679315540896,-3.604826945761125,397.5,572,370,3057,1724.5,750.5,0.784067690372467,-8.131070074392067,-12.627513545751194,4.496443471359127,91.607407
-59.65094210079911,-3.568894334396344,369,581,342,3182,1659,676,0.805902361869812,-8.662576443636912,-14.975920354847483,6.313343911210572,210.850632
-60.14142224592836,-3.8785885285965493,350,493,298,2774,1591,672,0.8059895634651184,-8.762100086036876,-14.209835405396987,5.4477353193601115,163.425079
-59.90022459214227,-2.7835421972548526,749,967,1046,2920,3452,2201,0.47251638770103455,-10.119052488399255,-15.284128815142452,5.165076326743197,0
-60.10324384635328,-2.896729923053912,289.5,484.5,276.5,3054,1649.5,661,0.8339588642120361,-7.170613223654824,-12.647415761118864,5.4768025374640406,51.37677001953125
-59.92852152359204,-2.316867407154761,334,539,306,2936,1547,633,0.8112276196479797,-8.360718171230062,-13.44248445295216,5.081766281722098,139.757172
-60.89847745162009,-2.9975658136963284,335,506,298,3070,1532,604,0.8230403661727905,-6.180283665056392,-13.446069065174818,7.265785400118426,66.06888580322266
-60.48233289625172,-3.7613583840189517,266,385,243.5,2633,1386.5,576.5,0.8306970000267029,-8.641468818164435,-13.088910572814745,4.44744175465031,118.609871
-60.32984387677243,-2.8832551937921194,270.5,466,272.5,2639,1370,554,0.8128112554550171,-10.186494317595525,-16.30870899006365,6.122214672468125,124.36848449707031
-60.678839364652866,-3.0795370833722346,301,486,284.5,2919.5,1476.5,604.5,0.8224095106124878,-8.695293757398245,-14.379901624444575,5.68460786704633,150.63941955566406
-60.48637531503026,-2.5917518840953346,347,495,322.5,2409,1452,659.5,0.7638660073280334,-8.17173489189711,-13.87645118886172,5.704716296964611,65.303238
-60.311428413447985,-4.018950291740224,273,444,259,2792,1473,591,0.8302196264266968,-9.335631655380855,-14.895512626296842,5.559880970915987,130.458984
-60.14456634942278,-2.564128689108659,245,414,231,2634,1287,521,0.8387434482574463,-5.62288096287285,-12.868032479373317,7.245151516500467,232.164124
-60.3859885820299,-2.5708660537395556,267,428,262,2745,1374,571,0.8257399201393127,-5.773229386338041,-12.119105007004618,6.345875620666577,150.721481
-59.90920774498347,-2.483504892358932,340,561,311,3069,1527,602,0.8159763216972351,-7.563397361694842,-12.368195403525196,4.804798041830353,237.527618
-60.338827029613626,-3.3391502004827767,505,580,653,1572,2838.5,1843,0.41303369402885437,-9.692931230561449,-15.577482024119487,5.884550793558038,228.895874
-59.99656890636409,-3.8287320303279158,372,563,335,3011,1740,711,0.7997609376907349,-6.662170341448216,-15.0537104897413,8.391540148293085,142.839935
-60.74059854043608,-2.8785390385504916,282.5,441.5,253.5,2926.5,1411,559,0.8405660390853882,-7.534040047692342,-14.565810795775558,7.031770748083217,105.5246353149414
-60.07023075966189,-3.9082329329724934,400,562,356,2974.5,1654.5,697.5,0.7862182855606079,-8.093542732993686,-14.762476347928464,6.668933614934778,134.219467
-60.49670594079763,-3.3858625952569916,312,483,290,2825,1450,619,0.8138041496276855,-7.454385213399524,-14.287231125037867,6.832845911638342,108.686707
-60.06573918324129,-2.309905463702835,266,447.5,239.5,2720,1400,559,0.8381483554840088,-10.26570653107267,-15.637099537047758,5.371393005975088,237.996887
-59.980623810070966,-2.95669246826889,1026.5,1375,1568.5,3095.5,3903,2900,0.32740136981010437,-10.411678525444795,-16.748727117580074,6.337048592135279,0
-59.96265750438858,-2.3761562159066494,288,420,240,2696,1501,585,0.8365122675895691,-8.590002711086344,-14.967407021977213,6.377404310890869,240.83815002441406
-60.61438524301729,-3.10716027835891,410,589,356,3005,1539,636,0.7881582975387573,-8.851985954835826,-14.217872718730105,5.365886763894279,69.257881
-59.5539240501142,-3.0328246885980197,322,515.5,317.5,2983.5,1575.5,644,0.8076340556144714,-6.959716459233922,-13.4575469734735,6.497830514239578,156.683441
-59.931890205907486,-2.5160688214082647,307,473,274,2837,1481,618,0.8238508701324463,-6.546738477688362,-12.760931062205582,6.21419258451722,217.420135
-60.36712396106339,-3.4235918371900116,269,411,239,2919,1390,552,0.8486383557319641,-9.09514303711877,-15.647374163718819,6.552231126600049,62.627918
-60.610791981880816,-3.891838679037312,235,353,207,2326,1299.5,554,0.8365574479103088,-11.37327175267439,-16.39213201326749,5.018860260593099,82.22891998291016
-59.606475494235184,-3.041583262618185,296.5,492,277,2998.5,1575,641.5,0.8308655023574829,-8.592537667155964,-13.287448186794785,4.694910519638821,103.842033
-59.71202754011923,-2.6292565472073246,433,639,402,3334,1745,730,0.7847965955734253,-8.546793377429758,-15.989166326151558,7.4423729487218,273.204498
-60.911503023239824,-3.4909654834989756,337,575,379,3162,1582,735,0.785936176776886,-10.921797281236604,-15.054427687360686,4.132630406124083,65.496033
-60.084828383028835,-2.551776853952016,271,392.5,248,2542.5,1367.5,542,0.8222540616989136,-10.149318241711661,-15.838866689125249,5.689548447413587,371.951721
-60.31367420165828,-3.5174657843805015,602,821,873,2500,3827,2485,0.482359915971756,-12.58213860800324,-19.17630430509479,6.594165697091549,0
-60.57485937051603,-2.6575534786570896,293,444,255,2651,1431,616,0.8245010375976562,-6.574447350152857,-14.158145565694634,7.5836982155417765,108.33642578125
-59.4975547660357,-3.2248395805785672,481.5,710.5,508.5,2946.5,2023,1094.5,0.7056440114974976,-6.544801632297953,-12.457219078984721,5.912417446686768,14.672270774841309
-59.81825332246636,-2.699998875831737,366,525.5,347.5,2845.5,1671,722,0.7823363542556763,-4.0943017901719045,-11.495650257589084,7.401348467417179,213.190292
-61.03322474423802,-3.1264740569674796,320.5,593,302,3057,1566.5,638,0.820184588432312,-7.1789720882137935,-12.660631113601568,5.481659025387774,2.190077066421509
-59.7268497423072,-3.2538102484914218,357,542,324,3172,1762,802,0.8146452903747559,-7.857623576379444,-12.861132767764785,5.003509191385341,54.18235778808594
-60.17870233021932,-4.016030767066836,351,489,318,2823,1480,586,0.7975167036056519,-7.47310582380098,-13.929469532550648,6.456363708749668,138.501312
-59.97119149958771,-2.4266864506383725,330.5,548,289,3086,1552,602,0.8287407159805298,-8.86070303751767,-14.554222070480218,5.6935190329625485,82.433632
-60.121434730856706,-2.5843407830013487,261.5,401.5,246.5,2574.5,1343,526.5,0.8252393007278442,-8.957027250331585,-14.43418928661627,5.477162036284685,277.655853
-59.69069255212139,-3.8139098281399435,360,526,338,2888,1610,678,0.7904525995254517,-8.043389782226823,-15.040606145560702,6.997216363333878,139.302826
-59.76480356306125,-3.9178898222767784,348.5,513.5,369.5,2700.5,1586,702.5,0.7592833638191223,-7.764158324042844,-13.587185245846866,5.823026921804022,104.61497497558594
-60.175782805545936,-4.009742560077999,330,530,357,2839,1555,640,0.7765957713127136,-8.21448685271094,-14.897745261030849,6.68325840831991,201.834915
-60.18162185489271,-3.7999859412360912,338,456,298,2592,1492,606.5,0.7937716245651245,-8.496617446112898,-14.868921842878969,6.37230439676607,109.17435455322266
-60.60787245720742,-3.0635919870791133,266.5,421.5,244,2836.5,1356,561.5,0.8415841460227966,-7.199679544235394,-13.754652934561694,6.5549733903263,189.756165
-60.415632986405846,-3.631102667821621,286,468,285,3165.5,1871.5,863,0.8348065614700317,-7.322389207402708,-12.515588362480221,5.193199155077513,235.838242
-60.60180882903962,-3.5024190033714997,307,509,336,3694,1656,669,0.8332506418228149,-7.227875114658127,-13.471514631128867,6.243639516470741,33.81257534832764
-59.5817718239219,-3.057079201269247,436,610,338,3577.5,1904.5,787.5,0.8273528218269348,-10.44583407363646,-16.34800265033395,5.902168576697489,70.471703
-60.827061386532584,-2.9099800734946752,257,439,236,2826,1458,592,0.8458523750305176,-7.666420750900883,-13.039985536189187,5.373564785288304,172.771591
-59.866762347808816,-3.2079961690013263,494,765,443,3229,2182,1178,0.7587146162986755,-8.32758965474669,-13.917463611223159,5.589873956476469,0.9703500270843506
-59.79242675804793,-3.5030927398345892,412,555,376,2899,1645,693,0.7703816890716553,-8.885935660141865,-15.097905657189534,6.211969997047669,354.274048
-60.12749835902451,-3.898351464847179,376.5,571.5,333,3218,1656,698.5,0.812447190284729,-9.049508201647027,-15.165475539000523,6.115967337353496,122.802406
-60.77203957538027,-2.942544002544008,264,485,243,3001,1502,592,0.850184977054596,-7.838640121234699,-14.842489605761683,7.003849484526984,167.324478
-59.90291953799463,-2.455881697372257,294,451,273,2672,1466,584,0.8146010041236877,-6.550570308117952,-12.120170914152588,5.569600606034636,140.922882
-60.52073587464783,-2.5973663546210815,420,565,341,2912,1458,603,0.7903473973274231,-8.19373364979503,-14.549428963813158,6.355695314018128,62.94547653198242
-60.23686824486606,-2.2899179486311754,271,454,237,3188,1564,611,0.8616058230400085,-7.086374291380007,-14.964728741837511,7.878354450457504,112.36851501464844
-60.34421692131834,-2.350329651488213,247,429,234,2938,1381,544,0.8524590134620667,-9.193577230105689,-14.525902070562424,5.332324840456735,250.121582
-59.535957744431805,-2.676867257265659,383,570,345.5,3038.5,1685,709,0.7958037853240967,-8.186203646725462,-13.255106184113693,5.068902537388231,113.22727966308594
-60.8872485105686,-3.6149329927074696,282,402,258.5,2708,1346,545.5,0.8257205486297607,-8.327453255756117,-13.700220726449189,5.372767470693072,222.421753
-59.980848388892,-3.3196118430531767,656,1004.5,992.5,3015,3322,2082.5,0.5046787261962891,-6.929496522560124,-13.364544505545314,6.43504798298519,25.328091
-59.74751099384195,-2.8468734247852785,425.5,622,367.5,3327.5,1712,757.5,0.8010825514793396,-11.498308961545456,-18.901875177092858,7.403566215547402,255.350754
-59.76076114428272,-3.796617258920643,345.5,556,356,3011.5,1588.5,646.5,0.7885671854019165,-7.946100353019146,-13.566779519870689,5.620679166851543,40.319522857666016
-59.31879002449591,-2.8962807654118525,349,578,335,3314,1716.5,715.5,0.8163880705833435,-9.940051782735054,-14.721096309099712,4.781044526364658,72.624252
-60.54948196373965,-3.968869214650561,259.5,402.5,251.5,2444,1302,524.5,0.813392698764801,-8.339264431298426,-13.975577215006021,5.636312783707595,169.751633
-60.53668097094095,-3.353523245028689,275,467,273,2710,1431,616,0.8169627785682678,-7.65510815679653,-14.017118787011484,6.362010630214954,220.218384
-60.04889577166405,-3.52016073023286,519,665,493,2197,2061,1225,0.6334572434425354,-8.467172192039554,-14.502352297792028,6.035180105752474,7.9938249588012695
-60.058777239789364,-3.2661620836480654,456,664,675,2652,2696,1523,0.5942290425300598,-11.337323843583885,-17.14324325829115,5.805919414707265,0.9703500270843506
-59.630954585727444,-3.452787083923896,409.5,578,336,3147.5,1751,752.5,0.8070905804634094,-7.772368082777819,-15.376566072976626,7.604197990198807,105.508148
-60.29907657829134,-2.772537835024388,278.5,433.5,234.5,2913,1338,514.5,0.8509928584098816,-7.686915593210478,-13.948179327018813,6.2612637338083355,179.643646
-60.83649369701584,-3.7337351890322763,284,485,278,2977,1484,595,0.8291858434677124,-8.177705219178423,-13.477227790567737,5.299522571389314,184.164932
-60.01408605440442,-3.9630301653037843,649,776,863,1247,2712,2136,0.18199051916599274,-11.109446147033266,-19.494838222682468,8.385392075649202,79.018837
-60.50119751721823,-3.1877840751086373,471.5,592,394.5,3040.5,1466,602,0.7703056931495667,-7.890086405925889,-14.581168542480592,6.691082136554703,203.250595
-59.95142856333708,-3.3034421679390253,541,738,682,1754.5,1031,544,0.44018059968948364,-8.027133640559029,-13.870644723111258,5.843511082552229,1.1160930395126343
-59.62803506105406,-2.846424267143219,369,527,333,2869,1593,659,0.7920050024986267,-5.812533025082683,-14.154967215535228,8.342434190452545,444.50387550000005
-60.19824068764892,-3.774159376817655,299.5,475,259,2988,1623,645,0.8404681086540222,-7.456676878697358,-14.667168392485227,7.2104915137878685,155.877518
-60.735657806373425,-3.7804475838064913,258,436.5,247,2628.5,1570.5,703.5,0.8282037973403931,-11.2086056661852,-17.006185156904813,5.797579490719613,30.904296875
-60.39070473727153,-2.6521635869523723,289,464,272,2900,1442,601.5,0.8284993767738342,-6.576313324327403,-13.964700825306341,7.388387500978938,85.060127
-60.50479077835471,-3.9113770364669116,235,389,233,2376,1240,483,0.821387529373169,-8.441082022444766,-14.467631716084338,6.026549693639572,170.983765
-60.36442901521103,-2.7689445738879104,251,417,236.5,2611,1384,558,0.833889365196228,-7.227570909389268,-13.6426007935865,6.4150298841972315,191.606674
-59.54224595142064,-3.298276855055338,362.5,511,332,2968,1856,822,0.7987878918647766,-9.353876832916976,-16.022383434377456,6.66850660146048,77.525352
-59.6666626182712,-3.642556187694145,416,564,434,2588,1869,899,0.7127730250358582,-8.19365679933853,-13.622882533133623,5.429225733795093,169.310913
-59.782545289922616,-2.6494686411000137,367,499,303,2839,1666,701,0.8071292042732239,-10.061265302165499,-16.60200001697137,6.540734714805872,170.728088
-59.77535876764966,-3.523978570190368,374,538.5,312,3121,1573.5,643,0.8182348012924194,-6.574798482663974,-13.400043416382,6.825244933718025,71.851631
-59.82521526591829,-3.678039641416866,343,567,340,2954,1794,791,0.7935640811920166,-8.721010346341998,-13.45187467333165,4.730864326989652,201.410675
-59.929195260055124,-2.7494062164583104,315,542,305,3173,1590,658,0.8246118426322937,-5.749462417786541,-12.214703688821535,6.465241271034994,158.5840301513672
-59.68709929098492,-3.510279262107545,367.5,529.5,323.5,2992,1668,685.5,0.80485600233078,-9.326786429676076,-16.60320392186894,7.276417492192863,155.800629
-60.22339351560427,-4.034895388033346,266,418,247.5,2561.5,1403.5,571,0.8237807154655457,-7.281186862033552,-13.962356616121035,6.681169754087483,150.610443
-59.688446763911095,-2.709880343957052,806,1016,1244.5,2317.5,4686.5,3341.5,0.30123525857925415,-13.729205072411135,-20.547011636368083,6.817806563956948,1.5487250089645386
-60.15152829287471,-3.755519334672175,309,460,274,2898,1580,639,0.8272383213043213,-8.294457611611115,-14.677633190493111,6.383175578881996,244.640839
-60.57530852815809,-3.405625531507621,356,553,344,2954,1712,735,0.791388750076294,-7.230452485617567,-12.662680945013358,5.432228459395791,106.4900854987793
-60.74621301096183,-3.14488952029193,267,411,247,2706,1371,550,0.8327124714851379,-8.528523020591832,-13.947387813401196,5.418864792809364,128.141953
-60.903418185682746,-3.555644183955581,303,474,264,3252.5,1538,679.5,0.8498507142066956,-6.197814289521933,-12.617631129218573,6.41981683969664,26.026077270507812
-60.21665615097337,-3.909131248256613,291,478,286,3073,1607.5,637,0.8297111988067627,-6.893467744032766,-13.6298749909705,6.736407246937733,235.146332
-60.58698662685165,-2.6407100670798487,272,411,269,2701,1370,570,0.8188552260398865,-7.8022143682585,-14.965275837689784,7.163061469431284,137.352615
-60.31053009816386,-2.3229310353225676,220,389.5,222,2580,1329,537,0.8415417671203613,-8.570633812895418,-14.372908168002358,5.80227435510694,93.922119
-59.44814742540912,-2.8879713490337466,425,665.5,521,3057,2457.5,1401.5,0.7087758779525757,-9.037532516577862,-15.228638977741443,6.1911064611635815,0
-59.98893322644907,-2.834970747270695,334,462,248,2873,1548,584,0.8410765528678894,-14.60401482530833,-19.66785371207769,5.063838886769361,328.474091
-59.683730608669464,-3.0119388582422406,414,613,385,3287,1757,734,0.7903050184249878,-9.36250895149709,-13.487258656209056,4.124749704711967,112.261711
-59.986238280596716,-3.6510901828932805,371,597,369,3156,1720,708,0.7906383275985718,-7.408845372055023,-13.832964046173036,6.424118674118013,106.277206
-60.281334851429975,-3.800210520057121,325,529,295,3270,1599,667,0.834502100944519,-8.322693472069933,-15.611542670483544,7.288849198413612,170.504791
-60.01049279326794,-3.4925375352461847,497,642.5,556,2436.5,2279,1242.5,0.6284043192863464,-7.175874164745365,-14.012962884979082,6.837088720233717,27.47397804260254
-59.63117916454848,-3.549805134608804,364,577,364,3006,1629,682,0.7839762568473816,-8.632054831173187,-16.135098948761406,7.503044117588219,125.09331512451172
-60.94923226517284,-2.877640723266372,293,438,252,2761,1384,535,0.8327248692512512,-8.198722202453252,-15.37598025218415,7.177258049730897,90.766724
-60.46930732463199,-3.2156318489163422,452,557.5,375.5,3018,1542.5,667,0.7786945700645447,-9.693058761129844,-15.513811930189545,5.820753169059701,114.408813
-60.32602603681492,-2.714596499198679,283,424.5,239,2689.5,1403,558.5,0.8367764949798584,-13.086064426778453,-19.070856517282763,5.98479209050431,191.431488
-60.4596504353277,-3.7031924693722127,223,395,218,2957,1459,551,0.8626771569252014,-8.012834249390549,-13.07078854615188,5.057954296761331,91.573807
-59.82633816002344,-2.9178403322307207,288.5,544.5,316,2733.5,1522.5,679.5,0.7927529215812683,-5.963011283246532,-13.88788270740173,7.924871424155198,83.00104522705078
-60.85041758391969,-3.6072973127924537,419,554,422,2565,1778,878,0.7174422740936279,-6.816776787673353,-11.626821597086991,4.810044809413638,116.37648010253906
-59.80590148730972,-3.6823066390164336,385,540,344,3105,1684,753,0.8005219101905823,-6.730369236552676,-13.444862738667657,6.714493502114982,106.253647
-60.845926007499095,-3.0391128955868565,310,472.5,294.5,2719.5,1481.5,616,0.8045786619186401,-6.9480332846606085,-12.852045830051232,5.904012545390623,224.097763
-59.58064892981675,-3.554072132208372,390,582,368,3144,1730,745,0.7904328107833862,-6.813485842202849,-13.148899116959772,6.335413274756923,168.021957
-59.387061986088995,-3.118389219410404,333,537.5,294.5,3341.5,1696,704.5,0.8380088210105896,-6.754684576906208,-12.298043781982189,5.543359205075981,153.824966
-60.49715509843969,-2.7828684607917626,242,400.5,242.5,2521.5,1287,540.5,0.8245296478271484,-7.896541527239639,-13.69780223867438,5.8012607114347405,205.127563
-59.46880867694387,-2.968595145783474,309.5,539.5,315.5,3587.5,1890,761.5,0.8383294939994812,-7.378449709521591,-14.746449993921031,7.36800028439944,115.690964
-60.06214592210481,-3.974932842818368,356,521.5,304,3226,1638.5,679,0.8277620673179626,-8.780525630414227,-13.809149909828617,5.028624279414391,86.231377
-60.661995953075625,-3.899474358952328,260,402,251.5,2478.5,1417,593,0.8157508969306946,-7.181659574198996,-14.179213234362685,6.997553660163689,176.120468
-59.41423602343361,-2.810267076957408,403.5,591,328.5,3251.5,1688.5,693.5,0.8164804577827454,-9.3309636627171,-15.473865448059643,6.142901785342543,249.382553
-59.54404258198888,-2.5742347360550037,374,536,311,3137,1651,694,0.8196055889129639,-6.8239500481807305,-12.579083992000864,5.755133943820134,166.875412
-60.497379677260724,-2.8042034487896013,223,414,223,2984,1431,573,0.8609291911125183,-8.524107567794857,-13.644978165351771,5.120870597556914,231.381836
-59.614335752971236,-3.428981728894729,387,548.5,314,2987,1617.5,668.5,0.8097546100616455,-7.474637051702372,-14.510816225568545,7.036179173866174,144.382919
-60.436967974403686,-3.610441416286872,272,400,269,2506,1457,564,0.8061261177062988,-7.48763532242927,-14.177254086139875,6.689618763710605,187.323074
-60.46953190345302,-3.481084015373661,239,386.5,220.5,2521.5,1285,507,0.8391684889793396,-8.071852636569307,-15.454471078542069,7.382618441972761,95.53062438964844
-60.751827481487574,-3.3973161151295157,437.5,684.5,614,2617,2335.5,1358,0.6199319362640381,-7.56492382330457,-13.210360781182466,5.645436957877896,56.04928970336914
-59.6839551874905,-2.8486700553535176,402,592,347,3327,1765,745,0.8111050724983215,-8.91289247879913,-15.776318130739362,6.863425651940233,231.329437
-59.78973181219557,-3.6710776979649395,344,555,309,3354.5,1764.5,721.5,0.8313088417053223,-9.232973940525909,-14.922263704258992,5.689289763733083,101.473862
-60.636618546299246,-3.085151553897982,285,463,276,3086,1345,543,0.8358120322227478,-9.485192639836816,-16.54646893275716,7.061276292920345,52.30177307128906
-60.26247023046347,-3.722955405622842,339,497,286,3076,1624,659,0.8298631906509399,-6.148856772571838,-12.130467054289761,5.9816102817179235,132.446106
-60.56767284824308,-3.573385910816942,475,608,608,1662,2284,1382,0.4643171727657318,-7.4593190893260655,-13.268543174018193,5.8092240846921275,52.359211
-59.735159158685306,-2.4677843748868407,326.5,507,312,3015.5,1568,661,0.8124718070030212,-8.592917242525575,-14.280229577491264,5.687312334965689,137.544754
-59.49665645075157,-2.6896682500643623,360.5,503.5,309.5,2935,1587,668.5,0.8092156052589417,-7.098234200070025,-15.011104214050398,7.912870013980373,181.727295
-60.54880822727657,-3.2459499897553763,347.5,534,298.5,3208,1518,616.5,0.8297447562217712,-8.258928352903409,-13.63864002588615,5.379711672982742,77.25584411621094
-59.457579735892374,-3.2019325408335195,364.5,600.5,366.5,2000.5,1190.5,612,0.6903253197669983,-12.111794098102147,-16.83074046556541,4.718946367463262,1.5487250089645386
-60.26808470098921,-3.1049144901486114,311,497,270,3041,1473,597,0.8369072675704956,-8.781173716824856,-15.687907289645684,6.906733572820828,64.155239
-60.91487170555527,-3.2850267046145754,409.5,610.5,419.5,3095,2264.5,1087,0.7612746953964233,-9.246252125533289,-15.426267552975826,6.180015427442537,10.616436958312988
-60.416082144047905,-2.452063857414749,240,413.5,226.5,2697,1344.5,526,0.845048725605011,-7.127025590726671,-13.094452088613227,5.9674264978865565,133.254044
-59.798714965036766,-2.5068610897460397,396.5,595,344.5,3138,1628.5,711,0.8021536469459534,-8.989625234295826,-14.774127897235354,5.784502662939529,132.164261
-60.576656001084274,-2.652837323415462,319.5,479,289,2621,1347.5,563.5,0.8013745546340942,-7.179342186981859,-13.558836228538024,6.379494041556164,153.701477
-60.530841921594174,-2.7175160238720677,232,374,235.5,2584,1400,554,0.8329491019248962,-6.663521163091598,-12.680786350139376,6.017265187047778,88.181992
-60.91824038787072,-3.3887821199303803,290,475,272,2411,1505,683,0.7972418665885925,-8.452854310708574,-14.483966228400174,6.0311119176916,101.078438
-59.65071752197807,-2.6292565472073246,387,546,347,2737,1585,715,0.7749675512313843,-8.26388807500205,-14.937078702510904,6.673190627508854,71.074493
-59.41378686579155,-3.477041596595123,408,549,312,3265,1716,710,0.8255521655082703,-7.107063085439865,-12.869129257195699,5.7620661717558335,23.8996524810791
-60.75564532144509,-3.7200358809494536,231.5,359,206,2405,1294,535.5,0.8422060608863831,-8.107013743185005,-14.17305381010445,6.066040066919445,63.453152
-59.94716156573752,-3.6149329927074696,426,617,357.5,3549,1886,834,0.8169717192649841,-7.3242547129189415,-13.321457114547755,5.9972024016288135,47.048152923583984
-59.85800377378865,-3.0373162650186174,413,697,389,3909,1896,815,0.8189855813980103,-12.492417594080035,-18.578978513995416,6.086560919915382,102.1470947265625
-59.408396974086834,-2.8834797726131494,374,582,355,3263,1755,729,0.803758978843689,-8.351981017026977,-14.38748793304373,6.035506916016752,228.538391
-60.71005582077602,-3.045625681396723,262,430,242,2793.5,1445,575.5,0.8405534625053406,-7.126842480705315,-13.369326124273346,6.242483643568032,69.339127
-60.24338103067593,-3.2241658441154777,287,478,268,2837,1523,616,0.8273751735687256,-8.693273840965956,-14.622297361112963,5.929023520147007,78.099937
-59.37673136032162,-3.3162431607377285,466,678,519,2623,2013,1024,0.6696372032165527,-9.454612071757987,-14.243519568642622,4.788907496884635,200.147614
-60.00330627099498,-3.3669979742904816,382,650,359,2390,1766,818,0.738814115524292,-6.445060181364484,-12.760511605537097,6.315451424172613,0.5221560001373291
-60.47514637397877,-2.5461623834262688,271.5,430,251.5,2651.5,1312,546,0.8267309665679932,-7.854234079816979,-14.004354221262618,6.1501201414456395,230.613861
-60.527248660457694,-3.659399599271386,267,403,263,2311,1508,644,0.7956488132476807,-9.757711766848246,-16.68210099193271,6.9243892250844645,41.078239
-60.180274381966534,-3.657827547524177,329,473,255,3243,1621,644.5,0.854202389717102,-5.031676680192395,-14.155900172329552,9.124223492137158,73.265129
-60.66379258364386,-2.989031818497193,261.5,444,253.5,2973.5,1384,546.5,0.8428881168365479,-7.568787248066764,-13.038823917236858,5.470036669170094,119.462639
-60.20655010402703,-3.23876346748242,389,596,435,3111,1902,872,0.7546531558036804,-6.943088348763808,-13.988547962752198,7.04545961398839,2.4423580169677734
-59.54381800316785,-3.047197733143932,329,563.5,331.5,3246,1662,688,0.8146750330924988,-8.880889797317998,-16.079103217437964,7.198213420119966,215.695175
-60.40912020059598,-3.4626685520492106,424,604,529,2513,2192,1150,0.6522024869918823,-8.594317886533942,-18.121559848598675,9.527241962064734,21.750905990600586
-60.888595983494774,-3.120410428799673,286,491,283,3098,1548,652,0.8325939178466797,-6.9341467144797395,-12.265796859241474,5.331650144761735,78.329247
-60.51534598294311,-3.731938558464037,257,444,239,2946,1510,588,0.8499215245246887,-8.838127805378218,-16.032256073118095,7.1941282677398775,28.430206298828125
-60.07696812429279,-2.5284206565649083,326,476,300,2717,1506,636,0.8011269569396973,-7.4306038935089,-14.546011909547412,7.115408016038511,232.443634
-60.84929468981454,-3.7422691842314117,251,399,218.5,2717.5,1396.5,565,0.8511580228805542,-7.651789741988974,-14.095962691731645,6.44417294974267,190.687881
-60.54049881089846,-3.4548082933131647,327,525,354.5,3756.5,1559.5,697,0.82753586769104,-7.895695145566065,-13.69618768114115,5.800492535575086,70.838562
-60.5506048578448,-3.870054533397414,283.5,437.5,252.5,2628,1336.5,544,0.8246831893920898,-8.384713238287704,-14.911980347540226,6.527267109252522,131.274658
-59.33967585485169,-3.041134104976125,580,645.5,785,1988.5,2657.5,1955.5,0.4339282512664795,-11.484784364915248,-18.04745054595725,6.562666181042003,0
-60.42484071806807,-2.422194874217775,239,408,244,2626,1379,580,0.8299651741981506,-8.1485711879853,-14.140101516063964,5.991530328078664,214.947739
-59.61770443528668,-3.4123628961385175,609,776,823,2659,2955,1658,0.5272831916809082,-9.152098413799939,-14.229067836775492,5.076969422975553,42.925732
-60.936431272374136,-3.1006474925490437,283,458,281,2954,1481,627,0.826275110244751,-8.16222734548108,-14.511485864875091,6.349258519394011,83.91724395751953
-60.34062366018187,-3.1293935816408682,327.5,510,294,3368,1563,618.5,0.8394320011138916,-8.128205977105615,-13.817950339613986,5.689744362508371,139.837631
-59.58109808745881,-3.0366425285555274,342,567,307,3258,1610,661,0.8277699947357178,-7.143921543290865,-14.031719790577524,6.887798247286659,160.815048
-60.24450392478108,-3.152749779027976,654,902,1208,2518,4182,2724,0.35158348083496094,-11.940633106143842,-18.361641636527565,6.421008530383723,0
-60.09021827473355,-2.5396495976164024,251,479,251,3318,1529,579,0.8593443632125854,-8.329925272632163,-14.302560306716295,5.972635034084131,114.739937
-59.95614471857871,-2.8832551937921194,290.5,543.5,284.5,3426,1830,747,0.8466513752937317,-7.740344023737383,-13.343148770169307,5.602804746431924,20.35521697998047
-60.507934881849124,-3.672200592070089,280,383,251,2409,1494,676,0.811278223991394,-10.961669629529897,-15.123124746842798,4.161455117312901,47.564735412597656
-59.81016848490929,-3.4197739972325034,454,699,518.5,3064.5,2463,1283,0.7105777263641357,-7.616516177718429,-14.188827427125858,6.572311249407429,0.39336898922920227
-60.36824685516854,-2.3608848560766176,267,456,273,2769,1463,622,0.8205128312110901,-8.298755138093913,-15.053807871631502,6.755052733537589,219.156876
-59.465439994628426,-2.973535879846131,343,530,306,3026,1586,652,0.8163265585899353,-5.516010761208565,-12.104894474601227,6.588883713392662,216.550507
-59.605577178951066,-3.381371018836394,355,538,287.5,3358,1750,705,0.8422712683677673,-8.686021674362081,-14.638008684921878,5.951987010559797,126.46400451660156
-59.72887095169647,-2.7799489361183745,370,558.5,323,3351,1715,755,0.8241698145866394,-10.178876471509927,-16.307456106016776,6.128579634506849,195.960373
-59.3908798260465,-2.8486700553535176,314.5,504,290.5,3133,1660.5,671,0.8302906155586243,-8.166882638076503,-12.529655024398323,4.36277238632182,256.889282
-59.83756710107493,-3.3539724026707485,338,528,331,3102,1895,875,0.8071657419204712,-8.777936693587016,-15.979483999074782,7.201547305487766,330.210144
-59.59008124030001,-2.973760458667161,369,578,367,2853,1670,744,0.7720496654510498,-8.950995357892118,-15.018955486480225,6.067960128588107,103.922752
-59.78591397223806,-2.9539975224165316,299,520,320,3082,1622,672,0.8118753433227539,-5.597307645860709,-11.89084516972908,6.293537523868371,302.920197
-60.684902992820675,-3.3710403930690194,616,839,779,3410,2439,1646,0.628073513507843,-6.881305867281395,-14.943185517410427,8.061879650129033,48.17606735229492
-59.89752964628991,-3.3840659646887525,363.5,538.5,317,3452.5,1729.5,713,0.8318079113960266,-7.22658734425486,-15.435638293445244,8.209050949190384,19.799474716186523
-61.03075437720669,-3.368120868395631,300,514,307,3452,1705,664,0.8366586565971375,-7.335487144486038,-14.273875884040605,6.938388739554567,47.548194885253906
-60.03339983301299,-2.5261748683546097,332,522,294.5,3392,1692.5,647,0.8402278423309326,-5.430216232295809,-12.053364095771848,6.623147863476039,0.6991900205612183
-60.26988133155746,-2.555145536267464,263.5,417.5,259,2615.5,1326,532,0.819794774055481,-8.925665984977943,-15.96277608422001,7.037110099242067,78.518471
-60.78371767407382,-3.0611216200477847,260,434,257.5,2672,1447,583,0.8242020606994629,-7.193807829273858,-14.22602555181323,7.032217722539372,268.49884033203125
-60.45538343772814,-3.185987444540398,407,578.5,347.5,3090.5,1528.5,629.5,0.7978475689888,-8.693582804319837,-14.222727409312917,5.52914460499308,129.585175
-60.438540026150896,-2.5241536589653406,285,429.5,269,2613,1397,579.5,0.8133240938186646,-7.676549987046589,-14.170315896429504,6.4937659093829145,150.024109
-59.617255277644624,-2.548183592815538,403,570,352,3095,1665,704,0.7957644462585449,-8.672773377762834,-15.447151593301907,6.774378215539073,154.40093994140625
-60.494235573766304,-3.138601313303093,293.5,459.5,300,2866.5,1566.5,677.5,0.810516357421875,-7.858729359050632,-13.794612742070234,5.935883383019601,80.177727
-59.41333770814949,-2.7893812466016294,323.5,496.5,288,2883,1581,660,0.8183538317680359,-6.696531209026142,-13.615153302416992,6.91862209339085,175.905487
-59.84542735981098,-3.7557439134932045,300,472,262,2771,1541,612.5,0.8272337913513184,-8.889352940087452,-14.063585539283686,5.174232599196234,79.433838
-59.98578912295466,-2.5937730934846037,335,524,295.5,2928.5,1431,595,0.8166873455047607,-7.457165481812305,-15.070509789014238,7.613344307201933,138.623734
-59.79040554865866,-2.910204652315705,300,487.5,306.5,2753.5,1511.5,666.5,0.7996731996536255,-9.5233129523259,-14.361294157442641,4.837981205116741,247.083527
-59.511029495297485,-3.172961872920665,475,761.5,533.5,3125.5,2474,1275.5,0.7083902955055237,-7.9470550387922545,-12.518561355454583,4.571506316662329,309.496124
-60.92969390774324,-3.0687572999628006,287,462,255,2978,1480,585,0.8422517776489258,-8.011630214453737,-13.504575408218665,5.492945193764928,158.866364
-59.8485714633054,-3.4741220719217347,373.5,592,360.5,3339.5,2347,1080,0.8051351308822632,-9.946520115375666,-16.74403545995213,6.797515344576464,19.865829
-59.6839551874905,-2.8426064271857108,398.5,554.5,356.5,2906.5,1521,679,0.7814894318580627,-7.627919391338968,-15.946637331076246,8.31871793973728,174.38323974609375
-60.41091683116422,-3.4860247494363183,374,587.5,392,3138.5,2009.5,951,0.7779351472854614,-8.245684970356455,-13.470969884522514,5.225284914166059,104.937843
-60.515121404122084,-3.8877962602587743,273,423,239,2828,1395.5,532.5,0.8441473841667175,-9.19514372872724,-15.370770532501158,6.175626803773918,307.467316
-59.85373677618909,-2.8830306149710894,353,570,282,3542,1614,653,0.8525104522705078,-7.23513758790561,-12.757330797102393,5.522193209196782,343.327454
-60.383069057356515,-2.9571416259109498,277,433.5,298,2626.5,1360,567.5,0.7962045073509216,-8.750930331083113,-15.148692318369255,6.397761987286142,231.234482
-59.48767329791038,-2.885500982002418,288,484,282.5,3104,1599,641,0.8331610560417175,-6.643458483880481,-12.794914824692498,6.151456340812016,56.277549743652344
-59.64600136673645,-2.6272353378180555,426,599.5,357,3340,1772.5,760.5,0.8068704605102539,-11.478638601920103,-18.465816100860057,6.987177498939953,220.509995
-59.85441051265217,-3.5138725232440233,347,510,312,2826,1617,664,0.8011472225189209,-8.985238716604378,-15.147338760858878,6.162100044254499,198.71524047851562
-60.06012471271555,-2.5142721908400256,334,464,270.5,2660.5,1403.5,570.5,0.8154213428497314,-12.903901453103332,-18.793811529806167,5.889910076702835,350.518585
-59.41176565640228,-2.78803377367545,349,528,309,3008,1633,686,0.8136870861053467,-8.464012291579902,-13.026788155834694,4.562775864254792,188.968033
-59.954123509189444,-3.5958437929199296,364,531,306,3147,1695,730,0.8227627873420715,-5.192057689381571,-12.557213245908635,7.365155556527064,19.829065322875977
-59.86519029606161,-2.422194874217775,315,499,256,3180,1505,606,0.8509895205497742,-8.625646318751501,-16.18491440954473,7.55926809079323,131.002258
-60.60135967139756,-2.6478965893528046,308.5,448,263.5,2754.5,1550.5,640,0.8253810405731201,-6.450290253744724,-12.83791101732251,6.387620763577786,131.360626
-59.56200888767127,-2.821945175650962,381,538,342,2958,1643,693,0.7927272915840149,-8.027559746755328,-13.835138480164765,5.8075787334094375,174.077744
-60.24517766124417,-3.6194245691280673,304,531,278,3124,1703,676.2,0.8365667462348938,-7.674637127324959,-13.414631392230289,5.73999426490533,1.670248031616211
-59.82521526591829,-2.5728872631288247,374,551,304,3054,1568,651,0.8189398646354675,-7.121056314015002,-13.427112110477584,6.306055796462582,295.788849
-59.73942615628488,-3.6634420180499236,314,519.5,342,3135.5,1890.5,778.5,0.8033069968223572,-8.116230316566353,-13.770715194629854,5.654484878063501,20.50868797302246
-59.8245415294552,-3.992225412037669,356,522.5,306.5,2872,1585,631.5,0.8071417212486267,-8.103868942690603,-15.36982309461029,7.265954151919686,203.028992
-60.06169676446275,-3.8630925899454875,376,535,330,2885,1620,703,0.7947123050689697,-8.163803172695411,-14.034828433405835,5.871025260710423,138.08522033691406
-60.233274983729586,-3.409667950286159,372,551.5,361.5,2624,1813,871.5,0.757829487323761,-7.33549999470015,-13.967769512333287,6.632269517633137,3.034327983856201
-59.29139140833026,-3.2807597070150076,616.5,890,764,3150.5,2211.5,1421,0.6096563935279846,-8.318038287000164,-12.793656235867461,4.475617948867297,2.0698800086975098
-59.571441198154524,-2.6319514930596832,385.5,575,335,3021,1574,657,0.8003575801849365,-9.075692506491205,-17.202023526914232,8.126331020423027,147.62673950195312
-59.478016408606095,-2.925251433324707,288,551,322,3168,1813,737,0.8154727816581726,-7.240361113574756,-13.468740517770337,6.228379404195581,6.324801921844482
-60.23529619311885,-3.942144334948005,337,519,339,2757,1527,628,0.7810077667236328,-8.618875724291478,-14.797444137034967,6.1785684127434894,109.69095611572266
-59.7335871069381,-2.8810094055818207,340,497,301,2934,1542,656,0.8139103651046753,-7.5124493300205,-13.64874643767444,6.13629710765394,155.324585
-60.67412320941124,-3.625263618474844,326,448.5,297,2553.5,1348,582,0.7916154861450195,-9.26962666671096,-15.368765584648656,6.099138917937696,159.580826
-60.93193969595354,-3.0512401519224697,297.5,492,284,2988.5,1488.5,608,0.8264324069023132,-8.546504000301805,-14.21213369335873,5.665629693056925,147.286209
-60.760136897865685,-2.8715770950985657,268.5,438,271,2911.5,1528.5,617,0.829693615436554,-5.758121106668691,-12.607600829921449,6.849479723252758,175.569305
-59.66980672176561,-2.9369295320182607,359.5,511,311.5,2795.5,1568.5,668.5,0.7994850277900696,-10.620586874788527,-16.438634253581974,5.818047378793446,419.981049
-60.106612528668734,-2.582993310075169,355,500,286,3107,1446,577,0.8314176201820374,-7.052177452276874,-12.806635227130371,5.754457774853497,222.5931396484375
-59.9395258858225,-2.7550206869840577,568.5,843.5,749.5,3313,2004.5,900.5,0.6310153603553772,-9.046349660463642,-14.381275934494159,5.334926274030517,166.293304
-60.22990630141413,-3.6472723429357723,282.55555555555554,436,276.25,2618.5,1529.4166666666665,637.8333333333333,0.809137225151062,-7.581108541067937,-15.14229693959518,7.561188398527244,81.46726989746094
-59.55145368308287,-3.0245152722199142,347,492,292,3054.5,1638.5,668,0.825489342212677,-8.324402064269469,-14.856929373192918,6.532527308923449,175.79067993164062
-59.760985723103744,-3.3229805253686253,353,530,316,2722,1541,726.5,0.7919684052467346,-6.374727064567943,-12.45405262093798,6.079325556370036,97.963051
-60.57126610937955,-3.5787758025216587,411,591,476.5,2516.5,2098.5,1154,0.6815903782844543,-7.700649479439722,-12.302385388356692,4.60173590891697,1.6788979768753052
-60.837841169942024,-3.2648146107218863,332.5,510,331.5,3688,1680.5,717.5,0.8350540995597839,-8.922353980486907,-15.040072734985749,6.117718754498842,29.656811
-60.92744811953295,-2.7294187013866513,258,443,252,2903,1483,594,0.8402535915374756,-7.268743760989135,-14.054942626388556,6.78619886539942,133.319809
-59.987136595880834,-2.499000831009994,327.5,508,285,2892.5,1550.5,636,0.82061368227005,-8.636443689260968,-15.097929728184036,6.461486038923068,107.54067993164062
-60.29615705361795,-2.781970145507643,247,391.5,237.5,2520.5,1257,504,0.8277737498283386,-7.069303510959709,-14.986669572476279,7.91736606151657,30.099353790283203
-60.15938855161075,-4.018276555277135,345,528,348,2784,1668,721,0.7777777910232544,-8.134518499251616,-14.55371745383659,6.419198954584974,81.951233
-60.317492041615786,-2.9708409339937725,259.5,407,241,2795.5,1347,531,0.8412646055221558,-8.879710122362148,-16.817038458955597,7.937328336593449,234.253922
-59.553250313651105,-2.671926523203002,345.5,539,308,3104.5,1734,700,0.8194871544837952,-7.235667294014565,-12.634676874476867,5.399009580462302,88.81351470947266
-60.922058227828224,-2.865064309288699,282,472,299,2753,1587,715,0.8040629029273987,-7.0738593923912525,-12.668702751357777,5.594843358966525,93.640572
-60.151752871695734,-2.577603418370452,286,431,272,2614,1268,520,0.8115038275718689,-8.180485102647175,-15.672874272634614,7.4923891699874385,90.685768
-59.37830341206883,-2.9349083226289916,303,502,307,3085,1636,669,0.8189858198165894,-8.043906992090859,-14.365642125322683,6.321735133231824,58.463871
-60.403954887712295,-3.4653634979015693,457,695,541,2906,2687,1543,0.686103880405426,-10.390153005668502,-15.723520613613346,5.333367607944844,31.875865936279297
-59.99522143343791,-2.8134111804518267,266.5,417.5,219,2848,1504.5,622.5,0.857189416885376,-10.367198826815171,-17.166027843304327,6.798829016489156,190.3364640805664
-59.89303806986931,-2.564128689108659,341,496,313,3015,1580,650,0.8118990659713745,-7.074391934378392,-13.758672928757731,6.684280994379339,54.57692337036133
-59.77311297943936,-3.6730989073542086,317,509.5,320.5,2684,1539,643,0.7866533398628235,-8.967844990445425,-14.08414782549966,5.116302835054235,243.108658
-59.605577178951066,-3.036193370913468,306.5,514,298.5,3262.5,1643,679.5,0.832350492477417,-8.171307570610129,-15.03089690494706,6.859589334336931,218.345505
-60.29099174073426,-3.7357563984215454,315,511,261,3331,1601,621,0.8546770811080933,-6.550607450267382,-14.529229423747596,7.978621973480214,28.18590545654297
-59.72887095169647,-2.92008612044102,413,578,352,3217,1665,697,0.8027458786964417,-9.933141226822237,-15.833691257208875,5.900550030386638,81.057777
-59.924703683634526,-3.4464988769350593,768,957.5,962,2495,3139.5,2151,0.4434480667114258,-8.810101578520548,-14.8539265290517,6.043824950531151,25.390249
-60.00532748038425,-3.5143216808860833,425,577,410,2785,2220,1138,0.7433489561080933,-8.311510097225494,-15.039755164871721,6.7282450676462275,663.76123
-60.89735455751494,-3.105588226611701,290,467,241,2997,1443.5,595.5,0.8511427044868469,-7.911996874180222,-13.532171637855926,5.6201747636757045,102.017799
-60.40799730649083,-2.4114150908083407,252,441,241,3064,1485,604,0.8541603684425354,-6.950062003989947,-14.09764941597335,7.1475874119834035,147.730713
-60.32018698746815,-2.9883580820341034,252.5,390.5,269,2573.5,1382.5,563.5,0.81072998046875,-10.643978926381674,-15.570550426974775,4.9265715005931,238.975830078125
-59.80590148730972,-3.3559936120600176,443,645.5,476.5,3029,2389.5,1162,0.7281414866447449,-6.972439907113436,-13.737486740618149,6.765046833504712,2.2653019428253174
-60.572613582305735,-3.7732610615335354,270,475,249,3258,1598,621,0.8579983115196228,-8.571620655982642,-14.104252597332332,5.53263194134969,108.69746398925781
-60.810442553776376,-3.5940471623516905,367,545,316,3370,1682,656,0.8285404443740845,-7.936356178042338,-15.299139370487506,7.362783192445168,26.88796615600586
-59.735159158685306,-2.519662082544743,419,598,377,3274,1801,774,0.7934812307357788,-6.265929333128342,-11.146760899925743,4.880831566797402,236.658508
-60.33770413550848,-3.991551675574579,275,477.5,295.5,2698,1565.5,637,0.8025722503662109,-8.875869772767699,-14.41129248192622,5.535422709158521,125.88447570800781
-60.008022426236614,-3.7705661156811767,360,565,341,3037,1659,706,0.7981053590774536,-9.145672928192116,-15.340675479092958,6.195002550900842,55.7398796081543
-60.25169044705403,-3.863317168766517,317,521,304,3206,1591,642,0.8267806172370911,-8.53425381857338,-13.497345321364813,4.963091502791434,190.686478
-60.534435182730654,-3.860397644093129,247,363,224,2482,1335,553,0.8344419598579407,-7.948864556544243,-14.8591546379849,6.910290081440658,71.793083
-60.8760195695171,-3.386985489362141,389,611,408,2773,1624,769,0.7434768676757812,-7.011701442289485,-13.222037183582671,6.210335741293186,69.19515991210938
-59.663967672418835,-2.978252035087759,317,500,290,2702,1535,651,0.8061497211456299,-11.209432337366028,-17.156849723474043,5.947417386108015,180.43923950195312
-60.266063491599944,-4.053535430178826,299.5,496.5,300.5,2931,1567.5,625,0.8140182495117188,-6.932644186544837,-14.104969880820597,7.17232569427576,123.840492
-60.340399081360836,-2.983417347971446,258,418,299,2925,1474,607,0.8145161271095276,-7.613797155390053,-13.860632513008921,6.246835357618869,127.750603
-60.51018067005943,-3.210466536032655,295,495,265,3138.5,1454.5,582,0.8442779779434204,-7.323286045512313,-14.62120472523517,7.297918679722857,97.454971
-59.61343743768711,-2.985213978539685,359,503,312,3043,1630,685,0.8140089511871338,-8.24004555481656,-15.292598362031256,7.052552807214697,153.815323
-60.14860876820132,-4.033323336286137,318,546,310,3072,1615,668,0.8166764974594116,-8.022873234496288,-13.05148596993758,5.028612735441293,121.623169
-59.95030566923194,-3.657378389882117,339.5,491,300.5,3031.5,1605.5,684.5,0.8196278214454651,-5.1197993608497585,-10.024332183439293,4.904532822589535,141.258148
-59.75941367135653,-2.705613346357484,377,580,328,3437,1563,649,0.8257635831832886,-6.039913344152474,-13.839460851995405,7.799547507842931,89.03326416015625
-60.73273828170004,-3.662992860407864,286.5,512.5,245,3447.5,1534,607.5,0.8672986030578613,-6.894150769331013,-13.971509304978479,7.077358535647466,3.997775077819824
-59.59479739554163,-2.828907119102888,359,567,304,3500.5,1577,650,0.8401892781257629,-8.237531337543764,-12.725563216860994,4.48803187931723,9.655566215515137
-60.27594495972526,-3.0126125947053306,271.5,421,267,2543,1283,539,0.8099644184112549,-9.62914676305164,-15.30657410546089,5.677427342409249,205.438171
-60.529269869846964,-3.1118764336005373,295,462,259,3138,1561,628,0.8475124835968018,-8.690558782994188,-14.685658386769344,5.995099603775156,43.52373504638672
-60.19217705948112,-3.995594094353117,282,434,265,2508,1421,584,0.8088712692260742,-9.075670013821513,-15.125164485635423,6.04949447181391,269.892883
-60.2191265180047,-2.8619202057942807,288.5,509.5,295.5,3175.5,1547,610.5,0.8297320604324341,-9.82545524525012,-15.76927247579663,5.943817230546509,67.82323455810547
-59.67564577111239,-2.898301974801121,358.5,543.5,308,3086.5,1629.5,654,0.8185299634933472,-9.4596358065069,-14.429975432759443,4.970339626252542,266.594788
-59.32934522908432,-2.9050393394320175,348.5,539.5,340,3113.5,1759,787,0.8030983209609985,-9.279035514401055,-15.13936176976128,5.860326255360224,235.994049
-59.617255277644624,-3.022494062830645,321.5,528,329,2887.5,1635,685,0.7954298257827759,-5.06548122124995,-11.571484663718836,6.506003442468886,147.536514
-60.158939393968694,-2.5836670465382587,245,407,237,2624,1286,503,0.8343236446380615,-8.705103413606533,-14.787504893148233,6.0824014795417,193.766464
-59.53101701036915,-3.0440536296495138,319.5,523,289,3166,1630.5,654.5,0.8327062129974365,-7.97560482583102,-15.197025409097689,7.221420583266669,45.6047477722168
-60.00532748038425,-3.5706909649645833,411.5,635,375.5,3599,1941,837,0.8110454082489014,-8.854478244781196,-15.865453668979612,7.010975424198415,159.006927
-60.229007986130014,-3.0164304346628383,287,423,230,2683,1334,548,0.8420872092247009,-8.460330763111076,-15.09972810409407,6.639397340982994,90.420158
-59.68665013334285,-2.8232926485771412,404,645,358,3124,1842,844,0.7943710684776306,-8.175783361643111,-13.937056412178093,5.761273050534982,56.354561
-59.65700572896691,-3.2149581124532527,588,882,786,3795,2801,1651,0.6568434834480286,-7.732247502245148,-12.390800322455444,4.658552820210296,37.970706939697266
-60.86860846842311,-3.6791625355220154,331.5,466,276.5,2771.5,1442.5,579.5,0.818569540977478,-5.565018704113536,-13.706078624559158,8.141059920445622,147.248001
-60.23484703547679,-3.7734856403545654,355,533,335,3163,1812,761,0.8084619641304016,-8.47173747040954,-13.610690962867817,5.138953492458278,279.954498
-59.294535511824684,-3.3243279982948044,463,497,363,2340,1174,572,0.7314095497131348,-8.920431444341448,-14.55229394761304,5.631862503271591,0.5200099945068359
-59.60063644488841,-3.686124478973942,483,666,562,2515,2628,1492,0.6347091197967529,-10.468053925055727,-16.594490364178057,6.12643643912233,14.005489349365234
-59.60782296716137,-2.872699989203715,341.5,540,316,3216,1669.5,687.5,0.8210645318031311,-5.573702520411055,-12.90989492749156,7.336192407080506,97.84978485107422
-60.134460302476434,-2.483504892358932,298.5,474,301,2823,1360,545.5,0.8072983622550964,-6.860833347170965,-13.617605749121198,6.756772401950233,229.997116
-59.6794636110699,-2.984764820897625,374,587,354.5,3108.5,1730,753,0.7952642440795898,-8.556182414370303,-14.3800280357091,5.823845621338798,157.510345
-60.12862125312966,-3.1677965600369777,383,645,373,3056,1947,921,0.7824438810348511,-10.114897051958208,-16.083256557589834,5.968359505631627,51.511082
-60.35207718005439,-3.7692186427549976,253.5,428.5,254,2807,1444,584.5,0.834041178226471,-7.738340968032322,-14.252913332156957,6.514572364124636,155.483185
-59.86541487488264,-2.660248424509448,423,617,366,3209,1750,752,0.7952447533607483,-9.029869730563568,-14.831394854129655,5.801525123566087,265.9822998046875
-59.80567690848869,-2.579849206580751,438,596,390,3083,1745,753,0.7754102945327759,-8.866119738517789,-15.55112497944794,6.685005240930151,242.967148
-60.2822331667141,-2.8978528171590616,305,470,304,2689,1489,614,0.7968593239784241,-8.965486713000592,-14.709678818690781,5.744192105690189,91.747551
-60.44078581436119,-3.4799611212685115,285,462,270,3153,1532,605,0.8422436714172363,-8.005319699018958,-15.165328851288638,7.16000915226968,39.4412727355957
-60.34623813070761,-2.7496307952793404,234,430,256,2607,1440,577,0.8211666345596313,-9.939313039249285,-14.68977872779989,4.750465688550605,215.116013
-59.403231661203144,-2.8394623236912926,310,504,294,3091,1615,657,0.8262924551963806,-6.8755793213878205,-12.656009281293235,5.7804299599054145,231.4307403564453
-60.399912468933756,-3.3108532690330117,423.5,753,462.5,3539,2154,1024.5,0.7688366770744324,-9.267492896425678,-13.67965297469507,4.412160078269393,6.486598014831543
-59.74054905039002,-2.423991504786014,313,480.5,275,2799.5,1561.5,655,0.8211091160774231,-7.91791913078252,-15.390907191102004,7.472988060319484,282.230438
-59.66082356892442,-2.9733113010251015,305.5,510.5,306,3025.5,1673,677,0.8162989616394043,-6.933004429879729,-14.186548725191273,7.253544295311544,148.782028
-59.482058827384634,-3.53857619355731,377,550,314,3151,1753,719,0.818759024143219,-6.59645703863958,-13.107303751892147,6.510846713252566,132.997345
-60.078091018397934,-2.493386360484247,303,518.5,304,3046.5,1518.5,608,0.8185345530509949,-7.043815453128031,-15.546437222860888,8.502621769732858,213.442917
-59.735608316327365,-3.693086422425868,286,452,265,2727,1476,599,0.8228609561920166,-7.72144582386489,-14.485357428737633,6.763911604872742,83.734947
-60.2085713134163,-3.893635309605551,311.5,480.5,295,2742,1554.5,649.5,0.805729329586029,-7.279174774363107,-14.516363665215028,7.237188890851921,113.993111
-61.012114335061206,-3.1972163855918923,300.5,449,274,2840.5,1410,580,0.8240488171577454,-8.179279229614416,-14.571995921923715,6.3927166923093,139.250061
-60.7152211336597,-3.7467607606520095,419.5,516,328,2661,1367.5,565,0.7805286049842834,-9.437881222763776,-14.999705552791154,5.5618243300273775,103.995277
-59.520237226959715,-2.7532240564158186,359.5,511,291.5,3086.5,1609.5,684,0.8274126648902893,-8.342571201598378,-14.38841132255665,6.045840120958271,201.082306
-60.64560169914044,-3.03215095213493,289.5,433,245.5,2961.5,1418,575.5,0.8468974232673645,-7.612429319212991,-13.49914398718627,5.88671466797328,19.428874969482422
-59.60872128244549,-2.8453013730380694,360.5,536,307.5,3104.5,1641.5,671,0.8197538256645203,-7.63149042784145,-13.66353487270327,6.03204444486182,65.733131
-60.828184280637736,-3.0876219209293105,290.5,490,285,3081,1488,602,0.8306595087051392,-7.446900130567828,-14.753332059415396,7.306431928847568,131.819992
-60.65233906377134,-3.7128493586764972,294,426,229,2425,1269,537,0.8274303078651428,-8.382004646281873,-15.890077521954362,7.5080728756724895,110.341766
-60.26449143985273,-3.0202482746203465,329.5,534,321.5,3217,1659.5,682.5,0.8182845711708069,-9.335689689952298,-15.575063671648754,6.239373981696456,161.22698974609375
-60.29750452654413,-3.796168101278583,332,496.5,283.5,3011,1575,630.5,0.8278949856758118,-8.837690033781136,-14.12183745833322,5.284147424552083,57.11084747314453
-60.55240148841305,-2.7172914450510377,257.5,409,239,2714,1411,579,0.8381307125091553,-5.687508989714106,-11.729124688977329,6.0416156992632235,179.097458
-60.01588268497266,-3.7514769158936367,347,534,293,3389,1813,761,0.840847373008728,-7.845444624848619,-14.339737147641376,6.494292522792757,122.414841
-60.285377270208514,-3.994022042605908,287,439,266,2499,1402,571,0.8075949549674988,-9.185627927504465,-15.079041848803536,5.8934139212990715,128.082626
-60.87557041187504,-3.624814460832784,390,631,461,2919.5,2047.5,1081,0.7272592782974243,-5.894821389652194,-11.381461947417414,5.486640557765219,80.027237
-60.19689321472274,-3.5066860009710674,601.5,822,854,2978,2775.5,1615,0.5542797446250916,-9.910148580856886,-15.978675708519773,6.068527127662888,6.25009298324585
-59.70281980845701,-2.6054511921781573,430.5,579.5,356,3107,1650.5,706,0.7943979501724243,-8.848264346938803,-14.70400902854391,5.855744681605106,159.613068
-59.91886463428775,-3.8862242085115652,346,530,303,3330,1806,757,0.833195686340332,-7.680122180942207,-13.563086081357152,5.882963900414945,63.535133361816406
-60.61910139825892,-3.8907157849321625,305,440.5,276.5,2697.5,1438.5,629.5,0.8140551447868347,-9.79380918952748,-13.828750098204008,4.034940908676528,119.052238
-59.49194029550995,-3.08874481503446,320,535,305,3229,1569,645,0.8273910880088806,-9.71353203158898,-15.456092330365397,5.742560298776418,104.444283
-59.347985271229796,-2.8646151516466394,361.5,645.5,399.5,3502.5,2130.5,949.5,0.7952331900596619,-9.98225742066069,-16.301866784802954,6.319609364142263,3.7991530895233154
-59.82768563294962,-2.6355447541961614,416.5,602.5,356,3186.5,1640,680,0.7990120053291321,-8.30766144131123,-15.000862393042272,6.693200951731042,441.012482
-60.57935094693663,-2.499449988652054,221,388,219,2559,1373,550,0.8423326015472412,-8.282907736696266,-14.044978227343341,5.7620704906470745,165.371109
-60.16455386449444,-3.9587631677042165,306,434,251,2575,1464,575,0.8223637938499451,-10.320406777213737,-16.75682015946541,6.436413382251672,178.950363
-59.671603352333854,-2.561209164435271,434,693,379,3553,1782,754,0.8072227835655212,-7.380599321890133,-13.563970735189159,6.183371413299025,79.56437292295837
-60.81268834198667,-2.744914640037713,305,474,269,3152,1498,587,0.8427360653877258,-8.35592379687441,-14.512230324459484,6.156306527585073,143.764633
-59.847897726842305,-3.2340473122407927,390,553,342,3185,1764,809,0.8060674667358398,-6.420381039132938,-11.093971372649117,4.673590333516179,212.5621795654297
-60.40170909950199,-4.002556037805043,248,423,240,2510,1319,518,0.8254545331001282,-8.713290676053942,-13.628937261568943,4.915646585515001,79.691727
-60.01296316029927,-2.6182521849768605,372,512,299,3362,1607,665,0.8366566300392151,-6.313858043618326,-12.595801615778928,6.2819435721606025,76.0337802107544
-59.66733635473428,-2.851140422384846,373,576.5,322,3134,1623.5,664.5,0.8136574029922485,-4.884528247308075,-12.78513188479861,7.900603637490534,131.479736
-60.435845080298535,-4.023441868160822,232,400,225,2541.5,1221,472,0.8373395800590515,-7.230636153467334,-14.784521902739268,7.5538857492719345,219.654709
-59.599513550783264,-3.0337230038821392,308,507.5,329.5,3007.5,1623,664,0.8025172352790833,-6.550655998752676,-12.775493855172408,6.224837856419732,89.908722
-59.98578912295466,-2.428932238848671,301,461,249,2961,1480,588,0.8448598384857178,-8.873448560051205,-14.429091163788081,5.555642603736876,183.349442
-60.81426039373388,-3.7083577822559,266,460,224,3136,1375,538,0.8666666746139526,-7.849241752548462,-14.637477766426844,6.788236013878382,68.45450592041016
-59.375383887395444,-3.0557317283430674,383,557,326,3190,1731,711,0.8145620226860046,-10.05583057294005,-16.13559763795622,6.079767065016171,116.58208465576172
-60.586312890388555,-3.935406970317109,240.5,399.5,242,2565,1274,489.5,0.8275738954544067,-9.049037419311025,-14.1157145752206,5.066677155909575,100.04349517822266
-60.142769718854545,-3.185987444540398,366,590,328,3349,1719,745,0.821593701839447,-6.423488841209906,-14.234860262078882,7.811371420868976,58.30952072143555
-60.619325977079946,-3.770116958039117,293,466,278,2956,1677,716,0.8280766606330872,-6.018614395730904,-13.335002612907365,7.316388217176461,1.3123979568481445
-60.9173420725866,-3.4671601284698084,345,517.5,327.5,2906,1584.5,667.5,0.7974331378936768,-7.309010378318889,-14.385035310631263,7.076024932312374,107.574493
-60.348034761275855,-3.9538224336415593,304,495.5,285.5,2788.5,1488.5,605.5,0.8142485618591309,-9.019901399805034,-14.40170890603137,5.381807506226336,130.662201
-59.78007492289129,-2.9477093154276948,344,527,337,2941,1627,668,0.7943868041038513,-7.863246705346456,-14.636605280733832,6.773358575387376,125.427078
-59.67609492875445,-3.386536331720081,436,603,332,3526,1946,815,0.8278900980949402,-8.92833441672722,-14.595637831025414,5.667303414298194,49.21742630004883
-60.88837140467374,-3.1722881364575755,327,551.5,301,3272,1687,837,0.8315141201019287,-6.545374726945058,-14.298440651750091,7.753065924805034,0
-60.00981905680485,-3.823117559802169,369,585,368,2986.5,1603,677,0.78059321641922,-7.4443312453626564,-14.70870606910436,7.264374823741704,136.005722
-60.40934477941701,-3.38900669875141,268.5,458.5,266.5,3004,1535,610,0.8370279669761658,-8.707841039402094,-14.619779553409046,5.911938514006952,29.009197235107422
-59.91280100611994,-3.2360685216300613,557,797,587,2860,2417,1399,0.6594139933586121,-9.443748394171672,-12.786283519609203,3.3425351254375304,96.17322540283203
-60.25213960469609,-3.797740153025792,329.5,493,305,2881.5,1629.5,678,0.8085674047470093,-8.036483882826223,-14.86541020100804,6.828926318181816,126.791122
-60.922731964291316,-3.2807597070150076,342.5,521,324,3247.5,1655.5,739.5,0.8185636401176453,-9.955641782367532,-15.879348711992538,5.923706929625006,0
-59.930767311802335,-3.3211838948003862,372,592.5,345.5,3282.5,1829,845,0.8095369338989258,-8.92196554893918,-14.26021655044619,5.338251001507009,23.672386169433594
-59.75986282899859,-2.982968190329386,338,546,336,3213,1665,698,0.8106508851051331,-7.106319485174416,-14.92671748824355,7.820398003069134,90.60004425048828
-60.98583861300071,-2.968595145783474,264,428,260,2850,1543,642,0.8327974081039429,-9.144573134031916,-16.587869886175206,7.44329675214329,123.489441
-59.45196526536663,-3.349480826250151,502,739,517,3423,2342,1176,0.73756343126297,-6.815588915136759,-12.678132161678155,5.862543246541396,0
-60.31367420165828,-2.8320512225973067,315.5,480.5,291.5,2772.5,1429.5,572.5,0.809725821018219,-7.849354550255743,-14.083291464514447,6.233936914258704,234.215576
-59.510580337655426,-2.744914640037713,346,558,329,3244,1730,720,0.815841019153595,-7.853388401853582,-12.99812500592145,5.144736604067868,205.286484
-60.362183227000735,-3.640534978304876,265,440,255,2715,1345,537,0.8282828330993652,-8.156331614216308,-13.335937562624665,5.179605948408357,204.33164978027344
-59.925601998918644,-3.903292198909836,361,549,328,2874,1579,648,0.7951280474662781,-8.072524792668519,-14.602863278995956,6.530338486327437,135.954483
-60.91352423262909,-2.9993624442645674,286,445,262,2595,1402,575,0.8165908455848694,-7.623551893689163,-14.865292021503222,7.24174012781406,96.2741784586258
-60.37273843158914,-3.57653001431136,259,451,273,2988,1490,595,0.8325666785240173,-9.294979223129161,-14.708483128173972,5.413503905044811,125.724419
-60.589906151525035,-3.674221801459358,380,504,453,1572,1950,1102,0.5525925755500793,-10.465650749540806,-15.962153503700629,5.496502754159822,122.213654
-60.196668635901716,-3.262344243690557,400,575.5,363,3006,1894,837.5,0.7845057845115662,-9.16230903572792,-14.894293629614879,5.731984593886958,2.5817809104919434
-59.99252648758555,-3.5742842261010614,385,595.5,324,3492,1795,754,0.8301886916160583,-6.174807331832046,-12.977295142436244,6.802487810604198,36.36408996582031
-59.39514682364607,-3.066511511752502,473,671,561,2792,2369,1395,0.6653742790222168,-8.925665984977943,-16.444742144705124,7.519076159727181,0
-60.20452889463776,-3.8329990279274835,335,473,302,3013,1569,628,0.8177978992462158,-6.7624098673217405,-12.385937868992727,5.623528001670986,205.961197
-60.419226247542326,-2.403779410893325,250,435.5,239,2788,1393,554.5,0.8420878648757935,-7.713476164993812,-12.153550867271052,4.44007470227724,71.26343536376953
-59.8914660181221,-2.706736240462633,453,620,386,3021,1577,678,0.7734076976776123,-6.617441497548465,-13.14411923669007,6.526677739141605,247.352402
-60.29368668658662,-3.9818947862702943,269,448,275,2641,1388,552,0.811385452747345,-8.732959803627105,-15.259578055563097,6.526618251935991,29.356992721557617
-60.32445398506771,-3.760460068734832,270.5,443.5,241.5,2833.5,1396.5,540,0.8429268002510071,-8.273417498935787,-15.171896384443691,6.898478885507904,150.480835
-59.783443605206735,-2.5526751692361356,374.5,584.5,324,3277.5,1775.5,723.5,0.8200749754905701,-8.128276631281674,-13.777123722267199,5.648847090985525,115.58649444580078
-59.73021842462265,-3.0052014936113443,330.5,521,319,2964.5,1513.5,639,0.805695116519928,-7.9369340390286025,-14.543504768322686,6.606570729294083,166.532288
-60.15242660815883,-3.4047272162235016,456,597,497,1883,2106,1212,0.5823529362678528,-7.491337229034086,-14.075495040735007,6.584157811700921,53.527908
-59.88787275698563,-3.7797738473434017,319,476.5,321,2868.5,1648,715,0.7987145185470581,-8.099065564912042,-12.070733921405573,3.971668356493531,198.912689
-60.22316893678324,-3.9347332338540193,289,468,310,2764,1476,593,0.7983083724975586,-8.630442728061396,-14.055618971883678,5.425176243822282,169.611694
-60.004429165100134,-2.6211717096502487,379,579,338,3318,1602,668,0.8150984644889832,-6.798949468679792,-13.720354218369986,6.921404749690193,216.397247
-60.51557056176414,-2.6595746880463587,351,501,275,2655,1338,567,0.8122866749763489,-8.29612802662947,-12.686695733464555,4.3905677068350855,240.925323
-59.82588900238138,-2.582993310075169,358,569,296,3120,1570,652,0.8266978859901428,-8.400424054076142,-15.519045435645495,7.118621381569353,207.432007
-59.55033078897772,-2.7276220708184122,343,519.5,303,2855,1532,617.5,0.8081064224243164,-6.118750039451251,-12.311746370393816,6.192996330942566,208.006699
-59.706637648414514,-3.6333484560319196,472,600,528,2170,2180,1225,0.6085989475250244,-9.116123007405525,-16.541858215304877,7.425735207899352,182.893097
-60.489294839703646,-3.27604355177338,335,539,320,2992,1801,813,0.8067632913589478,-8.756686588887598,-14.76593866952901,6.009252080641412,1.0604970455169678
-59.64353099970512,-2.573560999591914,376,562,332,3076,1720,758,0.8051643371582031,-6.4798912251448995,-13.055372649781173,6.575481424636274,171.466553
-60.12749835902451,-2.4484705962782707,301,480,233,2725,1324,539,0.842461109161377,-8.051578329581606,-12.920290382861651,4.868712053280046,35.722389
-60.003530849816016,-2.9295184309242748,266.5,487.5,297.5,3264.5,1720.5,706,0.832958996295929,-7.16794771930277,-14.395877187861243,7.227929468558473,51.399024963378906
-60.48727363031438,-3.897902307205119,259,368,235,2265,1244,505,0.8119999766349792,-8.742476631044928,-14.047865038272477,5.305388407227548,163.226486
-60.573062739947794,-2.7047150310733645,290,469,261,2999,1493,610,0.8398773074150085,-7.568585011183645,-13.99307735539031,6.424492344206666,220.902252
-59.8094947484462,-3.4552574509552247,402,553,347,3261,1718,780,0.8076496720314026,-7.178097110559911,-13.150445122841719,5.972348012281808,344.492919921875
-59.99252648758555,-2.4545342244460775,344,525,313,2961,1488,639,0.8087965846061707,-6.822556186073557,-13.643197822068982,6.820641635995425,226.208435
-59.75918909253551,-3.4548082933131647,368,544,320,3174,1658,682,0.8168288469314575,-7.6247130605977285,-13.522458155342852,5.897745094745123,63.803123474121094
-59.70910801544584,-2.482606577074813,377,556,344,3145,1708,732,0.8028088212013245,-6.927007142490132,-14.742662252508962,7.81565511001883,167.736801
-60.19015585009185,-3.8974531495630593,318,479,286,2719.5,1489.5,587,0.8096822500228882,-8.139316577599256,-15.03644009942015,6.897123521820893,136.879089
-60.172189544409456,-3.9724624757870393,287,459,251,2853,1555,614,0.8382731676101685,-7.922745583454303,-13.725358738684061,5.802613155229759,152.121857
-59.45039321361942,-2.9522008918482925,281.5,524,303,3160,1604.5,661,0.8250072002410889,-5.9970460609916305,-13.070530328986807,7.073484267995177,125.389969
-60.19060500773391,-2.5129247179138465,262,429,244,2648,1311,520,0.8312586545944214,-7.8552398692429115,-14.752729810335094,6.897489941092182,172.661652
-59.98758575352289,-2.8524878953110258,327,520.5,326.5,3175.5,1731.5,739.5,0.8135350942611694,-8.96119480332366,-14.241661382734321,5.28046657941066,125.647476
-60.71544571248074,-3.067858984678681,232,395.5,217,2826,1475,576.5,0.8573775887489319,-5.57855501112097,-12.656292230646784,7.077737219525814,339.434662
-60.257529496400814,-3.7238537209069618,348,472,292,2877,1549,628,0.8157147169113159,-7.63920005895306,-14.297445000443146,6.658244941490086,198.090286
-60.246300555349315,-2.9764554045195197,283,456,273,2631.5,1392,564,0.8120158314704895,-8.34645137482709,-15.13159742149628,6.78514604666919,178.573288
-60.27459748679908,-2.48754731113747,241,342,198,2284,1236,519,0.8404512405395508,-10.388675353130596,-17.619280760861407,7.2306054077308115,187.474213
-59.927174050665855,-3.9226059775184057,382,552.5,342.5,3221.5,1644.5,703.5,0.8078002333641052,-6.974047470693996,-15.519974671047226,8.54592720035323,76.2479248046875
-60.832226699416275,-2.902568972400689,289,469.5,286,2913.5,1601.5,671,0.8212220668792725,-9.743633419855549,-15.691249906262057,5.947616486406508,263.043671
-60.53668097094095,-2.6225191825764282,332,482.5,295,2642,1356.5,566,0.7991147637367249,-7.097691138125838,-14.45020028563626,7.352509147510422,116.435944
-59.32642570441092,-2.8922383466333144,329,490.5,310,2891.5,1590.5,647.5,0.806340754032135,-6.895532024050272,-14.067358852316936,7.1718268282666635,227.657349
-60.40912020059598,-3.8440033901579476,273.5,458,252.5,3100.5,1521.5,616.5,0.849388599395752,-7.645319305913447,-13.001228574820061,5.355909268906614,20.372207641601562
-60.553299803697165,-2.611514820345964,327.5,504.5,292.5,2810.5,1442.5,601.5,0.8114727735519409,-7.732211414875888,-13.38300666031532,5.650795245439433,128.23406982421875
-60.82751054417465,-3.0984017043387446,275,429,236,2838,1405,580,0.8464541435241699,-9.292393049743957,-14.52925514064312,5.236862090899162,224.027267
-60.693436988019805,-3.4595244485547925,330,480,311,2670,1437,625,0.7913451790809631,-7.484140703254076,-13.614386824882299,6.130246121628223,56.906524658203125
-60.021272576677376,-2.623417497860548,374,524.5,325,2772.5,1473,608,0.7901533246040344,-6.933319028509956,-11.737926377155627,4.804607348645671,169.708145
-60.25483455054845,-3.2553823002386313,410.5,625,526.5,3297,2146.5,1167,0.7245978713035583,-6.317135791609152,-14.14039952400256,7.823263732393409,1.6226550340652466
-59.65004378551498,-3.888694575542894,344,538,310,3008,1599,679,0.8131404519081116,-7.598644672358095,-13.566112733292888,5.967468060934793,118.32471466064453
-59.81510921897195,-2.589056938242976,429,635,350,3701,1844,780,0.8272031545639038,-9.007668368968908,-15.567691906916071,6.560023537947163,549.683105
-60.21575783568925,-4.023666446981852,287,475,290,2725,1493,599,0.8076285123825073,-7.612977970729601,-15.141420250171445,7.528442279441844,157.940353
-59.43152859265291,-3.4406598275882825,414,552,337,3055,1851,794,0.8012971878051758,-8.992346096193048,-13.973096673534009,4.980750577340961,114.62508392333984
-60.41742961697408,-3.4503167168925675,677,888.5,1099,2596,4251,2889.5,0.4051420986652374,-13.815144957647469,-20.398347345809256,6.583202388161787,0
-59.855533406757324,-3.165326193005649,480,670.5,526,2572,2518,1422,0.6604260802268982,-8.07515837153676,-13.825068342946892,5.749909971410132,17.047239
-59.74908304558916,-2.9286201156401552,305,489,277.5,3053.5,1564,649.5,0.8333833813667297,-9.41540801452608,-14.512111427216315,5.0967034126902355,87.251953
-60.42034914164747,-3.7128493586764972,274,473,228,3150,1592,629,0.8650088906288147,-9.195971287399244,-14.103030199650455,4.907058912251211,0.06791699677705765
-60.01094195091,-2.5973663546210815,380,535,328,3024,1527,662,0.8042959570884705,-9.63552106396915,-15.121551572683787,5.486030508714636,183.197845
-59.95883966443107,-3.661420808660655,337,494,317,2812,1577,671,0.7973793745040894,-7.151545598848593,-14.408494882421161,7.256949283572568,199.5984345
-60.176231963187995,-2.527297762459759,267,421,234,2750,1344,525,0.8431635499000549,-7.565118870846374,-14.309576156153138,6.744457285306765,94.47880554199219
-59.73942615628488,-2.5073102473880997,384,610,357,3275,1670,713,0.8034141063690186,-5.984074557229679,-10.796289674844724,4.812215117615045,190.851776
-59.39582056010916,-3.302993010296966,466,644,493,2784,2129,1093,0.6991150379180908,-6.733933722594827,-11.730284590133449,4.996350867538622,153.648834
-61.05366141695173,-3.267060398932185,271,442,237.5,2743,1475.5,585,0.8406307697296143,-7.472578509246051,-13.42719084435917,5.9546123351131195,121.108353
-60.47626926808391,-2.4552079609091675,260,381,215,2705,1354,541,0.8527397513389587,-8.002075257400687,-14.880631937589087,6.8785566801883995,142.608871
-60.077641860755875,-3.68971774011042,396,591,347,3316,1602,647,0.8105378150939941,-6.8047240095974555,-13.090325611392636,6.285601601795181,114.2374496459961
-60.265614333957885,-3.7618075416610113,304,481,269,2932,1564,641,0.8319275379180908,-8.121075819648299,-15.86184934387667,7.740773524228372,400.769653
-60.50591367245986,-3.93338576092784,282.5,499,267.5,3527.5,1708,637,0.8590250611305237,-7.5452075961133485,-14.349469752126307,6.804262156012959,173.858856
-59.98736117470187,-2.6308285989545337,370,533,325,3209,1630,646,0.8160724639892578,-8.162969632443037,-14.329314715035617,6.16634508259258,211.057449
-60.785065147,-3.741595447768322,258.5,460.5,231.5,3316.5,1508.5,611.5,0.8695039749145508,-7.398289286270183,-13.03637366490982,5.638084378639638,91.74629974365234
-60.36914517045266,-3.3872100681831707,385,593,546,2962,2362,1292,0.6887115240097046,-9.508162584074478,-13.595064727328307,4.086902143253829,73.013718
-60.6678350024224,-3.7844900025850294,251.5,425.5,239.5,2773,1411.5,594,0.8409958481788635,-9.506397299593326,-14.234761170332098,4.728363870738772,99.258232
-60.515795140585176,-3.863317168766517,244.5,418,232.5,2786,1455,585.5,0.8459499478340149,-7.695424327943666,-13.367775589590508,5.672351261646842,46.246948
-60.27976279968277,-3.1024441231172823,300,475,275,3050,1415,575,0.8345864415168762,-7.683288460389682,-14.301980847157976,6.618692386768294,0
-59.99117901465937,-3.3860871740780216,375,651,346.5,3272.5,1912.5,863,0.8085106611251831,-6.808771847840715,-13.162315930523995,6.35354408268328,1.6495180130004883
-59.30553987405515,-3.0274347968933024,374,490,289,2776,1483.5,615,0.8114192485809326,-10.900185317050102,-16.6912868214691,5.791101504418997,273.9416198730469
-59.67137877351282,-2.878089880908432,394.5,576.5,344,3159,1660.5,680,0.8035969138145447,-8.184118270198876,-15.794978092701763,7.610859822502887,214.665726
-59.890567702837984,-3.535207511241862,390,594.5,378,3141.5,1712,761.5,0.7851967811584473,-8.27700219722195,-13.882055410918744,5.605053213696793,265.592255
-60.003980007458075,-2.3447151809624662,275,447,230,3325,1560,607,0.8706047534942627,-10.629838353765775,-16.04532681585662,5.415488462090844,10.30663013458252
-60.58923241506194,-2.6741723114133005,265.5,454.5,248,2753.5,1491,618,0.8347492814064026,-6.445118125485242,-11.400752175390146,4.955634049904904,94.47993469238281
-60.849968426277634,-2.767372522140701,277,431,233,2947,1518,597,0.8534591197967529,-7.613783084088356,-13.42872606974877,5.814942985660414,65.468719
-59.934360572938814,-2.7669233644986413,295,483,282,3132,1609,670,0.8347979187965393,-9.859407866920305,-16.269626478958617,6.410218612038312,182.679413
-59.39379935071989,-3.3602606096595853,528,799,650,3214,2797,1615,0.6635611057281494,-7.604174677869527,-14.624212716259557,7.020038038390029,8.476309776306152
-59.570992040512465,-3.22012342533694,382,593,388,3498,1903,858,0.8003088235855103,-7.3338681744653496,-13.6737379031578,6.339869728692451,34.144001
-60.14501550706484,-2.966349357573175,306,489,291,2859,1459,596,0.8152381181716919,-6.139317519217134,-12.322052586987125,6.182735067769991,84.38800048828125
-60.193973690049354,-3.95180122425229,292,478,288,2702,1448,591,0.8073578476905823,-8.102035491975322,-14.791877640623737,6.689842148648415,141.688614
-60.30446646999606,-2.711676974525291,232.5,403,215,2724,1321,513.5,0.8536917567253113,-8.649169394877028,-13.193644002760294,4.5444746078832665,71.878036
-59.858228352609686,-3.6084202068976032,398.5,592.5,388.5,2932.5,1711.5,765,0.7660343050956726,-6.095875183056921,-11.036782807866421,4.9409076248095,221.317871
-60.391153894913586,-3.4071975832548302,338,471,341,2681,1751,838,0.7743216156959534,-9.99155024408589,-15.852843346652648,5.8612931025667585,123.959717
-60.35544586236984,-3.4274096771475193,312,470,302,2879,1536,644,0.8101226091384888,-9.496723373143393,-14.449294763396491,4.952571390253098,101.83436584472656
-59.69338749797375,-2.7759065173398363,378,564,333,2973,1672,721,0.7985481023788452,-7.512852633343218,-13.665135453164275,6.152282819821057,280.573456
-60.85401084505617,-3.6398612418417864,288,476,255,3076,1549,636,0.8468928337097168,-7.283105926375462,-15.215387105759548,7.932281179384087,195.635208
-60.83873948522614,-2.739300169511966,289,485,266,3136,1540,590,0.8436213731765747,-8.274338224354395,-14.654992198886315,6.380653974531921,162.912384
-60.754522427339936,-3.3449892498295535,378,490,429.5,1771,2057,1140,0.6096341609954834,-8.118116763801202,-15.373655626718794,7.255538862917591,35.6577033996582
-60.050243244590234,-3.8514144912519335,358,476,297,2860,1581,661,0.8118466734886169,-7.682252259153589,-12.534323316122304,4.852071056968715,101.587631
-59.67429829818621,-2.554920957446434,380,561,335,2937,1680,715,0.7952322959899902,-7.9904024211384,-13.910201835228591,5.919799414090191,81.24571990966797
-60.07382402079837,-3.456604923881404,350,521,317,2972,1539,647,0.8072362542152405,-8.760649145806083,-13.80433426030644,5.043685114500358,305.474701
-60.05046782341126,-2.5560438515515838,350,505,322,2683,1535,666,0.7856904864311218,-9.071675751052783,-13.505531139539915,4.433855388487132,74.50848388671875
-59.80971932726723,-3.334883202883209,375,592,351,3409,1848,827,0.8132978677749634,-7.548232834054046,-13.689275750114449,6.141042916060403,88.09022521972656
-60.28111027260895,-3.940347704379766,289,488,304,2600,1469,592,0.7906336188316345,-8.317729875940001,-14.570928718526986,6.253198842586984,76.791496
-59.964903292598876,-2.629705704849384,362,539,330,2675,1392,574,0.780366063117981,-8.29457078794144,-15.75469944738426,7.4601286594428196,99.280869
-59.95547098211562,-3.921483083413256,343,492.5,326.5,2857.5,1649.5,723,0.7949120402336121,-7.895575158499788,-15.245005692962593,7.349430534462805,104.027099609375
-60.284928112566455,-3.741595447768322,411,662,424,3287,2220,1089,0.7714901566505432,-9.833359326406164,-15.259844739626976,5.426485413220812,1.4406440258026123
-60.8564812120875,-3.6070727339714237,409,557,384,3821,2185,1104,0.8173602819442749,-7.51951570815719,-12.024237385982673,4.504721677825483,179.649338
-59.82768563294962,-2.360211119613528,317.5,477,279.5,2609.5,1429,580,0.8065074682235718,-8.037667877802722,-12.750697260224955,4.713029382422233,261.118286
-60.55913885304394,-3.7636041722292504,259.5,409.5,240.5,2867,1341.5,525,0.8452131748199463,-9.561741872940132,-15.955810506620569,6.394068633680437,132.824371
-60.282906903177185,-2.755919002268177,239,420,239.5,2712.5,1305.5,513.5,0.8377371430397034,-8.038497896284053,-13.849542865408335,5.811044969124282,42.813819885253906
-59.61703069882359,-3.749231127683338,392,584,385,2997,1827,828,0.7723240852355957,-6.245431197066166,-13.27027974540545,7.024848548339284,214.785049
-60.007124110952496,-3.458626133270673,408,639,367,3405,1972,873,0.8054082989692688,-7.9152742543679,-13.327979665839562,5.412705411471662,1.472579002380371
-60.04687456227478,-2.3442660233204062,259,459,249,3030,1426,557,0.8481244444847107,-8.079917065710124,-14.428122757122182,6.348205691412058,139.332809
-59.90426701092081,-3.475469544847914,353,569,313,3341,1754,711,0.8286808729171753,-6.751191540842191,-14.770886655083139,8.019695114240948,108.515388
-59.43804137846278,-3.339599358124836,452.5,651.5,450.5,3107.5,2002,942.5,0.7467678189277649,-9.718226492348522,-14.742849343009997,5.0246228506614745,94.955109
-60.395645471334184,-3.212712324242954,424.5,559.5,502.5,2340,2281,1251.5,0.6464380025863647,-6.637525796399622,-13.475714423696266,6.838188627296644,22.13770866394043
-59.95726761268386,-3.3786760729840353,425.5,620,361,3430.5,1809,759,0.8095740675926208,-9.274521838019108,-13.360824011231207,4.086302173212099,79.621986
-60.59574520087181,-2.6838292007175855,305,517,297,3628,1766.5,706,0.8486624360084534,-9.251803477634654,-15.797334907441758,6.545531429807104,29.69068145751953
-60.32984387677243,-2.8253138579664103,299.5,462,327.5,2637,1484.5,639.5,0.7790521383285522,-7.4848819050200435,-12.763571239033684,5.278689334013641,111.854767
-60.04597624699066,-2.9897055549602825,290.5,507,299.5,3024.5,1769,834.5,0.8197954297065735,-8.334933267634785,-14.55240701713741,6.217473749502625,161.124771
-60.59731725261902,-3.1219824805468823,312,540,283,3794,1816,769,0.8611724376678467,-11.324730502066895,-17.797607543884485,6.47287704181759,95.490379
-60.03137862362372,-3.8532111218201726,379,575,355,2922,1654,707,0.7833384275436401,-6.854578810828171,-12.299382537493777,5.444803726665606,142.551041
-60.196668635901716,-2.7595122634046554,306,451,279,2666,1379,589,0.8105263113975525,-8.306068078149542,-14.411248699727535,6.105180621577993,26.256025314331055
-59.67407371936518,-3.5947208988147805,485,736,416,3512,1931,853,0.7881873846054077,-10.736498184459906,-17.787010538175323,7.050512353715417,35.69413375854492
-60.1191889426464,-2.333037082268912,263,426,236,3028,1377,550,0.8553921580314636,-5.290632235234466,-11.787535328220219,6.496903092985753,183.400269
-59.46813494048078,-3.373510760100348,400,547,352,3290,1954,816,0.8066996335983276,-6.7103456072777625,-12.958136763615013,6.24779115633725,3.6021358966827393
-60.50681198774398,-2.692363195916721,305,481,292,2697,1430,607,0.8046169281005859,-7.403365163332153,-13.825153829864131,6.421788666531978,90.506889
-60.11851520618332,-2.6481211681738346,355,489,302.5,2832,1426,567,0.8069867491722107,-10.001438786277998,-15.603443834901636,5.602005048623639,243.986542
-59.69787907439435,-3.68949316128939,329,522,310,2799,1506,632,0.8005789518356323,-8.573075948436607,-13.807251621048326,5.23417567261172,128.973099
-59.71045548837202,-3.9008218318785075,431.5,723,487,3347.5,2297,1124.5,0.7459903359413147,-9.551307525632533,-14.443620731399038,4.892313205766506,13.186067283153534
-59.738752419821786,-2.8491192129955776,362,549,329,3166,1671,695,0.8117310404777527,-8.483000340845928,-14.277253468287137,5.794253127441209,209.055069
-60.1281720954876,-3.0105913853160615,294,466,267.5,2861.5,1499,600.5,0.8290188312530518,-9.648650529543735,-15.988680636806492,6.340030107262757,226.473511
-60.41787877461614,-3.6281831431482328,373,519,427,2162,2267,1205.5,0.6701428890228271,-8.280233570672488,-15.063044465433578,6.78281089476109,34.833229
-60.123680519067,-2.9950954466649997,305.5,518.5,276,3125,1618,648,0.8376948237419128,-7.212866999199963,-14.257443416485104,7.044576417285142,95.26091
-60.420573720468504,-4.025912235192151,223,373,214,2406,1250,490,0.8366411924362183,-8.516909160440436,-14.896986266262477,6.380077105822041,87.591537
-59.911004375551705,-3.4938850081723642,381,627,426,3206,2163.5,1042.5,0.765418529510498,-7.460806873530949,-12.990619765770974,5.529812892240026,1.1125990152359009
-60.01475979086751,-3.649742709967101,395,576.5,379,2817.5,1647.5,748.5,0.7628656625747681,-9.598189984493882,-15.249536102345466,5.651346117851585,144.929932
-59.9696194478405,-3.3335357299570294,400.5,669.5,386.5,2550,1792,866.5,0.7367614507675171,-6.805435706538578,-12.827354195393388,6.02191848885481,0
-60.46661237877963,-2.4810345253276034,263,434,246,2903,1322.5,536,0.8437598943710327,-6.816965305601341,-13.651013171633682,6.834047866032341,120.323029
-60.02262004960355,-3.795943522457553,369,551,336,2929,1599,666,0.794180691242218,-7.1523245292929625,-13.02423626004117,5.871911730748207,74.552353
-60.25326249880124,-3.9506783301471406,282.5,473,281.5,2834.5,1510,598,0.8193196654319763,-8.22234243247845,-14.378078606607998,6.155736174129547,91.968208
-60.71005582077602,-3.775506849743834,274.5,433,241,2769,1441,614.5,0.839867115020752,-7.38047894662561,-13.297472793442806,5.916993846817196,74.503647
-60.11357447212066,-3.580797011910928,334,507,301,3131,1548,632,0.8245920538902283,-6.50671459438679,-13.243545085576145,6.736830491189354,171.592438
-59.71157838247717,-2.452063857414749,406,654,370,3833,1993,876,0.8239352703094482,-8.983107027905595,-15.769103603514562,6.7859965756089675,241.740601
-59.94064877992765,-2.6876470406750936,345,496,312,2705,1427,571,0.7931720018386841,-11.839220091220149,-17.402683025235696,5.563462934015547,19.37973403930664
-59.7508796761574,-3.888245417900834,311,477,277,2813.5,1509.5,611.5,0.8207409977912903,-8.828636477161325,-16.437993729410753,7.609357252249428,76.192719
-59.41872759985421,-3.1006474925490437,361.5,566,307.5,3444,1722,712.5,0.8360655903816223,-6.958084316362433,-13.230082645704996,6.271998329342564,58.213638
-59.595920289646784,-2.984540242076595,411,593,375,3350,1919,807,0.7986577153205872,-8.112286820517765,-14.484832577872986,6.372545757355221,311.4245300292969
-59.77131634887112,-2.4673352172447807,339,524.5,297.5,3035,1579.5,674,0.8214553594589233,-8.36243247058394,-15.909272923497191,7.546840452913251,114.34466552734375
-59.73246421283295,-3.8188505622026008,339.5,556.5,305,3110.5,1490,596.5,0.8214024305343628,-8.90691700424181,-14.347956647686267,5.441039643444457,144.233521
-60.71162787252323,-3.8473720724733957,270,419,253,2658,1373,580,0.8261765837669373,-6.875353971611963,-13.829159548507665,6.953805576895702,191.216629
-60.995495502305,-2.9672476728572947,285.5,460,254,3144.5,1548.5,597.5,0.8505222797393799,-7.531303998722581,-13.895247186622296,6.363943187899714,88.67341613769531
-59.75671872550418,-3.44515140400888,358,591.5,301,3858.5,1588.5,607,0.85527104139328,-8.14569257377907,-13.923999104832331,5.778306531053261,51.66071701049805
-60.62404213232158,-3.8388380772742603,255.5,401.5,234.5,2594,1352,588,0.8341877460479736,-8.44086508075602,-14.237766242602653,5.796901161846634,213.893097
-59.70708680605657,-3.945288438442424,319,488,295,2843,1512,638,0.8119821548461914,-8.705774447911237,-15.420745349021283,6.714970901110046,96.63322448730469
-60.626961656994965,-3.828058293864826,264,447,277,2708,1429,604,0.8144053816795349,-8.8566044062763,-14.781140087841804,5.924535681565503,127.549042
-60.770242944812026,-3.0245152722199142,271.5,484.5,270,3034.5,1446,582,0.8365864753723145,-8.619714765287478,-14.271715853988798,5.65200108870132,152.309311
-60.00847158387867,-3.467609286111868,458,690,490,3511,2283,1065,0.7550612092018127,-7.712464456501639,-14.102754302518319,6.39028984601668,5.852224826812744
-59.986238280596716,-3.973136212250129,357.5,530.5,343,2990.5,1873.5,801.5,0.7942103147506714,-11.677977112617112,-17.008077965470594,5.330100852853482,23.013643264770508
-60.74261974982535,-3.5286947254319956,279,408.5,230,2875,1542,697,0.8518518805503845,-6.779283247470225,-13.907883270829304,7.128600023359079,87.600128
-60.16298181274723,-2.5598616915090915,308,428,286.5,2515.5,1398.5,590.5,0.7955031991004944,-7.210847154161674,-13.109607310256814,5.898760156095141,276.419403
-60.29458500187074,-2.876293250340193,284,418,286,2749,1416,611,0.8115321397781372,-7.53720037844373,-14.293439960898553,6.756239582454823,206.279816
-60.2386648754343,-3.7027433117301527,402,627.2,428,2675.25,1961,955,0.7241601347923279,-8.594021054595041,-13.446820474265833,4.8527994196707915,73.574509
-59.79646917682646,-2.9052639182530475,296,520.5,305,2828.5,1595.5,668,0.8053295016288757,-10.428033483608129,-17.403609235894326,6.975575752286197,85.83771514892578
-59.97815344303964,-4.0432048044114515,376.5,514.5,341.5,2864,1678.5,714.5,0.7869287133216858,-8.395598970053795,-14.255678832689103,5.860079862635308,137.338928
-59.969394869019474,-3.7826933720167903,356,529,340,2823,1808,813,0.7850142121315002,-8.958096764829579,-13.882117505361059,4.92402074053148,85.90135955810547
-59.56515299116569,-2.968819724604504,332,527,306.5,2938,1575,648.5,0.8110648989677429,-10.44471803005775,-15.947858729487534,5.503140699429784,445.448456
-59.51282612586573,-3.1469107296811987,488.5,819,586.5,3346,2424.5,1295.5,0.7017164826393127,-8.466800266201314,-15.509294840165126,7.042494573963811,348.487305
-60.79809071861973,-3.099749177264924,535.5,732,763.5,2621,3181.5,2004,0.5488255023956299,-9.179618420782266,-15.642534829294897,6.462916408512632,17.097381591796875
-60.28874595252396,-2.4552079609091675,254,442,248,2981,1424,563,0.8463920950889587,-10.00771886784226,-14.455491154408186,4.447772286565925,47.542205810546875
-60.2867247431347,-3.991551675574579,277,439,258,2725,1338,526,0.8270197510719299,-7.880151964536299,-14.381545701662752,6.5013937371264525,80.422737
-59.71517164361365,-2.4960813063366056,396,594,388,3192,1718,746,0.7832401990890503,-9.69671321327286,-16.65793857708765,6.961225363814789,202.533737
-60.62404213232158,-3.170940663531396,284,489,279,2961,1389,581,0.8277778029441833,-7.669244884041757,-14.816786811011408,7.147541926969651,47.2220458984375
-60.806849292639896,-2.878089880908432,231,400,221,2865,1409,547,0.8567725419998169,-8.750898799314122,-14.017738662524167,5.266839863210045,110.347183
-60.800785664472095,-3.4085450561810093,374,506.5,444.5,2296.5,1977,1008.5,0.6756657958030701,-7.393531558731014,-14.880470247474474,7.48693868874346,120.213791
-59.446575373661915,-3.1237791111151214,409.5,636.5,328.5,3586.5,1800,760.5,0.8321838974952698,-10.853232465476562,-18.03332964876906,7.180097183292499,101.7553939819336
-60.08056138542926,-2.7363806448385777,308,516,290,2928,1571,658,0.8197638392448425,-7.146905813783231,-13.075657845186068,5.928752031402837,270.854828
-60.39452257722904,-3.5123004714968142,262,476,246,3105,1517,582,0.8531781435012817,-8.925939374557469,-15.278015327841985,6.3520759532845155,40.772732
-60.268309279810246,-3.8880208390798043,307,500,279,3098,1613,676,0.8347645998001099,-8.700851937113953,-14.889974713958376,6.189122776844423,133.930359
-59.679239032248866,-3.795943522457553,609,714,763,1909,2816,1762,0.42889222502708435,-9.019113946093308,-13.798652841460735,4.779538895367427,96.74481964111328
-60.39339968312389,-3.113223906526717,265,437,251,2980,1473,642,0.8446301221847534,-8.885882083055892,-16.698180267649626,7.812298184593734,86.823502
-60.42843397920455,-2.4504918056675398,281,454,256,2892,1346,551,0.8373570442199707,-8.980219495665523,-14.25057880762635,5.270359311960828,237.500946
-59.980623810070966,-3.9571911159570075,384,597,383,3005,1833,815,0.7739078998565674,-10.189159820036043,-16.283546806245358,6.094386986209315,6.921570777893066
-60.402831993607144,-2.630154862491444,233,405,241,2681,1407,568,0.8350445032119751,-7.135791449164337,-13.073928737128956,5.938137287964619,91.18923950195312
-60.574185634052945,-3.366548816648422,511,750,662,2564,2040,1067,0.5895846486091614,-8.634489702745704,-14.326191761194504,5.691702058448801,0
-60.36892059163163,-3.124452847578211,318,467,323,3374,1627.5,701,0.8252637386322021,-7.892601256328971,-13.228798615324491,5.33619735899552,15.380414962768555
-60.1867871677764,-2.723804230860904,304.5,435,274.5,2699,1541,643.5,0.8153690695762634,-10.831450652992952,-16.024981640514927,5.193530987521974,371.521576
-60.226986776740745,-3.9603352194514256,298,476,279,2970,1498,587,0.8282548189163208,-8.006261322787005,-14.181830056421177,6.175568733634172,153.468323
-59.75784161960933,-2.692587774737751,410,582,320.5,3512.5,1760,760,0.8327680826187134,-5.930047776590017,-12.480695229998037,6.55064745340802,329.470337
-59.78973181219557,-2.647222852889715,350,478,296,2688,1593,671,0.8016085624694824,-7.455615905625712,-14.645502119105354,7.1898862134796415,45.59009552001953
-60.73273828170004,-2.940747371975769,292,483,297,2620,1440,585,0.7963661551475525,-9.752764451924577,-15.37021040413739,5.6174459522128135,101.95341491699219
-59.93885214935941,-3.7216079326966627,324,513,309.5,2873,1561,659.5,0.8054988384246826,-8.612377067630524,-15.920816854054031,7.308439786423508,158.12351989746094
-60.11245157801551,-3.846473757189276,385,550,347,3168,1696,724,0.8025604486465454,-7.473289557113648,-14.240150581270184,6.766861024156536,241.143906
-60.2258638826356,-2.363355223107946,280.5,430,271.5,2591.5,1398.5,575,0.8103387951850891,-8.354643029533788,-13.16440478367159,4.809761754137801,165.811523
-59.5772802475013,-3.002281968937956,347,517,323,2948,1689,698,0.8025068640708923,-4.432710762519734,-12.497213628689892,8.064502866170159,113.21464538574219
-60.26786012216819,-3.178576343446412,589.5,891.5,1031,2630.5,2568.5,1380.5,0.43684282898902893,-11.132565003162743,-17.0025358803718,5.869970877209056,6.265135765075684
-60.74553927449874,-2.959162835300219,269,452,278,2960,1476,598,0.8282890915870667,-7.803910914190608,-14.051657782734917,6.24774686854431,189.652481
-59.94379288342207,-2.6914648806326014,388,498,321,2712,1610,663.5,0.7883284091949463,-8.616039247122625,-13.280789885923658,4.664750638801033,198.914017
-60.82144691600684,-2.8136357592728563,315,485,275.5,2958,1508,624.5,0.8295964002609253,-8.069974419304765,-15.376421524757042,7.306447105452277,137.398224
-59.9590642432521,-2.3907538392735916,303,466,282,2532,1373,558,0.799573540687561,-7.554887381791737,-13.919377590535124,6.364490208743387,213.264267
-60.030929465981664,-2.8639414151835494,344.5,583.5,319,3321,1704,680,0.8247252702713013,-8.882627638589899,-15.393221473040974,6.510593834451075,56.05183029174805
-60.313449622837254,-2.945463527217396,229,395,225,2561,1323,524,0.8384780883789062,-8.797938271721996,-15.913541240021223,7.115602968299227,221.253021
-59.847448569200246,-3.0420324202602447,392,657,416,3246,2035,925,0.7728017568588257,-9.245695582792294,-15.529638906531796,6.283943323739502,4.227366924285889
-60.437866289687804,-3.4496429804294775,327,545,338,3358,1742,725,0.8170995712280273,-8.880424690081393,-15.147069105525562,6.266644415444169,98.05247497558594
-60.962257836792574,-3.3780023365209457,324,529.5,308,3103.5,1702,721.5,0.8194342851638794,-8.203531374740358,-14.384320969873038,6.18078959513268,0.8305389881134033
-60.456281753012256,-2.5935485146635737,275.5,423,238,2680,1363,563.5,0.8368745446205139,-8.986839963782058,-13.911640317454072,4.924800353672014,168.975311
-59.9568184550418,-3.8419821807686785,361,484.5,320.5,2678,1555,663.5,0.7862264513969421,-7.687510213954428,-14.157779330182228,6.4702691162278,129.988297
-60.06529002559923,-3.3917016446037684,387,568,376,2640,1838,841,0.7506631016731262,-8.196488355647318,-15.247604752247092,7.051116396599774,0
-59.99544601225894,-3.603030315192886,431,598.5,411,2928,1797,808,0.7538185119628906,-8.287155891074583,-15.288639003184928,7.0014831121103445,325.187683
-60.423268666320865,-2.390304681631532,262,412,250,2538,1359,561,0.8206599950790405,-7.843145964476664,-13.964061553230687,6.120915588754023,131.818298
-60.342420290750105,-3.9050888294780752,324,542.5,317.5,3020.5,1581,660.5,0.8097663521766663,-7.2667027294754085,-14.773090591917182,7.506387862441773,101.125763
-59.76974429712391,-2.6606975821515078,401,542,345,2739,1501,648,0.7762646079063416,-9.699909004811536,-15.26930631879442,5.5693973139828845,472.156433
-60.05114155987435,-3.7103789916451686,380,556.5,350,3124,1646.5,699.5,0.7985031604766846,-9.011862661464775,-13.200859913603262,4.188997252138487,224.137222
-59.71517164361365,-3.251789039102153,387,613,357,3142,1894.5,882.5,0.7959417104721069,-6.923681582434527,-14.240051798230077,7.31637021579555,22.554338455200195
-60.29301295012353,-2.7440163247535936,236.5,413,225.5,2728.5,1147.5,439,0.8473256826400757,-8.912310581205878,-13.166388649358547,4.254078068152669,113.19684600830078
-59.90606364148905,-2.761758051614954,389.5,590.5,402,3189.5,1841,845.5,0.7761381268501282,-5.615274680285708,-13.463368196418493,7.848093516132785,209.716309
-60.31771662043682,-2.8129620228097667,239,391,236.5,2454,1329,528,0.8241962194442749,-8.984371471432285,-14.172016108505316,5.187644637073031,151.223816
-59.702595229635975,-2.4486951750993007,362,536.5,339,2908,1647,699,0.7911918759346008,-9.897933764500541,-16.693715908512296,6.7957821440117545,274.926941
-60.5813721563259,-3.7651762239764595,291.5,448,248.5,3415,1604.5,662.5,0.8643373847007751,-8.508161755755953,-14.46573667110883,5.957574915352877,62.798222
-60.278864484398646,-2.8237418062192012,243,413.5,239.5,2717,1317.5,532.5,0.8379840850830078,-7.660933764789441,-13.252757354016367,5.591823589226927,255.056534
-59.81218969429856,-2.35639327965602,411,634,368.5,3665,1769.5,721.5,0.8172802925109863,-10.298320549491491,-16.21411103314246,5.915790483650968,126.981194
-60.104142161637405,-3.3510528779973603,524,807,597,3401,2352,1226,0.7013506889343262,-9.380071412032413,-14.368767484931503,4.98869607289909,5.244015216827393
-59.56605130644981,-3.687247373079091,567,789,735,2937,2840,1639,0.5996732115745544,-9.339373834107173,-16.043129145329914,6.703755311222741,0
-60.83716743347893,-2.7377281177647568,254,403.5,218.5,2825.5,1395,538.5,0.8564388751983643,-6.449292670352586,-14.264638040744956,7.81534537039237,167.249054
-59.72370563881279,-2.889543400780956,441.5,636.5,360.5,3614.5,1780.5,718,0.8186163306236267,-9.243756495031803,-16.523204027859787,7.279447532827984,159.961029
-60.063942552673055,-2.3997369921147866,271,389,233,2394,1263,487,0.8226113319396973,-11.050628985620104,-18.098897269264565,7.048268283644461,456.200806
-59.549657052514625,-2.8259875944295,326.5,533.5,321.5,3073,1640,682,0.8105759024620056,-7.992760813517465,-14.622065211608902,6.6293043980914375,197.293533
-59.592327028510304,-2.5468361198893583,383,593.5,327,3571,1853,773,0.8322216272354126,-6.532140831150086,-13.06188678561593,6.529745954465845,48.77458190917969
-60.59619435851387,-3.236742258093151,354,588,411,3166,1983,964,0.7701984643936157,-8.278982880663122,-14.94290577471061,6.663922894047488,193.292313
-60.21777904507852,-3.1098552242112687,278,461,252,2940,1470,580,0.8421052694320679,-8.390821237254448,-15.009291398456652,6.618470161202204,99.25041961669922
-60.86052363086604,-3.0743717704885474,291,498,272,3179,1554,622,0.8423645496368408,-7.61446577716095,-14.554121999043101,6.939656221882151,104.906433
-60.399238732470664,-2.9427685813650375,264,435,269,2685,1382,576,0.8178740739822388,-7.527566116705565,-14.650991181004517,7.123425064298952,396.620697
-60.715894870122796,-2.7417705365432945,294.5,461,258.5,3205.5,1499.5,605,0.8507505655288696,-6.906325335920269,-12.945381603446673,6.039056267526404,0.08548200130462646
-60.49985004429205,-2.4644156925713925,291,469,288,2742,1303,553,0.8099009990692139,-8.805727927035434,-14.85791856910462,6.052190642069185,146.962509
-60.82324354657508,-3.216305585379432,240,360,211,2670,1306,534,0.8535230755805969,-6.8082338943719405,-14.91957801608757,8.111344121715629,151.623611
-59.93211478472851,-2.5955697240528424,311,487,277,2874,1444,578,0.8241828083992004,-8.916397604544446,-15.086676969195992,6.170279364651545,140.158585
-60.7114032937022,-3.7463116030099495,364.5,494.5,289.5,2663,1411.5,599.5,0.8038949966430664,-6.422632596676702,-12.929820044993107,6.507187448316405,88.09907531738281
-59.87978791942855,-3.601233684624647,807.5,1009,955.5,2839,3303,2244,0.4963763356208801,-9.632709153235032,-16.20227925659766,6.5695701033626275,0.9010980129241943
-61.00537697043031,-3.0986262831597746,294,448,271,2457,1423.5,602.5,0.8013196587562561,-9.558669990828392,-14.7293517871361,5.170681796307708,25.873889923095703
-60.05091698105332,-3.861745117019308,371,536,351.5,2960.5,1637.5,704.5,0.7877415418624878,-8.656626208035622,-15.200894850076727,6.544268642041105,83.80958557128906
-60.21957567564676,-3.097727967875655,286,466,262,2920,1415,556,0.835323691368103,-8.133398334503582,-14.898615844944098,6.765217510440516,131.524719
-60.288970531344994,-3.2488695144287645,396,545,429,2358,1994,1006,0.6921420693397522,-9.532213897981217,-16.33213945715681,6.799925559175593,296.964111
-60.847498059246306,-3.4927621140672147,310,496,319,2740,1766,800,0.7914351224899292,-5.821466610018726,-11.798832573602525,5.977365963583798,106.956558
-60.0455270893486,-2.865288888109729,448,689.5,638,2671,2538,1462.5,0.6143850088119507,-14.06550644153766,-19.72087062882953,5.65536418729187,112.526123
-59.933462257654696,-3.3128744784222803,557,841,753,3138,3043,1807,0.6129529476165771,-7.238879442900396,-14.04602297546446,6.807143532564064,6.918302059173584
-59.96872113255638,-3.3182643701269976,623.5,957.5,720.5,3658,2788.5,1486.5,0.6708918809890747,-9.387156399393637,-14.662888592364778,5.275732192971141,0.8828750252723694
-61.029406904280506,-3.339823936945866,316,503,301,3302,1562,644,0.8329170346260071,-7.815977268372826,-12.717304316078636,4.901327047705809,77.519218
-60.94631274049945,-2.943442317828127,269,481,249,3759,1772,682,0.8757485151290894,-7.70115277147528,-13.713543501613662,6.0123907301383825,30.639162063598633
-60.68827167513612,-2.467110638423751,244,439.5,236.5,2758.5,1405.5,568.5,0.8420701026916504,-9.408448272465364,-13.721096822996238,4.312648550530874,274.966858
-59.87731755239722,-3.4745712295637943,428,608,461,2459,1983,1000,0.6842465996742249,-10.142395492853606,-15.112923070033244,4.970527577179638,14.957693099975586
-59.72011237767631,-3.8550077523884116,343.5,546,393.5,2832.5,1770.5,798,0.7560446262359619,-7.941653162870019,-15.364949327564677,7.423296164694658,184.1282425
-60.23439787783473,-3.2057503807910277,349,600,320,3422,1753,688,0.8289684653282166,-9.647774135116379,-15.331179604290794,5.683405469174415,35.486106872558594
-60.58923241506194,-3.062244514152934,299,477,272,3186,1437,607,0.8426836133003235,-7.314031007542017,-14.176818510646589,6.862787503104572,26.5092830657959
-59.793549652153075,-3.766074539260579,326,476,316,2509,1595,692,0.7762832045555115,-7.423679574371027,-12.501569705244659,5.077890130873632,14.060894012451172
-60.45044270366548,-2.6968547723373186,340,469.5,280,2578,1336.5,546.5,0.8040587902069092,-9.889861229947051,-15.198871191677569,5.309009961730517,75.048531
-60.46773527288478,-2.779050620834255,228,395,230,2675,1324,545,0.8416523337364197,-8.668251468336955,-14.955052786710091,6.286801318373136,326.458466
-59.913025584940975,-2.3256259811749262,301.5,473,274,2739.5,1396,569,0.8181516528129578,-7.48935464476164,-12.864170281497351,5.374815636735711,229.362823
-59.64353099970512,-3.872749479249772,358,510,421,2167,2163,1097,0.6746522188186646,-9.938342173588566,-14.714421281087153,4.776079107498587,311.254822
-60.82751054417465,-3.4089942138230693,343,557,352,2673.5,1645,749.5,0.7673112154006958,-7.4400712966886235,-13.33909291216963,5.899021615481006,6.756969928741455
-60.28155943025101,-3.1889069692137864,306.5,527.5,281,3081,1510,602.5,0.8328375816345215,-8.080623333059584,-13.555793362601351,5.475170029541767,93.117928
-59.682832293385346,-2.9479338942487248,385.5,600,362.5,3604.5,1774.5,748.5,0.8172422647476196,-9.212895771474889,-16.17887237528229,6.9659766038074,289.187775
-60.82953175356391,-3.4932112717092743,303,528,268,3342,1578,667,0.8515235185623169,-7.172498016840139,-12.910975274133461,5.738477257293322,56.283749
-60.026887047203125,-2.8581023658367726,294,527,288,3323,1725,763,0.8404874205589294,-5.360696386212007,-12.471617540741523,7.110921154529516,96.159271
-60.4859261573882,-2.860797311689131,233.5,433,226,2997,1461.5,580.5,0.8597579598426819,-9.435836801516349,-15.93949049746229,6.503653695945941,93.51811981201172
-60.22631304027766,-2.808919604031229,221.5,339.5,198,2499,1303.5,497.5,0.8531702160835266,-8.816563635356985,-14.829518750106264,6.012955114749278,180.371811
-59.70865885780378,-2.4379153916898666,334,497,295,2859,1658,694,0.8129359483718872,-7.60087892278397,-13.112358618248997,5.511479695465027,438.598358
-60.48390494799893,-3.785163739048119,269,396,239,2767,1481,603,0.8409847021102905,-8.616867028356616,-15.342362464360153,6.725495436003538,427.229614
-60.224516409709416,-3.901046410699537,304,501.5,296,2962,1537.5,619.5,0.8182934522628784,-9.882667493613166,-14.57851798867285,4.695850495059684,119.146156
-60.566549954137926,-3.899249780131298,236,404,226,2757,1313,499,0.8484746813774109,-8.208085377599271,-14.050187216175058,5.842101838575786,89.78536987304688
-60.851989635666904,-3.169368611784187,351,501.5,343.5,2668.5,1364.5,644.5,0.7719123363494873,-8.71751835430599,-15.149235547831871,6.431717193525881,33.914989
-60.7091575054919,-3.6542342863876986,296,448,296,2487,1776,836,0.7872799038887024,-8.05163328577533,-13.899124815341912,5.847491529566582,14.854458808898926
-60.627410814637024,-2.728520386102532,251,463,251,3378,1484,617,0.8616698980331421,-7.63022125619573,-14.12581401804607,6.4955927618503395,72.664818
-60.061921343283785,-2.705164188715424,360,582,332,3670,1839,773,0.8340829610824585,-5.771549319701696,-13.378422500136473,7.606873180434778,115.89459991455078
-60.587884942135766,-2.666312052677255,234,423,240,2776,1427,592,0.8408488035202026,-9.080557582849602,-15.317146598119496,6.236589015269894,72.577652
-59.49194029550995,-2.7377281177647568,493.5,690.5,643,2866,2705,1416.5,0.6335138082504272,-7.2300082262331316,-13.932911960330133,6.702903734097001,0.17598000168800354
-60.95035515927799,-3.4743466507427643,371,514,345,2527,1581,713,0.7597492933273315,-8.602162438041919,-15.293488052798004,6.691325614756085,20.767915725708008
-60.59731725261902,-3.6939847377099877,338.5,566,394,2410.5,2039.5,1125.5,0.7190229892730713,-7.798069497361071,-12.866904671823507,5.068835174462436,45.3564338684082
-60.27055506802054,-3.2286574205360754,428,672,510,3095,1853,880,0.7170596122741699,-10.139390304429805,-14.708797927924149,4.569407623494344,2.3001630306243896
-59.56155973002921,-3.373510760100348,443,720,490,3480,2532,1208,0.75314861536026,-8.169326980119445,-14.032734738327052,5.863407758207607,0.0565279982984066
-60.25416081408536,-3.8123377763927344,286,480,245,3261,1690,658,0.860239565372467,-4.759802001527979,-11.945786917246537,7.185984915718557,213.468994
-60.44595112724488,-3.7615829628399813,247,405,232,2784,1333,525,0.8461538553237915,-8.534114364958583,-14.500723877689385,5.966609512730802,223.275833
-60.60787245720742,-3.629755194895442,359,537,404,2509,1687,802,0.7226227521896362,-7.741045638535967,-15.68788391211693,7.946838273580964,21.802528381347656
-60.12704920138245,-2.3105792001659244,224,380.5,208.5,2753,1330,512,0.859192967414856,-7.423457880857573,-13.299417411218585,5.875959530361012,225.482529
-60.17533364790388,-3.362955555511944,543,758,749,3050,2388,1473,0.6056857109069824,-7.848292159336742,-14.737924510089453,6.889632350752711,42.168671
-59.97523391836625,-3.7905536307528362,406,561,366,2875,1799,794,0.7741437554359436,-8.665472045107038,-13.531610795678095,4.866138750571057,47.0912971496582
-59.60243307545665,-3.011040542958121,330.5,507,302,3058,1567.5,645.5,0.8202381134033203,-11.579707862979065,-16.30003196109365,4.720324098114586,150.226517
-59.41446060225464,-2.7702920468140895,342.5,540,307.5,3194.5,1667,694,0.8243860602378845,-8.636409650041935,-15.0823312076554,6.445921557613465,222.83197021484375
-60.18813464070258,-2.6447524858583864,260,419,238,2586,1294,519,0.8314447402954102,-7.352235745659547,-13.274553375552276,5.92231762989273,217.109879
-59.66464140888193,-3.7766297438489835,353,526,318,3327,1789,770,0.8255143761634827,-6.879400385666562,-13.046496199722261,6.167095814055699,10.758564949035645
-60.22519014617251,-3.769443221576027,284,404.5,242.5,2454.5,1459,590.5,0.8201705813407898,-10.481490425756757,-16.443924860932693,5.962434435175936,160.993057
-60.68625046574685,-3.020697432262406,274,472,263,3274.5,1495,582,0.8513073921203613,-7.995552437842505,-14.614398591308259,6.6188461534657534,80.161118
-60.130417883697895,-3.5906784800362423,358,563,297,3106,1681,649,0.8254481554031372,-7.246767965753138,-14.3634874813014,7.116719515548262,68.412209
-60.08393006774471,-3.0231677992937347,503,755,587,3359.5,2663,1543.5,0.7025212049484253,-11.777025655710423,-17.005347646320065,5.228321990609642,4.807419776916504
-59.520237226959715,-3.584390273047406,678,782,836,2224,2595,2148,0.45359477400779724,-10.585026888944046,-18.347500584960173,7.7624736960161265,19.327733993530273
-59.88180912881782,-2.3593128043294085,341,536,316,2955,1591,664,0.8067868947982788,-6.983578057591436,-12.4897701192879,5.506192061696464,205.026611
-60.03452272711814,-3.794371470710344,380.5,585,360,3171,1766.5,731.5,0.7960917353630066,-7.5363584488439965,-12.767483264219411,5.231124815375415,88.03966522216797
-59.851041830336726,-3.766523696902639,340,508,304,3140,1649,680,0.82346111536026,-7.7589887406879585,-13.880208408399978,6.12121966771202,146.202057
-60.229007986130014,-2.7938728230222267,263,411,251,2575,1317,562,0.8223637938499451,-8.65023210876138,-13.988459603647925,5.338227494886546,147.078613
-59.49665645075157,-2.9764554045195197,338,590,329,3147,1588,632,0.8107019662857056,-7.06443501129532,-13.981728117990135,6.917293106694816,11.62844467163086
-59.30239577056073,-2.9697180398886234,300,460,277,2873,1541,612,0.8241269588470459,-7.142605466991575,-13.590224677573428,6.447619210581853,254.279373
-60.36083575407456,-2.6759689419815396,283,432,272,2473.5,1318,563.5,0.801857590675354,-8.498109181640942,-14.420304026406559,5.922194844765617,193.102203
-59.63117916454848,-3.779324689701342,329,507.5,277.5,3042,1604,655.5,0.8328061699867249,-7.568465226319098,-13.304676110872462,5.736210884553364,157.320984
-60.15040539876956,-3.0229432204727047,325,480,293,3300,1719,704,0.8369051218032837,-8.098753938523538,-14.256012035356886,6.157258096833347,27.22758388519287
-60.045751668169636,-3.7640533298713104,343,533,304,3096,1556,643,0.8211764693260193,-6.99129646554521,-13.276426175079127,6.285129709533917,152.406235
-60.29795368418619,-4.000534828415774,300,451.5,309.5,2783,1407,568.5,0.7998383045196533,-8.679821977379866,-14.221391667967119,5.541569690587252,165.3521045
-60.40305657242817,-3.9756065792814574,278.5,462.5,297.5,2500,1423,589,0.7873101234436035,-8.658332163718631,-15.4862991779173,6.827967014198668,118.074928
-60.44864607309724,-2.3307912940586135,244.5,420,220,2762.5,1307,538.5,0.8524727821350098,-7.011103704990942,-13.53246205682808,6.521358351837138,246.072113
-60.01857763082502,-2.6198242367240696,412,590,340.5,3234,1646.5,678.5,0.8094838261604309,-10.237980924351715,-15.47542374806104,5.2374428237093245,249.284943
-60.55756680129673,-2.4909159934529184,272.5,431,263,2878.5,1448.5,602.5,0.8325640559196472,-9.728088673248411,-14.539085552996404,4.810996879747993,142.609604
-59.928746102413065,-3.3182643701269976,432.5,745.5,416,3705,2536.5,1270,0.7981072664260864,-9.140913078493831,-13.923813415048109,4.7829003365542775,14.526554107666016
-59.481160512100516,-2.9353574802710516,319,573,380.5,3040.5,1997.5,969,0.7775503993034363,-8.91368862085393,-14.675412111201442,5.761723490347512,4.284601211547852
-59.400761294171815,-2.8625939422573703,340,507,301,2870,1556,625,0.8101544976234436,-7.734797411603619,-15.251529028998318,7.516731617394699,209.656342
-59.738078683358694,-2.935806637913111,328,495,303,3123,1554,646,0.8231173157691956,-7.928727657070072,-14.335822455842584,6.407094798772511,67.34656524658203
-60.1499562411275,-3.6279585643272028,322.5,539,263.5,3494,1826.5,767,0.8597471714019775,-8.822972151133424,-15.585769370377738,6.762797219244314,0.26720601320266724
-60.06978160201983,-4.053535430178826,341,498,313,2893,1589.5,652,0.8047410845756531,-6.859567650847626,-14.43338543442657,7.573817783578945,152.598801
-60.00375542863704,-2.786910879570301,1446.5,1695.5,1876.5,3645.5,4710.5,3722,0.3203549385070801,-12.444805403310363,-20.87742334991736,8.432617946606998,0
-60.57710515872633,-3.4031551644762925,392.5,577,375.5,3004.5,1562.5,700.5,0.7778106331825256,-7.4944683596436334,-13.633553979435703,6.13908561979207,66.708282
-60.09179032648076,-2.970391776351713,279,464,252,3011,1617,682,0.8455409407615662,-8.653939653547186,-15.465712114622646,6.81177246107546,76.03313446044922
-60.22878340730899,-3.154321830775185,496,760,787,2738,2290,1271,0.5534752011299133,-8.751953183873766,-15.208750645313774,6.456797461440008,76.269318
-59.461172997028854,-3.23921262512448,370,583,363,3275,1737,783,0.8004397749900818,-7.768163326618937,-13.11113872727655,5.342975400657614,93.012627
-59.703044387278034,-3.5096055256444556,381,516,302,2935,1581,648,0.8134074807167053,-6.2569012820134535,-13.47468011876715,7.217778836753697,125.99118041992188
-59.48093593327948,-2.936255795555171,308,558,298,3705,1812,702,0.851111650466919,-6.013767253544337,-13.579909532836126,7.566142279291789,9.532386779785156
-59.95816592796798,-3.83973639255838,361,519,327,3126,1638,653,0.8105995059013367,-7.163959600959617,-14.26696979825019,7.1030101972905735,55.548423767089844
-60.26179649400038,-2.7860125642861813,243,419,233,2523,1180,461,0.8309143781661987,-8.370491150078056,-14.056704162411215,5.686213012333159,77.216942
-59.403905397666236,-2.998464128980448,320,534,305,3298,1741.5,726,0.8306966423988342,-9.080500764700831,-14.043650478652467,4.963149713951635,171.681931
-59.721909008244545,-3.7618075416610113,359,491,318,2719,1633,695,0.7905828356742859,-7.245231257310408,-13.525270084594311,6.280038827283903,196.533447
-60.35185260123336,-3.009917648852972,242,428,247,2822,1460,592,0.8390355110168457,-8.106345852647692,-12.699660344689246,4.593314492041554,198.663956
-59.5494324736936,-2.7512028470265495,369,547,360,2790,1660,728.5,0.7714285850524902,-7.018695978754325,-13.538284147920391,6.519588169166067,69.601257
-59.55235199836699,-3.3113024266750712,412,625,392,3009,2199,1053,0.7694795727729797,-11.039538648142509,-17.333760645803675,6.294221997661166,0
-60.38890810670329,-3.4736729142796747,346,491,364,2239,1845,916,0.7203227281570435,-7.99299643784331,-15.462043052206349,7.469046614363039,0.030177000910043716
-60.566999111779985,-3.6052761034031846,278.5,479,251,3181,1476,611,0.8537296056747437,-7.886916146196352,-13.546427855559164,5.659511709362812,59.783042907714844
-60.26471601867377,-4.031975863359958,295,465,281,2823,1532,618,0.8189433217048645,-7.684302886558889,-14.489471183887888,6.805168297328999,129.758301
-59.76435440541919,-2.692587774737751,424,533,362,2833,1678,730,0.7733959555625916,-8.436892896543915,-14.704382769571671,6.267489873027756,198.494888
-60.677716470547715,-3.767871169828818,233.5,408.5,216.5,2706.5,1315.5,550,0.8518645167350769,-7.487130579958965,-14.652473388396315,7.16534280843735,179.11141967773438
-59.6058017577721,-2.805775500536811,390,554,339,3014,1671,692,0.7977930307388306,-8.864603238139356,-15.250198593425024,6.385595355285668,189.519897
-59.8636182443144,-3.506910579792097,365,565,327,3494,1745,710,0.8288406133651733,-7.122930382641925,-12.94404311986051,5.821112737218585,37.73966598510742
-59.613212858866085,-3.006548966537524,285.5,500.5,286.5,2845,1620,684,0.8170205950737,-5.872804033906965,-11.840198208962283,5.967394175055318,130.226395
-60.119413521467436,-2.410292196703191,243,366,221,2232,1242,513,0.8198124766349792,-10.190300312741826,-15.352973158391055,5.1626728456492295,171.949631
-60.18386764310301,-2.628807389565265,253,400.5,234,2602,1253.5,475.5,0.8349788188934326,-7.8828518420912115,-13.735584332179055,5.852732490087844,170.970001
-60.28986884662911,-3.0310280580297806,251,390,237,3667,1567,619,0.8785860538482666,-9.07540089544851,-14.339080206451655,5.263679311003145,200.777878
-60.45897669886461,-2.8336232743445158,228,428,245,2699,1438,609,0.8335598111152649,-9.16405220139421,-15.019958131918063,5.855905930523853,142.595963
-59.85598256439938,-3.6059498398662746,392,556.5,355.5,2722.5,1552,675.5,0.7690058350563049,-9.952357960286404,-15.712601761093675,5.76024380080727,69.466621
-60.26336854574759,-3.620098305591157,337,498,293.5,2883,1483,592,0.8152053952217102,-9.90366579415172,-15.01797259446754,5.11430680031582,269.270142
-60.22474098853045,-3.2225937923682686,437.5,691.5,583,3032,2535.5,1240.5,0.6774550676345825,-8.797928948814267,-14.124027251809997,5.32609830299573,0
-60.511528142985604,-3.543292348798938,323,513,371,3373,1528,663,0.8018162250518799,-7.20020664112076,-13.458897947478922,6.258691306358163,109.402939
-60.65233906377134,-3.001832811295896,260.5,481,246,3067,1419.5,564,0.8514941334724426,-7.811286511589877,-14.034687101796418,6.223400590206541,61.090069
-59.85216472444188,-2.589281517064006,422.5,541.5,385,3024.5,1671.5,699.5,0.7741604447364807,-8.133904057323361,-14.83775296398087,6.703848906657509,321.214294
-60.308284309953564,-2.865288888109729,316.5,468,302.5,2770,1387,566.5,0.8030919432640076,-8.546193691933118,-14.299966410904341,5.7537727189712236,203.512863
-60.35252633769645,-3.792350261321075,375,525,421,2566,1902,892,0.7181118130683899,-9.803563578928543,-14.653498810949552,4.849935232021009,10.452215194702148
-60.6550340096237,-2.607696980388456,236,396,228,2730,1428,577,0.8458417654037476,-9.881537742471508,-14.93667603139723,5.055138288925722,117.1855239868164
-59.99769180046924,-2.7622072092570136,308,453,277.5,2464,1362,541.5,0.7975561022758484,-9.95973035605062,-14.979035760536764,5.019305404486143,101.86771392822266
-60.99212681998955,-3.4532362415659557,515,718,494.5,3298.5,2026,970.5,0.7392565011978149,-5.791764001155276,-12.746140152100747,6.954376150945471,12.49317741394043
-59.597492341393995,-2.99419713138088,324,510,312,2911,1600,654,0.8063915371894836,-7.987972013183882,-15.183953376688482,7.1959813635046,211.443024
-60.81470955137594,-3.586186903615645,470,734.5,659.5,3106.5,2335.5,1311.5,0.6497610211372375,-9.489039529024701,-15.359352929902911,5.87031340087821,49.915791
-60.03339983301299,-2.9620823599736075,280,490.5,272,3497,1652,672.5,0.8556646108627319,-7.525518241644285,-13.498196408738616,5.972678167094331,3.4303579330444336
-60.528820712204904,-3.8085199364352267,239,343,205,2337,1205,469,0.8387096524238586,-10.374299553490298,-17.127891827360727,6.75359227387043,245.212204
-60.58721120567267,-3.428307992431639,312.5,479,299,2840,1664.5,745.5,0.8094934821128845,-7.184627933176361,-12.200865119742758,5.016237186566397,120.410957
-60.321983618036384,-3.409892529107189,359.5,521.5,296.5,3476,1558.5,635.5,0.842809796333313,-6.892380442532211,-14.56343828389497,7.671057841362758,43.25398635864258
-59.46948241340696,-3.0873973421082805,288,481.5,289,2980,1596.5,638,0.823187530040741,-8.234145829353093,-14.0987081606883,5.8645623313352075,35.81093215942383
-60.46054875061182,-3.2834546528673663,276,459,247,3155,1596,647,0.8547912836074829,-8.642478518836567,-13.686731084326006,5.044252565489439,0.12886300683021545
-60.10930747452109,-2.348533020919974,267,397,237,2705,1404,539,0.8388851284980774,-7.744258974392925,-14.513583113348218,6.769324138955294,29.70355987548828
-59.914148479046126,-2.6117393991669937,318,489.5,283.5,2903,1506.5,603.5,0.8220618367195129,-6.588739359991852,-14.06436872924158,7.475629369249729,224.690353
-60.1281720954876,-2.5542472209833447,272,410,241,2778,1357,558,0.8403444886207581,-7.77217551306066,-14.537214726053971,6.765039212993312,174.465378
-60.25775407522184,-3.090316866781669,274,467,235,3082,1341,518,0.8583056926727295,-7.959417937473531,-13.711452536513328,5.7520345990397965,161.869598
-59.97074234194565,-3.696679683562346,408,581,360,3189,1697,712,0.7971259355545044,-9.242252809355207,-13.788176052160617,4.54592324280541,244.139481
-59.76480356306125,-3.6418824512310555,314,477,274,2820,1569,660,0.8228830099105835,-9.66709038978205,-14.669349700259016,5.0022593104769655,169.191025
-60.10032432167989,-3.46401602497539,345,503,296,2976,1566,611,0.8190708756446838,-8.002401267565649,-14.205028753339569,6.20262748577392,91.036629
-60.45403596480195,-3.9360807067801984,263,432,286,2569,1416,581,0.799649715423584,-7.720074674495806,-14.002094227466198,6.282019552970392,164.443207
-60.565876217674834,-3.7860620543322385,197,361,202,2730,1419,536,0.8622100949287415,-8.924986375658076,-14.402874317200027,5.477887941541951,164.8092498779297
-60.028908256592395,-2.5394250187953724,397,582,329,3521,1829,770,0.8290908932685852,-8.106709915581838,-12.411941891688619,4.30523197610678,133.193817
-60.06529002559923,-2.9575907835530098,274.5,451.5,257.5,2941.5,1530,631,0.8390122056007385,-4.901888042024089,-11.447938405397384,6.546050363373295,129.154999
-59.69810365321538,-3.8347956584957226,322,455,294,2554,1510,595,0.7935393452644348,-7.358433340847333,-13.701384454071757,6.342951113224424,103.685097
-60.43112892505691,-2.888869664317866,271,449.5,260,2883.5,1429.5,596,0.8345792889595032,-7.324743321957986,-13.872288376921102,6.547545054963115,196.456146
-59.53326279857944,-2.9167174381255716,474,667,589,2682,2298,1263,0.6398654580116272,-7.854156690674592,-14.88095896890922,7.026802278234627,3.0894620418548584
-59.7335871069381,-2.658676372762239,416,656.5,384.5,3153,1944.5,871.5,0.7826148271560669,-7.028615072200778,-12.94699346399951,5.918378391798732,22.76748275756836
-60.417654195795116,-2.61892592143995,304,509.5,312.5,3065.5,1472.5,608.5,0.8149792551994324,-6.100353201536251,-11.416327778595605,5.315974577059354,209.722855
-60.38441653028269,-3.4168544725591152,516.5,610,546.5,2132.5,2026.5,1128,0.5920119285583496,-12.234172038744928,-15.787933101025013,3.553761062280085,51.702030181884766
-60.03227693890784,-2.940522793154739,886,1219,1372,2833,3137,1772,0.34744352102279663,-11.912897065039331,-18.87497689335996,6.962079828320629,6.8309550285339355
-60.04081093410698,-3.499499478698111,442.5,602.5,440,2532,2031,1054,0.703903079032898,-7.39449354916243,-13.521383540414185,6.126889991251755,2.574069023132324
-60.22631304027766,-2.5142721908400256,294,479,320,2804,1656,698,0.795134425163269,-7.938777188795628,-14.199889954350075,6.261112765554447,449.357819
-59.68934507919521,-3.535207511241862,390,546,309,2894,1591,655,0.8070558905601501,-7.246380047452994,-13.779638098211471,6.533258050758477,162.00048049999998
-61.02581364314403,-3.0043031783272247,287,465.5,256,3326.5,1547,611,0.8570830225944519,-7.331639420668083,-14.097153468431674,6.765514047763592,80.42084503173828
-60.17847775139829,-2.671926523203002,333,476,282,2836,1389,553,0.8191148042678833,-7.479525182073729,-13.440639068577056,5.961113886503327,224.914307
-59.57975061453263,-2.979599508013938,349.5,520,306,2988.5,1613.5,672,0.8142358660697937,-9.120194842464382,-16.346035237809666,7.225840395345283,246.720993
-59.76862140301876,-2.9488322095328443,335.5,501.5,325,2891,1715,714.5,0.7978855967521667,-9.558362588459975,-16.091314358238737,6.532951769778762,225.3746795654297
-59.96512787141991,-2.461720746719034,314,514.5,286,2737,1438,583.5,0.8107839822769165,-6.770914973815163,-14.603126622755727,7.832211648940564,146.707794
-59.588733767373824,-2.686299567748914,387,595,352,3359,1833,758,0.8102937340736389,-6.6971933285774305,-14.482531253671576,7.7853379250941455,485.675842
-59.830605157623005,-2.861246469331191,340,524.5,311.5,2999,1652.5,694,0.8118109107017517,-9.210512872893496,-15.173527041365348,5.963014168471853,215.856094
-60.33253882262479,-3.7276715608644695,280,501,285,2979,1560,649,0.8253676295280457,-6.908907273886341,-13.180806245451546,6.2718989715652045,8.395941734313965
-59.80208364735221,-3.4496429804294775,400,557.5,339.5,2777,1610.5,704.5,0.7821273803710938,-6.271581444552114,-11.97471482407948,5.703133379527367,38.913219
-60.19532116297553,-2.4794624735803943,292,455.5,288.5,2602,1469,597.5,0.800380527973175,-6.977981047547499,-13.369282377426487,6.391301329878988,107.627129
-59.564928412344656,-2.7471604282480118,341,525,309,2990,1657,688,0.8126705288887024,-6.100243521498615,-12.579703710112932,6.4794601886143175,201.648972
-59.74796015148401,-3.6095431010027523,354,539,303,3241,1688,696,0.8290067911148071,-9.043621245874954,-15.26516391643858,6.221542670563625,187.588806
-59.97747970657655,-2.7985889782638544,377.5,576,350,3484.5,1970.5,827.5,0.8174468874931335,-10.3787882052002,-17.451663586100707,7.072875380900507,513.309082
-59.30553987405515,-3.020697432262406,376.5,581.5,349,3754.5,1847.5,758,0.8299012780189514,-7.486365776492271,-14.01243588221181,6.526070105719539,249.589111
-60.09201490530179,-2.61892592143995,294,462,259,2872.5,1429,586.5,0.8345840573310852,-7.198585479020506,-13.742098585409657,6.543513106389151,199.440948
-60.451565597770625,-3.9553944853887684,308,464.5,280,2611.5,1341,567.5,0.8063288927078247,-9.28209011811372,-14.256846231763515,4.974756113649795,206.228607
-60.006450374489404,-2.3384269739736294,322,481,295,2752,1489.5,614.5,0.8063669204711914,-9.262147217796318,-14.850107188625625,5.587959970829306,202.759933
-60.5640795871066,-3.8927369943214316,235,417,228,2796,1279.5,500.5,0.8492063283920288,-9.332367695769682,-14.760665604189022,5.42829790841934,107.806618
-60.14815961055926,-4.017602818814045,322,566.5,336.5,2976,1601,638.5,0.7968301773071289,-8.068185219507045,-14.553506944920404,6.485321725413359,144.246307
-60.16837170445195,-2.9335608497028125,302,470,303,2663,1330,559,0.7956843972206116,-9.363595391881834,-14.361642629753348,4.998047237871514,256.485321
-60.319513251005056,-3.7667482757236685,324,497,291,3010,1549,609,0.8236898183822632,-8.078168113476611,-14.288542539767384,6.210374426290773,130.836899
-59.38998151076238,-2.76939373152997,335,490,286,3012,1629,662,0.8265615701675415,-9.427292659286184,-15.318344380364863,5.891051721078679,166.315598
-59.33406138432594,-2.857428629373683,294,503,282,3049,1564,626,0.8306815028190613,-8.027759048959776,-11.943358063356463,3.915599014396687,152.262466
-59.89797880393197,-3.5176903632015315,337.5,525.5,323.5,3076,1785,770,0.8096778988838196,-9.141425525154371,-15.134051376374224,5.992625851219852,28.661079
-59.63634447743216,-3.5664239673650155,462,589.5,531.5,2520,2440.5,1353.5,0.6516467332839966,-11.481302382020163,-16.296512898535408,4.815210516515245,114.56908416748047
-60.51916382290062,-3.8424313384107385,255,416,255,2531,1416,580,0.8169418573379517,-7.567390637672218,-13.459465941209018,5.8920753035368,136.244675
-60.886125616463445,-3.692412685962778,290,437,254,2446,1554,717,0.8118518590927124,-10.803230186462834,-17.1735415877956,6.370311401332767,16.793798446655273
-59.80545232966766,-2.534484284732715,344.5,555.5,308,3117.5,1664,683,0.8201722502708435,-11.137039698498604,-16.340202077846083,5.203162379347479,104.076691
-59.996344327543056,-2.8453013730380694,250,472,245.5,3188.5,1504,578,0.8570180535316467,-6.447937198469243,-12.473203609242471,6.025266410773228,172.838287
-60.28358063964028,-3.261445928406438,457,723,627,3950,2492,1349,0.726021409034729,-6.310081354304895,-13.21484376820293,6.904762413898036,3.823107957839966
-59.75267630672564,-2.797915241800765,374,518.5,329,2818,1688,699.5,0.7909119725227356,-7.757234220757397,-13.43045568348704,5.673221462729643,268.122223
-59.71606995889777,-2.8302545920290676,352,602,321,3384,1731,767,0.826720654964447,-7.973704991354915,-13.01269662304962,5.038991631694706,105.377739
-60.233274983729586,-2.5634549526455697,249.5,430,221.5,3117.5,1381,527.5,0.8673255443572998,-8.01349651313706,-13.840439286754641,5.826942773617581,232.588837
-60.85625663326647,-3.017777907589018,269,430,264,2763,1400,568,0.8255698680877686,-8.310829708115554,-14.769867140534057,6.459037432418503,177.987442
-59.98286959828127,-2.636218490659251,363.5,501.5,307,2660,1495,627.5,0.7930569648742676,-10.013154052651437,-16.02237080980276,6.0092167571513215,197.551315
-60.68849625395715,-2.8994248689062707,303.5,517,270.5,3382,1522.5,607,0.85188227891922,-8.145072489387033,-13.88433330219247,5.739260812805437,58.590111
-59.999937588679536,-2.378402004116948,924,1325,1350,4255,2887,1280,0.5182872414588928,-10.567251324801262,-17.996198404398296,7.428947079597034,0
-59.757392461967264,-2.9297430097453048,302.5,503,289,3059,1632.5,684,0.8273596167564392,-9.20794145722353,-14.011483934134372,4.803542476910842,154.347824
-60.41518382876379,-2.8812339844028503,279.5,496.5,289,2949.5,1506.5,631,0.8215222954750061,-5.978273093655488,-11.848140531331326,5.869867437675838,94.457336
-59.90314411681566,-2.370766324201932,325.5,503.5,305.5,2541.5,1477.5,630,0.7853881120681763,-6.36171169563537,-14.966380897278455,8.604669201643084,48.68803024291992
-60.38935726434535,-2.857877787015743,278,440,259,2567,1353,566,0.8167020678520203,-11.513178069408873,-15.834226253909513,4.32104818450064,186.502716
-59.69945112614156,-3.2147335336322227,380,575,309,3044,1632,713,0.8156874179840088,-9.796696215061353,-16.291393586203743,6.49469737114239,5.244015216827393
-59.66621346062914,-2.9146962287363025,402,559,340.5,2915.5,1642.5,689.5,0.790847659111023,-8.999723154750857,-13.712198305927592,4.712475151176735,125.44881439208984
-59.56964456758629,-3.3602606096595853,452.5,690.5,466.5,3123.5,2242,1085,0.7401114106178284,-8.669052584727877,-14.732836388978585,6.063783804250708,0.009379000402987003
-60.327598088562134,-2.9151453863783625,258,380.5,251.5,2393,1327.5,548,0.8097938895225525,-7.803673364838261,-12.898398372479928,5.094725007641667,90.351311
-60.32243277567844,-2.700223454652767,267,422.5,236,2638,1349.5,530.5,0.8357689380645752,-9.180146244157715,-15.23871185840363,6.058565614245914,229.344147
-60.61528355830141,-3.2695307659635136,409,631,446,2836,2078,1046,0.7282145023345947,-8.560721478984275,-14.015737938805007,5.455016459820731,1.975134015083313
-59.48924534965759,-3.1138976429898064,452,699,605,3084,2553,1324,0.6719978451728821,-10.653522262387579,-16.03609204852926,5.38256978614168,1.2391630411148071
-59.40727407998168,-2.964552727004936,274,489,277,2775,1551,616,0.8184796571731567,-7.554744387817038,-15.06460878769148,7.509864399874441,174.98793029785156
-59.88832191462769,-3.571364701427673,376,532.5,342,2785.5,1659,715,0.7812949419021606,-9.152758337601334,-13.688008147711212,4.535249810109878,271.998413
-60.11290073565757,-2.467110638423751,300,457,258,2810,1380,540,0.8318122625350952,-9.331152283324196,-14.483691302987143,5.152539019662948,230.422302
-59.93817841289632,-2.4888947840636493,301,434,234,2603,1530,603,0.8350369930267334,-9.9729223769334,-14.831419953067853,4.858497576134452,291.777191
-60.56722369060102,-3.9684200570085015,248,421,242,2711,1355,535,0.8360989093780518,-8.682952258157838,-14.167333045344485,5.484380787186646,178.776672
-60.09156574765973,-3.244153359187137,541,776,816,2842,2999,1846,0.5538545846939087,-9.856196497249858,-15.584689856301532,5.728493359051674,3.3218140602111816
-59.8914660181221,-3.5940471623516905,406.5,529,368.5,2744.5,1678.5,729,0.7632508873939514,-7.651332631335244,-14.843749733971638,7.192417102636394,389.116455
-60.1672488103468,-2.8205977027247826,258.5,442,240,3272.5,1492.5,594.5,0.863345205783844,-5.697229661713682,-11.3202648321115,5.623035170397817,48.89111328125
-59.6749720346493,-3.6452511335465037,378.5,598.5,399.5,3073.5,2143,1006.5,0.7699395418167114,-6.135960943006933,-14.87022559949393,8.734264656486996,45.69127655029297
-59.85733003732556,-3.4204477336955934,450,663,506,2837,2588,1296,0.6972779035568237,-9.069731841254196,-13.948401803063046,4.87866996180885,0
-60.507036566565006,-3.484901855331169,282,439,254,2981.5,1543.5,627.5,0.842991828918457,-8.52458902262024,-13.211695972472182,4.687106949851941,367.155426
-60.14636297999102,-2.65620600573091,277.5,387,224,2480.5,1265.5,522,0.8343501687049866,-8.433566340358025,-14.837867307994163,6.4043009676361375,253.60256958007812
-59.73201505519089,-3.4503167168925675,562,737,540,3258,2500,1240,0.7156398296356201,-8.886293692215075,-14.205313355374196,5.319019663159121,0
-60.05698060922113,-3.50084695162429,468,610,458,2776,2211,1165,0.716759443283081,-7.143910144076377,-11.764275282126286,4.62036513804991,256.988953
-59.66172188420854,-2.4659877443186016,378,524,328,2780,1540,672,0.7889317870140076,-8.612879223439538,-15.22107660559091,6.608197382151372,183.038147
-60.41069225234319,-3.435719093525625,436,555,522,2372,1918,1007,0.6392536163330078,-7.493295647051518,-14.96076004706782,7.467464400016302,54.867374420166016
-60.05855266096834,-4.059599058346633,352,536,327,2978,1647,703,0.8021180033683777,-8.856136422186289,-13.736378622145182,4.880242199958893,286.723389
-59.595920289646784,-3.8332236067485135,462.5,590,578.5,1899.5,2297.5,1358.5,0.5330911874771118,-5.661085852128293,-13.579507794590508,7.918421942462215,165.093353
-59.98017465242891,-2.655083111625761,364,502.5,294,2645,1395,574.5,0.7999319434165955,-9.303758460591531,-15.400846099927364,6.097087639335832,106.461937
-59.744816047989595,-3.4390877758410734,476,622,380,2995,1843,822,0.7748148441314697,-9.074427605538068,-13.564725056848715,4.4902974513106475,64.6375961303711
-59.90404243209978,-2.564353267929689,446,665,395,3548.5,1722.5,727,0.7996703386306763,-10.221200906669104,-14.644480468321849,4.423279561652745,53.47564697265625
-60.263593124568615,-3.1581396707326927,545,697,650,2320,1969,1159,0.5622895359992981,-10.082242068938477,-15.341063682252727,5.25882161331425,15.482166290283203
-60.152875765800886,-3.376879442415796,417.5,592,382.5,3350,1788,803.5,0.7950435280799866,-8.13262786257,-15.185597912017322,7.052970049447321,50.03034591674805
-59.68912050037418,-3.72699782440138,370,549,326,3067,1694,695,0.8078396916389465,-7.580997308754153,-14.768298215136436,7.1873009063822835,75.037621
-59.72123527178146,-2.7141473415566195,370,534,331,2871,1571,698,0.7932541966438293,-11.023033871847831,-16.25514232034734,5.232108448499508,81.642151
-60.14883334702235,-3.5327371442105333,365.5,611,309,3394.5,1822,736.5,0.8331308364868164,-9.240528234792395,-14.705478847839926,5.464950613047531,6.718814849853516
-60.53623181329889,-2.4156820884079084,249,450,263,3028,1451,582,0.84017014503479,-8.335317447955433,-13.753756225053442,5.418438777098009,272.348511
-59.899326276858154,-3.5284701466109656,368,552,357,2916,1671,725,0.7818515300750732,-7.3835927822330465,-14.578465523385987,7.19487274115294,107.871567
-59.422096282169655,-3.3562181908810476,327,538,292,2895,1896,830,0.8167555928230286,-7.898616916810438,-14.590854230842204,6.692237314031766,54.510677337646484
-60.09021827473355,-2.9827436115083565,320,504.5,313,2946.5,1752,772,0.8079460263252258,-8.593920398528116,-15.647798792201774,7.053878393673658,67.442017
-60.21306288983689,-3.7391250807369936,428,608,508,2509,2128,1067,0.6632416248321533,-10.005054846158355,-16.288602836738942,6.283547990580587,7.500986099243164
-60.37498421979944,-4.040285279738063,276,479.5,279,2735,1370.5,542.5,0.8148639798164368,-9.557936453755852,-14.474833456294276,4.916897002538423,4.8836259841918945
-59.6839551874905,-3.7939223130682844,350,500,315,2942,1586,652,0.8065704703330994,-9.08156000865024,-15.763645512055088,6.682085503404849,135.728073
-60.50164667486029,-3.918338979918838,238,380,218,2546,1284,516,0.8422576189041138,-9.455510565968735,-16.258279038396516,6.802768472427781,149.921799
-59.67205250997591,-2.5616583220773306,435.5,629.5,373.5,3113,1714,734.5,0.7857450246810913,-8.10897281159272,-14.443275970473993,6.334303158881273,98.8736970723877
-60.97685546015952,-3.0561808859851274,296,479,259,2971,1569,662,0.8396284580230713,-9.114251168211212,-13.925771632897609,4.811520464686398,195.2945098876953
-60.364204436390004,-2.8486700553535176,228,410,237,2655,1423,589,0.8360995650291443,-9.556396813392665,-15.000139395728871,5.443742582336206,161.287628
-59.54471631845197,-3.2475220415025854,364,617,386,3621,1848,862,0.8073371648788452,-7.939305442304344,-13.513784374395279,5.574478932090934,36.182991
-60.44887065191827,-3.209119063106476,279.5,488.5,261,3005,1425,561.5,0.8401714563369751,-6.429138320719014,-13.675161235584499,7.246022914865485,216.954117
-59.558415626534796,-3.0826811868666533,312.5,542.5,308.5,3174,1578.5,619.5,0.8228284120559692,-10.318038298687105,-15.664942981779213,5.346904683092108,113.100937
-59.79242675804793,-2.931090482671484,337,564,358.5,2894,1638.5,715,0.7795541882514954,-9.828050500765768,-17.066367216017937,7.23831671525217,252.889816
-59.88405491702812,-3.3701420777849,350.5,585,330,2864.5,1749.5,814,0.793394923210144,-7.940132578000241,-12.5057639271398,4.565631349139559,28.832576751708984
-60.59080446680915,-3.4462742981140293,303,533,291,3177,1682,750,0.8321799039840698,-6.480456662339138,-12.911594093148063,6.431137430808924,4.257801055908203
-59.38436704023663,-2.7905041407067785,373,547,321,3066,1649,679,0.8104517459869385,-7.636887797874015,-14.155828982558692,6.518941184684677,178.175034
-60.72487802296399,-2.6521635869523723,299,425,252,2961,1352,574,0.843137264251709,-7.582165152676548,-14.702832011702863,7.120666859026316,35.60954666137695
-60.03631935768638,-3.4280834136106093,454,634,563,2450,2355.5,1356.5,0.6262860894203186,-6.976210093840235,-13.344022579526797,6.367812485686562,5.17799186706543
-60.69725482797732,-2.4733988454125875,246,458,257,2979,1474,583,0.8411619067192078,-7.456488957182383,-13.353924047114738,5.897435089932355,188.888962
-60.81538328783903,-3.0575283589113065,303,533,273,3671,1656,637,0.8615618944168091,-7.645554355468833,-13.005877176974312,5.36032282150548,57.901291
-59.59255160733134,-2.6162309755875914,431,621,395,3160,1693,739,0.7777777910232544,-10.216118438401686,-16.11555304736583,5.8994346089641425,275.63031
-60.020149682572224,-3.850965333609874,356,528.5,349.5,2897,1673.5,727,0.7846912145614624,-7.407537015199722,-13.480139289447951,6.072602274248229,373.013611
-59.757392461967264,-3.612462625676141,349,561,337,3121,1689,713,0.8050896525382996,-9.46273581297675,-15.262037220825368,5.799301407848619,271.017151
-59.8139863248668,-3.8107657246455253,305,502,297.5,3026,1547.5,632.5,0.8209718465805054,-7.400270199958595,-13.626847223121777,6.226577023163181,198.731308
-60.57732973754736,-3.23876346748242,378.5,590,294,3472,1665.5,677.5,0.8438661694526672,-7.502190290690303,-13.425103071929513,5.92291278123921,0
-60.29368668658662,-3.1956443338446827,345,624,472,3028,1883,888.5,0.7302857041358948,-10.398216213173985,-16.71300791553359,6.3147917023596065,28.93811798095703
-60.432700976804114,-3.615382150349529,272,431,238,2957,1505,610,0.8510172367095947,-8.861368677524874,-14.489988861873389,5.628620184348515,174.152786
-60.72914502056356,-3.5852885883315255,307,435,236,2551,1365,574,0.8306422829627991,-8.312032166937653,-14.412466724311585,6.100434557373932,110.371559
-60.00106048278469,-2.3642535383920658,314.5,459.5,289.5,2826,1494.5,591,0.8141550421714783,-8.28089520592432,-14.607820461528219,6.326925255603898,20.814294815063477
-60.08393006774471,-3.0373162650186174,276,444,273,2813,1491,636,0.8230719566345215,-8.899989147426096,-13.9417950269525,5.041805879526404,172.45578002929688
-60.19060500773391,-4.011763769467268,311.5,482,293.5,2719,1455.5,594,0.8051452040672302,-7.633276297299197,-14.107305307256146,6.474029009956949,148.643112
-59.897754225110944,-3.7934731554262244,349.5,520,320.5,2963,1613.5,682,0.8047814965248108,-8.324245869972108,-15.125659495079926,6.801413625107818,141.943436
-59.366176155733214,-3.056854622448217,323,521,313,2975,1636,677,0.8096107244491577,-9.442252969426134,-14.318897991205372,4.876645021779238,232.776367
-60.134460302476434,-3.3975406939505453,409,551.5,375,2862.5,1664.5,763.5,0.7683397531509399,-6.614397478811481,-13.082800292834872,6.46840281402339,2.7546589374542236
-60.431802661519995,-3.9717887393239497,275,492.5,270,2909.5,1385,549.5,0.830161988735199,-8.137675886295275,-13.97584555391548,5.838169667620205,208.809296
-60.31030551934283,-2.8077967099260794,220,429,237,2805,1439,583,0.844181478023529,-8.86417325240809,-13.377080129466739,4.512906877058649,126.966393
-59.76637561480846,-2.833174116702456,428,571,395,2827,1678,748,0.7548106908798218,-8.781422028948153,-15.542505442797207,6.761083413849054,182.107468
-59.457130578250315,-3.202830856117639,615,910,596,3298,2478,1373,0.6938880085945129,-8.785621044130522,-13.742696428323695,4.957075384193173,1.075342059135437
-60.07157823258807,-2.714596499198679,345,553,317,2973,1555,654,0.8072948455810547,-7.326092000388041,-12.712169195974878,5.386077195586838,159.886841
-60.59754183144005,-3.06920645760486,335.5,505.5,323.5,2705.5,1567,681,0.78639817237854,-8.1140231608509,-14.375126417937473,6.261103257086573,197.499924
-60.358589965864255,-4.033323336286137,270.5,448.5,257,2765.5,1388.5,540,0.8299421072006226,-9.092393519868402,-14.181590210754067,5.0891966908856645,121.292313
-59.77356213708142,-2.9477093154276948,314,491,306,2873,1588,683,0.8074866533279419,-10.948652415016657,-16.14452025728253,5.195867842265873,133.844543
-60.346013551886585,-2.951976313027263,229,412.5,240,2669.5,1324.5,513,0.8350232243537903,-8.334715830459176,-13.908761043703663,5.574045213244487,143.246841
-60.66222053189666,-3.3485825109660317,692,977,1165,3220,3377.5,2134,0.46864309906959534,-9.229412793102922,-15.138433645844438,5.9090208527415164,0.9703500270843506
-60.0846038042078,-3.702069575267063,377,525,313.5,2826,1599.5,659.5,0.8002866506576538,-6.8549225983018065,-14.032304001396096,7.177381403094289,147.198318
-59.36393036752292,-3.393049117529948,709,981,1157,2907,3578,2244,0.4306102395057678,-9.376420988101978,-15.604019701712698,6.227598713610719,135.110641
-60.398789574828605,-2.758389369299506,277,429,271,2656,1402,583,0.8148274421691895,-7.63050476236927,-13.829215030430762,6.198710268061491,125.97340393066406
-60.59552062205078,-3.8630925899454875,238.5,387,203,2660,1215,469.5,0.8581907153129578,-6.97458560715006,-13.404511571748978,6.429925964598918,114.42070007324219
-59.61388659532917,-3.7447395512627404,377,554,359,3061,1913,863,0.7900584936141968,-8.286363325304883,-14.0938592561175,5.8074959308126175,8.798006057739258
-60.05383650572671,-3.744065814799651,374,542.5,349,2986,1649,697.5,0.7907046675682068,-8.242299147102933,-14.792793106671077,6.5504939595681435,122.905998
-60.10683710748976,-3.5439660852620274,429.5,588,341.5,3165.5,1639,658.5,0.8052466511726379,-7.796167433584738,-12.755094388532239,4.958926954947501,87.25975036621094
-60.261571915179346,-3.0844778174348924,353,551,346,3241,1834,803,0.8070811033248901,-9.923144847079824,-16.2109651356216,6.287820288541775,37.06600570678711
-60.533986025088595,-2.6088198744936055,266,424,249,2835,1232,485,0.838521420955658,-7.314701192100118,-13.46543346634171,6.150732274241591,179.34938836816406
-60.01610726379369,-3.722730826801812,361.5,543,319.5,3198.5,1794.5,760.5,0.8183627128601074,-8.326015814158538,-15.103911841995,6.777896027836462,178.703186
-60.659974743686355,-2.592425620558424,273,418,257,2592,1474,604,0.8195858001708984,-7.189750522428742,-14.08936205011008,6.899611527681337,0.06088799983263016
-60.453137649517835,-3.537453299452161,309.5,539.5,401,2701.5,2202.5,1072.5,0.7414987683296204,-8.837122085947119,-15.883643203302515,7.046521117355397,31.888425827026367
-60.01296316029927,-3.9854880474067724,328,471,305,2907,1704,741,0.8100871443748474,-8.309368074946812,-15.473541930498156,7.1641738555513435,41.57371520996094
-60.986736928284834,-3.1612837742271114,275,452.5,251.5,3316.5,1549.5,615,0.8590246438980103,-5.983188253736274,-11.764645560880924,5.78145730714465,84.668617
-59.5209109634228,-3.042706156723334,321,519,316,3106,1617,671,0.8153126835823059,-7.571422734193991,-13.81492881468263,6.24350608048864,180.782715
-59.55504694421934,-2.733236541344159,351,536,314,3101,1580,647,0.8161054253578186,-8.560261552127857,-15.408635336734752,6.8483737846068955,238.994965
-59.926724893023795,-3.700497523519854,344.5,542,304.5,3455,1808.5,749,0.8380103707313538,-6.801069058797927,-14.012465226392255,7.211396167594328,187.761124
-59.97231439369286,-2.56278121618248,341,509.5,297,2933.5,1456.5,592,0.8161275386810303,-7.089524210545752,-14.25429844768213,7.164774237136378,143.856384
-59.73448542222222,-3.7689940639339676,312.5,503,313,2926,1599,651,0.8067304491996765,-8.017223783338117,-13.42978098943755,5.412557206099432,166.953217
-59.416032654001846,-3.283903810509426,453,648,510,3104,2241,1100,0.7177642583847046,-9.564297160813634,-14.058077506468562,4.493780345654928,74.715736
-60.05810350332628,-2.902568972400689,363,566.5,315,3255,1630.5,647,0.8235294222831726,-9.813764284996886,-15.94863552539463,6.134871240397745,40.63163133139038
-60.19487200533347,-2.767597100961731,284,478,271,2754,1280,524,0.8208264708518982,-9.951847519476004,-14.61027568627388,4.658428166797876,174.631424
-60.003530849816016,-2.4718267936653784,362,485,321.5,2681,1557.5,617.5,0.7858451008796692,-9.010201152667017,-11.836940977836448,2.8267398251694313,133.120804
-59.61253912240299,-3.0386637379447965,332,586,335.5,3373.5,1809.5,739.5,0.8190886974334717,-9.644925061347791,-17.334825980020725,7.689900918672933,124.417084
-60.14591382234896,-3.9854880474067724,337.5,530.5,328,2852,1533.5,637.5,0.7937107086181641,-10.537739357536939,-16.08426645420777,5.546527096670832,215.21788024902344
-60.71050497841808,-3.822892980981139,254,422,261,2739,1409,591,0.8259999752044678,-8.794106280885353,-15.328515712930393,6.53440943204504,504.311523
-60.49311267966115,-2.5553701150884938,258.5,422.5,249.5,2724,1250.5,509,0.8321843147277832,-8.406825043126817,-14.977755939367462,6.570930896240645,128.480545
-59.60512802130901,-2.7844405125389717,392.5,582.5,344.5,3052,1662.5,719,0.7971441149711609,-6.543508545899451,-13.637768446140832,7.094259900241381,181.354813
-60.87961283065358,-2.895157871306703,311,507,311,2753,1486,612,0.7969973683357239,-7.7143746706843075,-12.672556459575445,4.958181788891137,184.054352
-60.68782251749406,-3.0824566080456233,282,496,281,2908,1291,527,0.823769211769104,-7.943724028390136,-13.004171831618162,5.060447803228026,175.496887
-59.80859643316208,-3.7108281492872286,284,405.5,250,2544,1428.5,570,0.8210451006889343,-8.743821197590213,-14.988196415702594,6.244375218112381,318.382080078125
-60.49962546547102,-3.9982890402054756,261,405,225,2605,1326,528,0.8409894108772278,-8.739023850574714,-13.963712532656302,5.224688682081588,216.742966
-60.19442284769141,-2.613985187377293,246,424,243,2697,1388,550,0.8346938490867615,-8.966538929077291,-16.53284876747652,7.566309838399228,142.743179
-59.64555220909438,-2.8906662948861053,351.5,501,313,2772.5,1509.5,638.5,0.7971155643463135,-6.7904904007737,-13.206528284296247,6.416037883522548,281.664886
-59.66688719709222,-2.9209844357251393,343.5,496.5,305.5,2887,1556.5,652,0.8086139559745789,-9.948568368247827,-15.708651014975278,5.760082646727451,149.24205017089844
-60.07696812429279,-2.9288446944611852,324,479.5,278,3291,1778.5,751.5,0.8442140817642212,-4.12640784557431,-10.762351613029074,6.635943767454764,0.17496649641543627
-59.7922021792269,-2.6894436712433327,439,617,362,3419,1743,738,0.808516263961792,-9.654712248265287,-15.510068938838513,5.855356690573226,119.572823
-59.71517164361365,-3.796392680099613,327,476,298,2705,1484,593,0.8015317916870117,-7.159712332781942,-14.780106456443495,7.620394123661552,72.343521
-60.815607866660066,-3.7371038713477245,287,452.5,240.5,2691.5,1270,499.5,0.8359481692314148,-7.7483354416662795,-14.40216584903872,6.653830407372441,143.515869
-59.51529649289706,-2.908183442926436,338.5,526.5,300.5,3249,1679,703.5,0.8306803703308105,-8.50636602732787,-13.492659907304702,4.986293879976833,64.437393
-60.19846526646995,-4.009293402435939,302,476,318,2918,1541,638,0.8034610748291016,-7.272232690902539,-13.773394037166007,6.501161346263467,172.110611
-60.305364785280176,-2.774559044413657,273,420,249,2742,1335,528,0.8335005044937134,-9.496854491868623,-13.284587175163251,3.787732683294628,138.393005
-60.298178263007216,-2.3934487851259503,277,425.5,250.5,2611.5,1298.5,524,0.8249475955963135,-10.946519728856163,-17.360506194781607,6.4139864659254435,262.791687
-59.856207143220416,-2.482157419432753,322,481,284,2709,1416,575,0.8102238774299622,-8.689749861155711,-15.50437760346271,6.814627742307,303.072205
-59.499351396603934,-2.872475410382685,300.5,429,263.5,2788,1635.5,676,0.8272980451583862,-9.57796373184726,-16.372407287093093,6.794443555245833,178.086212
-60.85693036972956,-3.008345597105763,276,452,266,2845,1473,605,0.8289939165115356,-9.190204089358023,-14.726086733069486,5.535882643711464,112.420517
-59.499351396603934,-2.7089820286729323,347,526,326,2809,1544,647,0.7920255064964294,-8.794570569726,-15.832399291883224,7.037828722157224,119.343819
-59.43512185378939,-3.3728370236372585,455,655,424.5,3510,1893,827,0.7842165231704712,-8.775799382345195,-14.894620193287867,6.1188208109426725,114.625504
-59.944915777527214,-3.411913738496458,406,574,352,3181,1793,755,0.8007358908653259,-9.361065814480536,-14.600312845970642,5.239247031490105,55.25131607055664
-60.129968726055836,-2.4987762521889643,286,444,271,2350,1439,608,0.7932087182998657,-9.559100385531563,-14.634707029967638,5.075606644436075,61.54123306274414
-59.634098689221865,-2.9144716499152725,414,566,358,3124,1659,687,0.7943710684776306,-9.85857716120423,-14.943217330446984,5.084640169242753,181.636871
-60.288072216060876,-2.9539975224165316,241,378,230,2399,1370,565,0.8250285387039185,-9.167315979606876,-14.466402648074313,5.299086668467437,45.477413177490234
-60.35634417765396,-2.973535879846131,270,438,263.5,2758.5,1435,568,0.8256121873855591,-6.544678089117502,-12.46604174083451,5.921363651717009,154.810638
-60.139625615360124,-3.4653634979015693,412,630,370,3137,1676,664,0.7889934182167053,-8.521584143361101,-14.731686250483449,6.2101021071223474,106.991028
-60.35634417765396,-3.7312648220009477,271,463,277,2737,1717,748,0.8161911368370056,-10.139503575452213,-14.571009365966823,4.43150579051461,55.455413818359375
-60.50726114538604,-3.720709617412543,322,519,366.5,2992.5,2090,1012,0.7817803025245667,-9.30825186992475,-15.280750746144967,5.972498876220218,1.8171679973602295
-60.72061102536443,-2.4785641582962747,237.5,393,216,2529,1372,559,0.8426229357719421,-7.099065742039261,-13.466497538096798,6.367431796057537,185.365707
-59.78681228752218,-2.518314609618564,367,557,325,3112,1593,693,0.8108815550804138,-7.400552245171889,-12.480969062843663,5.080416817671773,108.4541244506836
-59.9696194478405,-3.6982517353095554,382,616,320.5,3720,1813,774.5,0.8413562774658203,-5.737231010912662,-13.149550931740066,7.412319920827404,238.863129
-60.00308169217396,-2.3629060654658867,303.5,512.5,282.5,3164.5,1478,585,0.8360893726348877,-8.749800958161787,-14.413091507759326,5.663290549597539,128.833237
-59.694510392078904,-2.8064492369999003,351.5,526,312.5,2983.5,1673,694,0.8103762269020081,-11.18642263293788,-13.898288288996971,2.711865656059091,282.458588
-59.608047545982394,-2.568620265529257,384,592.5,350,3184.5,1727.5,730.5,0.8019521832466125,-6.442924780506028,-12.826213949960394,6.383289169454366,117.28512573242188
-60.04642540463272,-3.3434171980823444,455,662,496,2417,2347,1285,0.6594576239585876,-6.806787166319883,-15.342532140057106,8.535744973737224,15.748207092285156
-60.46661237877963,-3.1514023061017964,319,479,267,2669,1360,539,0.8181198835372925,-8.222614487019843,-13.492642912842268,5.270028425822424,210.288773
-59.54628837019918,-2.912450440526004,321.5,441,267.5,2598,1494,601.5,0.8132960796356201,-8.866155626636163,-13.36730904115324,4.501153414517077,301.198883
-60.37880205975694,-2.9632052540787566,335,587,396,2800,1513,646,0.7521902322769165,-7.674316631427311,-14.101619688176259,6.427303056748948,248.922714
-60.169045440915035,-3.926423817475914,321,492,271,3161,1559,635,0.8420745730400085,-7.6767883956856275,-14.784121242334882,7.107332846649254,187.345963
-60.657279797834,-3.2486449356077345,341.5,570.5,280.5,3842,1799,721,0.8639175295829773,-7.192492010172496,-13.23859788346654,6.046105873294043,0
-59.489694507299646,-2.7723132562033586,356,551,314,3527,1750,735,0.836500883102417,-7.187353477908271,-13.664891284197008,6.477537806288737,128.619064
-59.61882732939183,-2.9879089243920434,313,497,310,3323,1736,701,0.8293421268463135,-8.014365349892238,-14.439593777111352,6.425228427219114,226.843201
-59.479588460353305,-3.1491565178914978,398,652,452,2925,1913,967.5,0.7323067784309387,-8.307036910016222,-13.926958434001921,5.619921523985699,11.673766136169434
-60.42034914164747,-3.6075218916134837,255,425.5,242,2849,1469.5,595.5,0.8434163928031921,-7.139643910519159,-14.692882276408794,7.5532383658896345,131.578842
-59.86294450785131,-2.425563556533223,317.5,507.5,278,3283.5,1604,631,0.8438860177993774,-9.849807441887794,-15.292800857876884,5.44299341598909,94.6653060913086
-60.69972519500865,-3.4125874749595475,308,482,292,3416.5,1806.5,751,0.8425239324569702,-8.370019808407195,-14.867828895424005,6.49780908701681,156.311066
-59.9116781120148,-3.364303028438123,343,540.5,343.5,2715.5,1806,819,0.7754167914390564,-7.149572194864322,-13.824715092936263,6.6751428980719405,124.867653
-60.027336204845184,-2.9185140686938107,261,428,249,2707,1550,636,0.8315290808677673,-8.00919298909442,-13.313740465242574,5.304547476148155,77.542053
-59.85777919496763,-3.7085823610769295,350,502,329,2712,1620,688,0.7836238145828247,-9.327451823094206,-16.993428510942422,7.665976687848216,166.331467
-59.65880235953515,-3.833672764390573,334,511.5,284,2953,1606.5,672.5,0.8245288729667664,-9.56737176011265,-16.660224228479173,7.092852468366523,159.202698
-60.64200843800396,-3.887122523795685,283,442,251,2787,1380,550,0.8347597122192383,-7.424701298634794,-13.512333404572225,6.0876321059374305,78.444946
-60.05316276926362,-3.422918100726922,327,536,404,2422.5,2016,1046,0.7141340970993042,-8.198298443743484,-15.27186059704363,7.073562153300147,38.5322151184082
-60.018128473182955,-2.384690211105785,289.5,451,272,2690,1482,621,0.8163403272628784,-8.408417681700584,-13.90623524016213,5.497817558461547,279.678406
-60.58159673514693,-2.3929996274838903,247,419,245,2609.5,1387,549.5,0.8283411860466003,-7.9162037609778615,-15.212873306420535,7.296669545442674,172.469681
-59.648696312588804,-2.4866489958533506,369,542,334,3031,1641,712,0.8014858961105347,-7.940310187074948,-13.937504643882463,5.997194456807515,280.424774
-60.18072353960859,-3.822892980981139,331,484,287,2893,1544,628,0.8194968700408936,-8.232299634566589,-15.04046929578854,6.808169661221951,136.211655
-59.46499083698636,-3.545088979367177,411,567,370,3011,1914,893,0.7811298370361328,-7.378468818792186,-12.301366159444747,4.922897340652561,2.472989082336426
-60.91464712673424,-3.089643130318579,301,488,308,2713,1662,706,0.7960940003395081,-7.294284255719021,-13.350529957878395,6.056245702159374,166.66481018066406
-59.71651911653983,-2.991053027886462,300,555,321,3488.5,1672.5,681.5,0.8314739465713501,-6.244953059104644,-12.382640634682904,6.13768757557826,194.518982
-59.47217735925932,-3.5048893704028283,391,534,330,3211,1755,712,0.8136119842529297,-5.170439692340704,-12.343855928266457,7.173416235925753,137.602631
-59.963780398493725,-2.7496307952793404,315,481,281,2994,1484,589,0.8283969759941101,-7.199539290183288,-13.222162968255603,6.022623678072315,105.449287
-61.020199172618284,-3.362955555511944,327,540,347,3360,1548,712,0.8127866387367249,-6.960881001607028,-14.068262331745276,7.107381330138248,0.663923978805542
-60.13850272125497,-2.5746838936970637,278.5,414,253,2680,1296.5,531.5,0.8274803757667542,-7.6874923551488035,-13.668137332343726,5.980644977194922,290.892395
-60.91127844441879,-2.9555695741637407,251,460,251,2854,1398,570,0.8383252620697021,-9.038874553552086,-15.55322769085533,6.514353137303244,77.25506591796875
-60.62830912992114,-2.609493610956695,313,456,291,2706,1488,608,0.8058058023452759,-6.459341155634959,-13.252343485446598,6.793002329811639,201.633789
-60.19532116297553,-2.7157193933038286,295,432,280,2572,1395,585,0.8036465644836426,-7.568052289628596,-12.685888793314263,5.117836503685666,231.41835021972656
-59.576606511038214,-2.5933239358425437,361,551,328,3035,1587,675,0.8049360513687134,-7.660630138992389,-13.786406066712171,6.125775927719782,232.435989
-59.57346240754379,-2.8735983044878344,337,526,275,3506,1677,661,0.8545358180999756,-7.686123905117869,-14.142434499337169,6.4563105942193,178.893555
-60.03834056707565,-2.3925504698418307,392,619,567,3069.5,1811.5,773,0.6881616711616516,-7.557125408637075,-12.234855410755687,4.6777300021186115,184.872589
-60.231702931982376,-3.987958414438101,275.5,456.5,263.5,2862,1495,617,0.8313869833946228,-8.34167966715023,-14.649410371073996,6.307730703923767,77.140762
-59.891690596943135,-2.8044280276106313,305,501.5,286,3168,1870.5,821,0.8343949317932129,-7.715738933548933,-14.880850951274667,7.1651120177257335,35.042762756347656
-59.41535891753876,-2.7175160238720677,378,559,343,3316,1817,779,0.8125171065330505,-8.763903489137338,-13.681472875681065,4.917569386543727,104.761017
-59.35023105944009,-2.8848272455393285,362.5,560.5,314,3363.5,1747,712,0.8292317986488342,-9.863182813003188,-14.112160081525742,4.2489772685225535,131.785553
-60.32445398506771,-3.9113770364669116,297,471,275,2757,1479,583,0.8186016082763672,-9.58988449359367,-16.274092404067332,6.684207910473662,163.440765
-59.607598388340335,-3.8327744491064535,546,674,728,1996,2567,1498,0.46549192070961,-8.865295390334737,-14.909233809036435,6.043938418701698,94.293259
-60.11851520618332,-2.5463869622472988,265,411,236.5,2657.5,1281.5,516.5,0.8365584015846252,-9.33555862733308,-15.349542798386398,6.013984171053318,240.40451049804688
-60.61191487598596,-3.6850015848687923,346,490,347,2481,1952,986,0.7545968890190125,-9.04634394525895,-14.593596190004924,5.547252244745973,28.30990982055664
-60.007124110952496,-3.572712174353852,418,601,383.5,3191,1794,787.5,0.785424530506134,-10.649366994337878,-15.746471933315796,5.0971049389779175,138.647446
-59.89101686048004,-3.4292063077157584,397.5,530.5,504.5,2101,2654,1567.5,0.6127423048019409,-9.282158686965541,-14.664468160302961,5.38230947333742,0
-59.765252720703316,-2.518314609618564,341,496,291,2928,1679,699,0.819198489189148,-9.498755725914735,-15.122301383920238,5.6235456580055025,172.835709
-60.16365554921032,-3.899474358952328,326.5,503,332,2781.5,1677,732.5,0.7867351770401001,-7.381981752320124,-13.950717595915334,6.56873584359521,227.145874
-60.393175104302856,-3.3762057059527066,342,579,330,2886,1609,733,0.7947761416435242,-8.416004968614835,-15.820300017099731,7.4042950484848955,142.436234
-59.442532954883376,-2.840585217796442,297.5,507.5,283.5,3121.5,1603.5,674,0.833480179309845,-8.810005136604266,-14.94049588634585,6.130490749741584,128.367935
-59.91976294957187,-2.872475410382685,353.5,511.5,302.5,2991.5,1591.5,695.5,0.8163326978683472,-8.517859027634573,-13.873425805450184,5.355566777815611,127.24209594726562
-60.57822805283148,-2.5996121428313805,256.5,405,228,2697,1357,552.5,0.8441025614738464,-8.517051742263384,-14.359878031104635,5.842826288841252,137.7783203125
-60.04126009174904,-3.8570289617776807,291.5,486.5,283,2942.5,1599.5,643,0.8245233297348022,-6.015888117640145,-12.587100561546343,6.571212443906198,187.296722
-59.31160350222295,-3.3389256216617467,534,820,697,2786,3135,1765,0.5997703075408936,-9.049749981598476,-12.415100918856545,3.3653509372580697,0
-60.00622579566837,-2.48709815349541,394,567,360,2916,1606,673,0.7802197933197021,-7.013195723039312,-13.944043509122679,6.930847786083367,184.748108
-59.66306935713472,-2.885725560823448,344,556.5,302.5,3158,1599,632,0.8251698017120361,-6.477409927121689,-13.722613659429495,7.245203732307806,201.613464
-60.50164667486029,-2.6874224618540636,269,473,292,2798,1520,632,0.8110032081604004,-8.060508532615605,-13.500302218230216,5.43979368561461,155.772324
-60.20093563350128,-4.0735229452504855,276,519.5,276.5,2864.5,1505,602.5,0.8239414095878601,-7.4804369530122745,-14.83554553181406,7.355108578801785,116.48410034179688
-59.725053111738966,-2.9634298328997866,313,507,316,2973,1587,670,0.807844340801239,-7.881197148473566,-14.104019079055249,6.2228219305816825,147.8324965908203
-60.63010576048938,-2.6348710177330714,252,408,244,2787,1480,599,0.8389970064163208,-7.928437255513339,-13.610028324916769,5.68159106940343,0.2182379961013794
-59.44230837606234,-2.6669857891403446,336,544,323,3117.5,1638.5,683.5,0.8122366070747375,-5.4117168102493824,-10.687255511497343,5.27553870124796,53.226036071777344
-59.86227077138822,-2.8226189121140517,347.5,545,367.5,2996.5,1739.5,767,0.7815101146697998,-8.725398870884417,-14.182182221323012,5.456783350438595,206.279861
-59.79893954385779,-2.741545957722265,299,486,305,2760,1532,650,0.8009787797927856,-6.675166862316164,-13.291438061480001,6.616271199163837,79.4584734116211
-59.986687438238775,-2.7215584426506054,314,503,289,2814,1471,585,0.8137286305427551,-8.16178234703443,-13.667339991054464,5.505557644020033,33.299686431884766
-60.03295067537093,-3.717116356276065,343,498,287,3452,1809,724,0.8464829921722412,-9.553470401167479,-14.136189016017202,4.582718614849723,121.5050048828125
-59.89236433340623,-2.6054511921781573,366.5,541,310,3328,1710,684,0.8295766711235046,-7.979074167593706,-14.484900282343204,6.505826114749499,110.012619
-59.9350343094019,-2.5014711980413225,354,544,338,2840,1458,597,0.7872875928878784,-5.919478290441262,-14.135923583715764,8.216445293274502,44.383277893066406
-60.94339321582606,-3.090316866781669,295.5,478,265,3050,1463.5,612.5,0.8401206731796265,-9.629668484232837,-15.598293627475027,5.968625143242189,79.557899
-60.25483455054845,-2.613985187377293,267,426,249,2616,1313,521,0.8261780142784119,-8.37645091819086,-14.099403323097292,5.722952404906431,157.084824
-60.50523993599677,-3.6881456883632104,281.5,498.5,273.5,3120.5,1540,682.5,0.838833212852478,-4.738571518486161,-10.779475662118763,6.040904143632602,77.985641
-59.54741126430433,-2.5524505904151056,391,568,336,3253,1777,728,0.8127611875534058,-9.19915689704094,-14.514836131682587,5.315679234641648,194.538742
-60.4596504353277,-2.5241536589653406,322.5,497.5,285.5,2949.5,1434,598,0.8234930634498596,-6.743967424608352,-13.37476716873461,6.630799744126259,177.831161
-60.650317854382074,-3.458850712091703,264.5,398.5,246,2622.5,1433,600.5,0.8284817934036255,-7.4478752285312,-13.151902754899618,5.704027526368418,138.190643
-60.19936358175407,-3.9003726742364475,312.5,494.5,304.5,2901,1537.5,618,0.810014009475708,-8.325123270788797,-16.018419503171355,7.693296232382558,49.85185241699219
-60.78349309525279,-3.5675468614701646,334,546,312,2965,1738,865,0.8095819354057312,-7.038728346956315,-12.830854037187132,5.792125690230817,4.918519973754883
-59.52270759399104,-3.0150829617366592,324.5,536.5,330.5,2948,1553.5,648,0.7983834147453308,-10.056314703154012,-15.9029927794511,5.8466780762970885,155.026932
-60.27347459269393,-4.010640875362119,289.5,442,261,2681,1403.5,563.5,0.8225696682929993,-8.844925858271035,-13.707322129811404,4.862396271540369,75.685051
-60.03295067537093,-2.6687824197085837,381,571.5,349.5,2735,1472,637.5,0.7733830213546753,-9.493877487471954,-15.521062154881092,6.027184667409138,256.258301
-60.10818458041594,-2.7756819385188067,293.5,456.5,248.5,2620,1379,568,0.826738715171814,-7.623819171883985,-14.406056492265854,6.782237320381869,157.216583
-60.01745473671987,-3.6075218916134837,354,541,338,3285,1711,699,0.8134142756462097,-8.785022194200119,-13.625252114812415,4.8402299206122965,102.9919204711914
-59.903817853278746,-3.832325291464394,385,608,350,3391,1646,674,0.8128842711448669,-7.618158281025872,-14.910633925683648,7.292475644657776,163.67185974121094
-60.29121631955529,-3.766074539260579,420,615,422,2761,2007,928,0.7348413467407227,-8.56510205135448,-13.765169572031912,5.2000675206774325,27.626842498779297
-60.175782805545936,-2.5037169862516215,234,384,247,2526,1374,570,0.8218535780906677,-8.62512853847063,-14.83116995443119,6.206041415960559,2.1649630069732666
-60.547685333171415,-3.629755194895442,531,663,652,2004,2360,1379,0.509036123752594,-9.61113264517376,-13.87562612657182,4.264493481398061,89.272346
-60.27212711976775,-3.214284375990163,301,489,251,3401,1531,577,0.8625410795211792,-10.45310092295665,-15.748860618167598,5.295759695210947,61.391369
-60.8241418618592,-3.2151826912742827,296,456,297,2931,1678,751,0.8159851431846619,-9.933371679118917,-16.246632909757004,6.313261230638087,54.67822265625
-60.89915118808318,-3.1028932807593423,269,455,227.5,3029,1444.5,558,0.8602794408798218,-6.077453204818456,-12.942689128145041,6.865235923326585,98.86476123388672
-60.61034282423875,-3.5940471623516905,349,482,339,2514,1536,757,0.762355387210846,-8.425021511738203,-14.686411792390217,6.261390280652014,133.542313
-60.38172158443034,-3.8424313384107385,275,461.5,277.5,2985,1543,619.5,0.8298850655555725,-7.182928000004432,-13.325475587061515,6.1425475870570825,250.199951
-60.50928235477531,-3.681632902553344,284,429,262,2723,1616,670,0.8244556188583374,-8.73313141155122,-15.29480936164838,6.56167795009716,82.734917
-59.377405096784706,-3.075494664593697,375,552,395.5,2457,1393,662.5,0.7226994037628174,-6.776592874649497,-12.098983901976236,5.32239102732674,0
-60.548134490813474,-2.5769296819073624,282.5,426,244,2630.5,1255,499,0.8302313685417175,-6.941242287097255,-13.513359641259054,6.572117354161799,208.659515
-59.76727393009258,-3.777752637954133,292,430,283,2455,1516,627,0.793279767036438,-8.99659854701844,-15.622053609028356,6.625455062009916,96.756828
-59.480486775637424,-2.6968547723373186,359,552,328,2860,1555,659,0.7942283749580383,-8.610282556931075,-14.678481175884976,6.0681986189539,191.229477
-60.22968172259311,-2.8039788699685717,279,407,283,2329,1383,560,0.7833077907562256,-9.072724480828265,-15.609888253374338,6.537163772546073,190.946243
-59.44792284658809,-3.271776554173812,327,556,324.5,3797.5,1885,770.5,0.8425521850585938,-7.004323934927469,-14.058975047455016,7.054651112527547,57.057919
-60.17757943611417,-2.7325628048810695,292,460,255,2732,1412,572,0.8292601108551025,-8.460412934415984,-16.13559996375617,7.6751870293401865,111.345062
-59.742794838600325,-3.794820628352404,330,501,306,2871,1528,617,0.8073654174804688,-9.561324766125184,-14.607817189444887,5.0464924233197035,135.903366
-60.346013551886585,-2.728295807281502,243,376,210,2477,1341,540,0.8436918258666992,-11.345596231890195,-17.09446642758054,5.748870195690344,88.28792572021484
-59.56155973002921,-2.9000986053693603,335.5,539,302,3112,1580,645,0.8230814337730408,-5.871414153065244,-13.108444456314576,7.237030303249332,156.714386
-60.54835906963451,-3.1489319390704678,346.5,499.5,300.5,2922,1428.5,608.5,0.813498854637146,-10.350787493514702,-15.60940903473492,5.258621541220219,216.115295
-60.01386147558339,-2.3835673170006353,330,475,279,2938,1553,629,0.8265464901924133,-5.259816060799243,-12.801840506424478,7.542024445625235,303.604431
-59.74212110213723,-3.7954943648154935,368,571,331,3209,1592,628,0.8129943609237671,-9.292537674334053,-14.15981487816663,4.867277203832577,107.77589416503906
-60.01880220964605,-2.548183592815538,328,547,307,3203,1485,612,0.8250712156295776,-8.191593446126932,-14.126219823480696,5.934626377353764,242.734604
-60.36285696346383,-2.9016706571165694,280,436,250,2909,1413,564,0.8417220711708069,-8.868045156105934,-14.210369853778706,5.3423246976727725,264.227661
-59.84969435741055,-3.0162058558418083,350.5,629.5,353.5,3847.5,1970.5,845,0.8317067623138428,-9.183245729985954,-14.12518990472593,4.941944174739977,91.418213
-59.725951427023084,-2.6782147301918386,404,600,367,3396,1887,819,0.8049428462982178,-7.56977675475116,-13.840563859119754,6.270787104368594,107.23674011230469
-60.84255732518365,-2.786461721928241,270,381,226.5,2318,1258,506.5,0.8219689726829529,-10.244304106302145,-16.36263149191713,6.118327385614986,126.292328
-60.394747156050066,-2.761982630435984,241,441,240,3089,1374,544,0.8558125495910645,-8.372205753352478,-13.848848493994817,5.476642740642339,167.427795
-59.796693755647496,-3.3732861812793185,347.5,615,340,3244,1726.5,771,0.8102678656578064,-8.921293585822413,-14.901996884288888,5.980703298466475,20.963579
-59.819600795392546,-2.973535879846131,304.5,540.5,290.5,2990,1559.5,656,0.8228928446769714,-6.075244021804306,-11.805812493918918,5.730568472114612,141.629196
-60.404404045354354,-3.9230551351604657,264.5,399,229.5,2571.5,1333,523.5,0.8361299633979797,-7.991648904442635,-15.419311347141104,7.427662442698469,171.426865
-60.134460302476434,-3.5021944245504697,618,888,919,2903,3036,1793,0.5190999507904053,-7.966846121167187,-14.135156730658508,6.168310609491321,50.869308
-59.56403009706054,-2.836767377838934,305,512,298,3041,1582,631,0.8215034604072571,-8.417054825863522,-13.279776527657424,4.862721701793902,210.384964
-59.67991276871196,-2.9295184309242748,340.5,518,304,3087.5,1638.5,671.5,0.8207283020019531,-7.903731456312835,-14.054728297315602,6.150996841002767,262.196899
-60.93575753591105,-3.2809842858360376,345,514,359,2693,1774,783,0.7647444009780884,-10.314985782994126,-12.779979801301284,2.4649940183071575,20.728565216064453
-60.438989183792955,-3.1251265840413005,279,466,264,3064,1394,601,0.8413461446762085,-12.557935979799286,-19.49740004589949,6.939464066100204,18.098896026611328
-60.531515658057266,-2.617129290871711,354,508.5,304.5,2713.5,1345,567.5,0.7982107400894165,-8.346877264532996,-14.42521345375708,6.078336189224084,106.281967
-59.99387396051173,-3.461994815586121,387,588,370,3428,2064,945,0.8051605820655823,-6.910526119789536,-13.31942859868711,6.408902478897575,15.066840171813965
-60.86389231318149,-3.660971651018595,276.5,425,237.5,2829.5,1463,644,0.8451255559921265,-8.721831941612775,-13.362981202875652,4.641149261262877,60.818771
-60.472002270484346,-3.716218040991946,282,410,272,1872,1190,567,0.746268630027771,-10.71801669868668,-17.168492304929337,6.450475606242657,66.090263
-60.01498436968854,-3.6508656040722505,348,523,322,3029,1695,721,0.8078185319900513,-6.9575427603922915,-13.18277708148823,6.225234321095938,174.235428
-60.33029303441449,-3.677815062595836,272,454.5,257,2672,1421,575.5,0.8245134949684143,-6.9011571865096535,-13.941137066761456,7.039979880251803,179.953308
-60.36353069992691,-2.4552079609091675,248.5,428.5,239.5,2716.5,1396,578,0.8379567265510559,-6.897741741934487,-13.853771545675656,6.956029803741169,87.33053588867188
-59.52809748569576,-3.0573037800902765,323.5,499.5,302,3136.5,1541,616,0.8243420124053955,-8.816692255126169,-14.582519288991216,5.7658270338650475,54.749732971191406
-60.52118503228989,-3.842880496052798,211,358.5,220,2383,1370.5,546.5,0.8309642672538757,-10.825530314879918,-15.277526096866135,4.451995781986216,121.427048
-60.076069809008665,-3.022269484009615,334,522,304,3500,1803,801,0.8401682376861572,-8.519990429999307,-15.7674124945009,7.247422064501594,132.127869
-60.40215825714405,-2.419499928365416,257,446,254.5,2482,1341,559,0.8139959573745728,-8.147381917948433,-15.388459862662563,7.24107794471413,184.979233
-60.89241382345228,-3.1067111207168505,274,450,260,3053.5,1545,626.5,0.8430662155151367,-8.386877786030423,-13.67598595248515,5.289108166454726,133.235748
-59.99544601225894,-2.6896682500643623,344,513,296,2783,1432,608,0.8077297806739807,-6.758459600516211,-14.984810334039969,8.226350733523757,222.966507
-60.35297549533851,-2.8060000793578403,265,482,284,2835,1523,634,0.8178903460502625,-7.745886175277603,-15.240837181315786,7.494951006038184,166.501953
-60.91644375730248,-3.0624690929739637,272.5,466,249,2918,1357,527.5,0.8427534103393555,-8.089386339428513,-15.590552701938503,7.50116636250999,246.763046
-60.224965567351475,-2.2930620521255936,222,357.5,216,2567.5,1337,518.5,0.8447996973991394,-7.267125579450645,-13.77573643783853,6.508610858387885,212.497116
-59.73628205279046,-2.8266613308925894,365,529,327,3075,1739.5,762.5,0.8077601194381714,-7.385065123027496,-14.302442230113249,6.917377107085753,65.858093
-60.61528355830141,-2.613536029735233,259.5,435.5,258.5,2547.5,1378.5,565,0.8157519698143005,-9.060468038821387,-15.245195020046005,6.1847269812246175,148.324677
-59.44208379724132,-2.8695558857092966,300.5,503.5,297.5,2937,1614.5,675.5,0.8160457611083984,-7.47762256286843,-13.039850340644916,5.562227777776486,267.419525
-60.08145970071338,-3.4182019454852943,377.5,593,365,2990.5,1966.5,886.5,0.7824467420578003,-9.663555994429768,-14.234264029850788,4.5707080354210206,2.5437979698181152
-60.22406725206736,-2.8924629254543444,282,461,286,2533,1350,560,0.7970911860466003,-7.776807689835316,-13.59502918708788,5.818221497252564,52.138694763183594
-60.00420458627911,-3.6257127761169037,329.5,445.5,303.5,2399.5,1559.5,683,0.775434672832489,-10.789761481855734,-16.352617705423672,5.5628562235679375,136.498428
-60.62718623581599,-3.916766928171629,257,416.5,215,2902,1381,547.5,0.8620468378067017,-8.360634758964007,-15.260472136370758,6.899837377406751,96.97246551513672
-60.811340869060494,-3.135008052166615,264,461,254,3412,1620,633,0.8614293336868286,-8.669595426310519,-13.665078173440104,4.995482747129586,191.951187
-60.54746075435039,-3.0626936717949937,287.5,446.5,260,2838,1359.5,534,0.8321498036384583,-8.40688558052111,-14.33555112348606,5.92866554296495,119.834023
-60.98696150710586,-2.8625939422573703,289.5,451,272.5,2762.5,1514,624,0.8204283118247986,-6.107940351036039,-14.213301034026365,8.105360682990327,84.243279
-60.31030551934283,-2.672375680845062,305,478,344,2619,1563,642,0.767802894115448,-5.563417612013718,-12.174011315721236,6.610593703707518,120.840851
-59.51529649289706,-3.259200140196139,419,593,350,3683,1804,758,0.826431930065155,-9.853489268074988,-13.752256618562095,3.898767350487107,59.73344039916992
-59.59839065667811,-3.0436044720074538,288,458.5,272.5,2855,1483.5,614,0.8257393836975098,-4.730925335052215,-10.028191426686409,5.297266091634193,215.341614
-60.348483918917914,-3.863766326408577,290,495,275,3189,1683,665,0.8412240147590637,-6.823143446983573,-12.94805518561514,6.124911738631567,170.357498
-60.86748557431797,-3.061795356510874,242.5,437.5,231.5,3098.5,1472,579,0.8609609603881836,-6.905749762990025,-12.198214233809146,5.292464470819121,223.1713104248047
-59.672726246439005,-3.7671974333657285,404,561,397,3101,1996,965,0.773013174533844,-9.317383724301894,-14.734662998018358,5.4172792737164635,3.3169820308685303
-60.54993112138172,-3.3528495085655994,414,654,468,2768,2130,1172,0.7107540369033813,-7.431506166783592,-14.191481903484839,6.7599757367012465,0.2713170051574707
-60.080112227787204,-2.2971044709041317,276,442,257,2808,1485,586,0.8323001861572266,-8.449366903923645,-15.205102416121157,6.7557355121975124,272.305084
-60.26583891277892,-3.928220448044153,308.5,458.5,271.5,2915,1486,592,0.8295935988426208,-8.069818119842312,-12.711944131799406,4.642126011957094,86.364304
-60.64694917206662,-3.3746336542054975,368,549,367,2538,1726,857,0.7473322153091431,-8.433466628147068,-13.91931775344592,5.485851125298852,33.621498
-59.72415479645485,-2.735033171912398,394,639,343,3477,1746,744,0.8204188346862793,-9.88684668143759,-15.604399833281995,5.717553151844406,40.94695281982422
-60.610791981880816,-3.6677090156494914,285,407,254,2566,1457,686,0.8198581337928772,-6.415085922416032,-12.539176039149273,6.1240901167332416,87.92346954345703
-60.61505897948038,-3.824465032728348,259,469,266,3009,1473,607,0.8375572562217712,-7.471242165730282,-12.809496744899658,5.338254579169376,124.165176
-60.49266352201909,-2.810491655778438,239.5,453,217,3944,1702.5,681,0.8956981301307678,-8.37524967373136,-14.302799955448188,5.927550281716828,57.66862487792969
-59.79242675804793,-2.7132490262725,316.5,531,304.5,3180.5,1645.5,681,0.8252511024475098,-8.261981921054048,-14.495059726636155,6.2330778055821074,55.54080581665039
-60.87467209659092,-3.6964551047413163,318,436,282,2716,1456,626,0.8118745684623718,-7.1036530430291815,-14.114294897142138,7.010641854112956,80.31766510009766
-59.856207143220416,-2.4585766432246157,308,452,282,2925,1515,616,0.8241347074508667,-8.53660996855187,-14.257018264284332,5.720408295732462,182.945557
-59.51956349049662,-2.740872221259175,347.5,509,295.5,2842.5,1546,643.5,0.8116635084152222,-6.6429679162407576,-13.056555716976593,6.413587800735836,208.24530029296875
-59.985564544133624,-3.6376154536314873,360,535,349,2914,1735,753,0.7860864400863647,-7.235876181024223,-12.891348595680178,5.6554724146559545,138.509033
-60.451116440128565,-3.9147457187823598,249,396,229,2638.5,1405,560.5,0.8402789831161499,-9.533640359864886,-16.435865146200044,6.902224786335157,128.938339
-60.12682462256142,-4.047920959653079,371,558,356,2822,1629,720,0.7759597301483154,-9.04311086481777,-13.794980996283837,4.751870131466067,61.19365310668945
-60.2582032328639,-4.032874178644077,263,434,240,2788.5,1487,572.5,0.8415057063102722,-8.598482695126021,-13.773487384919306,5.175004689793285,153.330521
-60.79809071861973,-3.10693569953788,285,412.5,238,2113.5,1356,560,0.7975760102272034,-8.023750059165794,-15.046214622228932,7.022464563063139,191.810257
-60.808870502029166,-3.571364701427673,319,475,273,3128,1460,623,0.8394590020179749,-10.360438401298431,-16.41581330638042,6.05537490508199,125.065727
-60.04238298585418,-4.052187957252647,362,511,325.5,2911,1795,761,0.798856794834137,-9.199814860657838,-14.340540552601158,5.14072569194332,259.758301
-60.994821765841905,-3.290865753961352,332,569,378,2921,2155,1057,0.7708396315574646,-6.728985785126495,-12.029306368847752,5.300320583721257,5.595780849456787
-60.52208334757401,-3.6598487569134455,270,398,234,2457,1388,577,0.8260869383811951,-7.624890212462559,-12.050346681181981,4.425456468719422,127.622787
-59.83913915282214,-2.6227437613974582,381.5,570.5,332,3222,1637,655,0.8131682872772217,-8.307763566199743,-12.973610834352804,4.665847268153062,199.510941
-60.52343082050019,-3.071003088173099,300.5,500.5,283,3445,1596.5,661.5,0.8481759428977966,-7.876256689587128,-14.057042619480253,6.1807859298931245,108.975601
-59.65116667962013,-2.716393129766918,426,614,377,3460,1789,772,0.8034923076629639,-9.139478549441277,-14.540460091582021,5.4009815421407446,188.375977
-60.12547714963524,-2.9787011927298184,307.5,502,277.5,3202,1533.5,599,0.8404943346977234,-8.465094271364137,-14.423305016032518,5.958210744668381,133.006393
-60.0545102421898,-4.051289641968527,343,492,319,2655,1473,620,0.7854741215705872,-8.849023903757491,-14.164461557846275,5.315437654088784,156.950974
-60.79292540573604,-3.5605849180182387,302,513,283,3190,1564,691,0.8370285034179688,-6.517042108330512,-13.155271117468148,6.638229009137636,176.989304
-60.32018698746815,-3.676243010848627,269.5,429.5,254.5,2554.5,1460,591.5,0.8187967538833618,-7.431347834529939,-13.607516884071618,6.176169049541679,114.153351
-59.498902238961875,-3.612687204497171,391,608.5,360.5,3342,1773.5,749.5,0.8052667379379272,-7.418098845477132,-13.615289058536407,6.197190213059274,140.51119995117188
-59.632975795116714,-2.989031818497193,277,444,281,2393,1473,600,0.7898280024528503,-8.014791024544715,-13.674709489094546,5.659918464549831,178.985718
-59.4081723952658,-2.7460375341428622,373,580,306,3655,1588,639,0.8454935550689697,-7.062092132784901,-13.64533956492256,6.583247432137659,342.6485595703125
-59.69518412854199,-2.761533472793924,397,549.5,324.5,3107,1781.5,765.5,0.8108698725700378,-8.663650531252845,-15.156198265251536,6.492547733998691,242.254654
-59.96018713735725,-3.711277306929288,344.5,512,302,3224.5,1791,756.5,0.8287253379821777,-8.392921576359914,-14.038125427458679,5.645203851098765,245.75350952148438
-59.87933876178649,-3.052812203669679,323,577,303,3244,1773,729,0.8291513919830322,-7.537822204560931,-12.992562855645343,5.454740651084411,0
-59.95771677032592,-2.7312153319548904,308,505.5,287.5,2970.5,1459,594,0.8235113620758057,-8.245028245170221,-14.055546114100432,5.81051786893021,168.110245
-59.68934507919521,-2.6591255304042987,432,578,373,2601,1578,706,0.7491593956947327,-12.683375236423306,-17.52137034592641,4.837995109503105,50.922352
-60.66019932250739,-3.5217327819800692,332,601,359,3012,1473,643,0.7870067954063416,-6.997744046039282,-12.75066738998297,5.752923343943689,27.69170570373535
-60.22024941210985,-2.5897306747060655,318.5,484,391.5,2866,1792,878.5,0.7596316337585449,-6.739104054411991,-15.218127534853092,8.479023480441102,31.99028968811035
-60.44662486370797,-2.8753949350560735,239,429,260,2765.5,1462,618,0.8281275629997253,-5.092896143079784,-10.138557068007565,5.04566092492778,170.871399
-60.362183227000735,-3.9475342266527225,259,440.5,269,3045,1531.5,613,0.8376584053039551,-8.526334225370165,-13.402131194237533,4.875796968867368,233.976334
-60.28043653614586,-4.0155816094247765,294,467,277,2913,1470,582,0.8263322710990906,-9.372922624644728,-14.589936128996454,5.217013504351726,125.28062438964844
-59.67744240168063,-2.940747371975769,340.5,559,323.5,2988.5,1664.5,707.5,0.8046497702598572,-5.780252016711822,-12.71078485845168,6.930532841739858,81.08610534667969
-60.492214364377034,-3.610890573928932,273.5,434.5,242.5,3074,1426.5,564.5,0.8537614941596985,-10.885230961408876,-16.877400277095575,5.992169315686699,116.074898
-60.684453835178616,-2.579849206580751,318,480.5,266,3111.5,1595,653,0.8424870371818542,-7.489304216722207,-14.321197132338906,6.831892915616699,104.893898
-60.995270923483965,-3.4649143402595097,351,605,305,3508,1727,718,0.8400209546089172,-6.391125957131473,-13.650962974343111,7.2598370172116375,154.621201
-60.11806604854125,-2.8828060361500594,377,572,334,3326,1683,689,0.8174863457679749,-8.628676901233437,-14.161954306533573,5.533277405300137,83.264091
-59.88068623471267,-3.609093943360693,359,536,317,3356,1727,720,0.8273890614509583,-7.240299752847493,-13.495263376435954,6.254963623588461,311.785339
-60.84053611579438,-2.9807224021190875,262,434,263,2969,1475,602,0.8372524976730347,-8.146581417486004,-15.162077653678402,7.015496236192398,104.383133
-60.7632810013601,-3.736430134884635,281,477,258,3017,1578,646,0.8424427509307861,-7.089049110588932,-13.87106445456876,6.782015343979828,21.199926376342773
-60.0673112349885,-3.725201193833141,372,559,328,3017,1738,728,0.8038864135742188,-9.222725611891544,-13.736368295826047,4.513642683934503,111.943192
-60.274822065620114,-2.767372522140701,232,426,247.5,2590.5,1361,551,0.8255813717842102,-6.656889634226997,-13.847987454935735,7.191097820708738,123.00661091821289
-60.11761689089919,-3.198114700876012,705,956,799,2876,2400,1465,0.5651700496673584,-9.6662084688863,-13.779247195025807,4.113038726139507,1.4340800046920776
-59.99903927339542,-2.4262372929963125,305.5,474,262,2917.5,1381,547.5,0.8351942300796509,-8.669091644120696,-15.27924573915626,6.610154095035563,244.309708
-59.87911418296546,-2.61937507908201,338,513,304,3101.5,1560,633.5,0.821465253829956,-8.178148911015528,-14.979829092821149,6.8016801818056205,58.87706756591797
-59.81016848490929,-2.9052639182530475,370,571,325,3071.5,1683.5,708,0.8086265325546265,-8.17078600677577,-13.870321667972295,5.699535661196524,227.11593866666666
-60.13378656601335,-3.788083263721507,320,473,296,2419,1328,578,0.7819521427154541,-8.696556682409046,-15.47808622184297,6.781529539433924,1.1589030027389526
-59.636569056253194,-2.5014711980413225,396,559,376,2880,1723,762,0.7690417766571045,-7.658811849627575,-14.202481373336775,6.5436695237092,195.792908
-59.35921421228129,-3.0498926789962906,316,512,364,3461,2036,904,0.8096731901168823,-8.428305475010514,-13.42163270894202,4.993327233931506,0.3349989950656891
-59.38885861665723,-2.8176781780513944,636,910,937,3079,2938,1655,0.5333665609359741,-7.7574720802297765,-13.582139136053078,5.824667055823301,0.19991299510002136
-59.46207131231297,-2.6254387072498164,410,586,361,3076,1678,715.5,0.7899330854415894,-8.672644659820062,-14.019697273446049,5.347052613625987,70.025124
-59.494859820183336,-2.9393998990495893,350.5,521.5,289,3128.5,1553,628.5,0.830870509147644,-9.014660420842212,-14.713558107409643,5.698897686567431,81.478279
-60.85535831798235,-3.0638165659001433,284,479,255,3347,1551,616,0.858411967754364,-8.918125398414976,-14.811034137644215,5.89290873922924,91.57719421386719
-59.800511595605,-2.8266613308925894,334,476,295,2926,1566,665.5,0.8168270587921143,-8.022231291598029,-13.624621019365197,5.602389727767168,205.840149
-60.44213328728737,-3.753273546461876,312.5,460,281,2866,1447.5,581,0.8214172124862671,-6.790871806925819,-14.722361228093636,7.931489421167817,382.181915
-60.132439093087164,-4.002780616626073,322.5,570,330,3106.5,1521,641,0.807944118976593,-9.3695370573213,-14.945961703094653,5.576424645773352,165.1223602294922
-60.2040797369957,-3.760684647555862,352,490,344.5,2505,1563,676,0.7582032084465027,-6.881604433780257,-12.050053562912284,5.168449129132027,202.625336
-60.19621947825965,-3.9473096478316925,299,486,314,2626,1393,603,0.7863945364952087,-6.558399112445713,-14.60087330871308,8.042474196267367,71.30677032470703
-60.07247654787219,-2.604328298073008,302.5,428,261.5,2616.5,1302.5,538.5,0.818276584148407,-10.064157784904362,-15.702955230415785,5.638797445511424,13.940950393676758
-59.55661899596655,-2.8046526064316613,353,517,322,2797,1626,697,0.7935235500335693,-6.491382748191738,-12.000766301040194,5.5093835528484565,337.881714
-60.88140946122182,-3.37036665660593,463,809.5,514.5,3502,1902.5,960.5,0.743806779384613,-7.474906505769579,-12.343912950531243,4.869006444761664,0.02074900083243847
-59.4036808188452,-3.410117107928219,487.5,719.5,504,3510.5,2238,1167.5,0.7489101886749268,-9.102744581281566,-15.066956847651024,5.964212266369458,22.8998966217041
-60.22766051320384,-3.910927878824852,326,484.5,317.5,2742.5,1600,655.5,0.7924836874008179,-7.63215891734207,-14.936874987288565,7.304716069946495,128.584885
-60.42259492985777,-2.6121885568090537,351,498,306,2698,1357,566,0.7962716221809387,-7.655871200256021,-14.38825311484366,6.73238191458764,183.020493
-59.99117901465937,-3.5608094968392683,369,543,309,3316,1799,740,0.8295172452926636,-8.4221864176976,-15.402919244489677,6.980732826792078,146.415558
-60.22721135556178,-3.152300621385916,314,543,300,3299,1620,653,0.8332870006561279,-8.51306121959644,-14.452380353125813,5.939319133529374,141.584305
-59.763231511314046,-2.9715146704568625,363,554,346,2879,1602,715,0.7854263782501221,-10.123514175740656,-14.137980793869737,4.014466618129081,176.649216
-60.16073602453693,-3.7424937630524417,373.5,568.5,352.5,3098.5,1687,691,0.7957113981246948,-8.993130250613524,-14.742517600429908,5.749387349816384,182.714355
-60.06663749852541,-3.460198185017882,365,524,333,3596,1846,773,0.8304912447929382,-5.294211257031581,-12.21970818031867,6.925496923287088,276.009766
-60.04350587995933,-3.3977652727715753,363,545,329,3080,1778,765,0.8069815039634705,-7.8840578925711355,-14.913626095513674,7.029568202942539,11.672977447509766
-60.33006845559346,-3.9928991485007583,257,418.5,251.5,2804.5,1495,584.5,0.8354057669639587,-8.9054903096522,-14.453786818032029,5.5482965083798295,159.724045
-60.99976249990456,-2.9773537198036393,265,440.5,225,2748.5,1348.5,524,0.8486632108688354,-9.757324422674907,-16.07538538238819,6.318060959713284,259.7240295410156
-60.86973136252826,-3.192051072708205,691,852,1043,2114,4024,2760,0.33924612402915955,-12.115153183799947,-18.690277239385285,6.575124055585338,0
-60.85535831798235,-3.006099808895464,249,456,239,3124,1524,604,0.8578649759292603,-8.281386344850562,-13.458748034275327,5.177361689424766,156.289597
-60.3446660789604,-2.987235187928954,272,455,269.5,2849.5,1387.5,559,0.8271881937980652,-8.541508346219004,-16.74092565227142,8.199417306052418,149.613876
-59.475995199216825,-3.3687946048587207,463,634,437,3069,1858,851,0.750713050365448,-6.818841717149562,-13.053559435213135,6.234717718063573,103.896561
-60.6633434260018,-3.0168795923048983,279.5,487,273,2980,1474,597,0.8321549296379089,-8.5057654752895,-12.908354773324934,4.4025892980354335,84.05220031738281
-59.60220849663562,-2.8176781780513944,413,627.5,462.5,3403,2549.5,1345.5,0.7607036828994751,-8.038537444548012,-14.988897525219041,6.950360080671029,17.232271194458008
-60.20340600053261,-3.976729473386607,298.5,462,296,2635.5,1466.5,596,0.7980555891990662,-7.3577355948627154,-12.916097424354746,5.55836182949203,115.203293
-60.6745723670533,-3.2477466203236154,603,792,912,2214,3421,2212,0.41650670766830444,-12.77144812390791,-19.67111584679785,6.899667722889941,5.133926868438721
-60.16567675859959,-2.5266240259966692,262,416,229,2638,1284,510,0.8402511477470398,-9.547817381479133,-15.25131354069874,5.703496159219608,26.465911865234375
-60.43157808269897,-3.7186884080232745,243.5,434.5,212.5,3359.5,1542.5,604,0.8810190558433533,-9.046049882148605,-15.400585764060041,6.354535881911437,50.83415222167969
-60.20991878634248,-3.815032722245093,309,512,291,2861,1394,568,0.8153553009033203,-8.664519794838512,-14.045503855360721,5.380984060522209,276.118591
-59.959737979715186,-2.48709815349541,295,498,262,3058,1469,574,0.8421686887741089,-7.25233102235444,-13.690461601570242,6.438130579215802,116.805656
-60.45605717419122,-2.5016957768623524,298,429,264,2475.5,1318,549,0.8072640895843506,-7.561387889426806,-12.829932948756195,5.268545059329389,225.238846
-60.203630579353636,-3.2695307659635136,923,1130,1054,2958,2914,2014,0.47457626461982727,-8.096465047213234,-15.400778770189712,7.304313722976477,1.2098220586776733
-60.69006830570436,-2.5077594050301593,268,361,220,2432,1364,537,0.8340874910354614,-8.667957197777675,-13.012046161975372,4.344088964197697,225.638611
-60.34107281782393,-3.7521506523567267,327.5,473.5,302,2426.5,1283,567,0.7786329388618469,-9.066802599000095,-15.33548662946143,6.268684030461335,205.985321
-60.007573268594555,-3.9949203578900274,420,605,373,3380,1788,757,0.8012256622314453,-9.335135477571562,-15.3884503513848,6.053314873813237,145.092545
-59.75873993489345,-2.6822571489703764,402.5,586,371,2857,1746.5,788,0.770136296749115,-4.800763322142291,-10.039363645187528,5.238600323045237,272.977295
-60.06888328673571,-3.499499478698111,610,729,641,2489,2445,1401,0.590415358543396,-8.618208566613593,-15.604228137872969,6.9860195712593764,28.279037475585938
-59.93615720350705,-3.7103789916451686,333.5,534,322,3204.5,1742.5,733,0.8173826932907104,-7.97968700296503,-11.913073498142603,3.933386495177573,145.720703
-59.548085000767415,-3.05034183663835,392.5,616.5,405,3141,1712.5,745,0.7715736031532288,-7.889802954343633,-13.369532622292473,5.47972966794884,245.863083
-59.835321312864636,-3.3133236360643403,436,657,398,3604,1958,885,0.8010994791984558,-6.285578348590544,-12.933628553123565,6.648050204533021,34.428104400634766
-60.1191889426464,-3.5702418073225233,299,425,247,2685,1534,610,0.831514298915863,-8.050115015182595,-15.693094517042978,7.642979501860383,108.659882
-59.888097335806656,-3.2946835939188603,389,628,362,3379,1883,874,0.8064688444137573,-10.33576685647481,-16.49925158532576,6.163484728850948,16.421016693115234
-60.06012471271555,-3.704764521119422,398,567,367.5,2893.5,1601,674,0.7746090292930603,-8.658651481335397,-13.892029184236778,5.233377702901381,185.802597
-59.7749096100076,-3.0013836536538365,329.5,487,266.5,3255,1677.5,698,0.8486440181732178,-8.368925248026061,-13.936449230139766,5.5675239821137055,135.394989
-60.45897669886461,-3.139050470945153,293.5,464.5,269,2966.5,1510.5,647.5,0.8337196707725525,-8.195627162179571,-13.942905084573775,5.747277922394204,97.72732543945312
-60.48502784210408,-2.695507299411139,307.5,447,269,2561,1334,560.5,0.8098939657211304,-8.163520785596944,-13.988519995685294,5.82499921008835,197.287735
-59.76480356306125,-2.5338105482696256,384,553,335,3215,1783,764.5,0.811267614364624,-6.494341725241207,-12.050709864001185,5.556368138759978,173.684143
-59.73448542222222,-3.0031802842220756,297.5,523.5,308,3076,1651,695.5,0.817966878414154,-8.535296630244229,-15.683901978194182,7.148605347949953,67.644012
-59.873275133618684,-2.6950581417690795,412,605,355.5,3345,1680,701,0.8078638315200806,-7.064510396683725,-13.222040999363301,6.157530602679576,178.123215
-59.72437937527587,-2.8298054343870076,300.5,500.5,297.5,2949,1650,713,0.8167257308959961,-6.726171171851697,-13.052997351865944,6.326826180014247,152.832153
-60.216431572152345,-2.320236089470209,261.5,434,286,2391,1376,573,0.7863279581069946,-7.453847592835947,-13.655157161198137,6.2013095683621895,99.804993
-59.729544688159564,-3.045401102575693,429.5,712.5,369,4368.5,2162.5,916,0.8442216515541077,-6.171873232292663,-13.785828868466702,7.613955636174039,89.897202
-59.77109177005009,-2.8623693634363403,417,592,378,3389,1708,738,0.7993097901344299,-10.439866771923064,-15.312451681853522,4.872584909930458,199.352112
-60.717466921870006,-3.115020537094956,390.5,552.5,496,2361,2098.5,1048.5,0.6527826189994812,-8.619141117601515,-16.892188856238704,8.273047738637189,33.64640426635742
-59.90561448384699,-2.474521739517737,325,480.5,293.5,2894.5,1528.5,635,0.8158720135688782,-8.068466037968442,-14.324254082163094,6.255788044194652,5.7500901222229
-59.501372605993204,-2.681358833686257,392,604,449,3220,2174,989,0.755246639251709,-8.516080898626534,-14.842697641287316,6.326616742660782,68.22423553466797
-60.66424174128593,-3.863317168766517,261.5,417.5,247.5,2952.5,1489.5,609.5,0.8453124761581421,-5.869376665432538,-12.140112840812524,6.2707361753799855,46.920052
-60.39968789011272,-2.7846650913600017,254,457,244,3011,1408,561,0.8500767946243286,-8.854367887827134,-15.689988693705438,6.835620805878303,158.279709
-60.412488882911425,-2.891340031349195,273,443,286,2851,1455,573,0.8176602125167847,-8.872386708816684,-13.88301817235221,5.0106314635355265,77.27540588378906
-60.104142161637405,-3.240784676871689,370,563,461,2962,2313,1390,0.7306456565856934,-9.611824127332149,-15.536176375968873,5.924352248636724,87.232193
-59.32103581270621,-2.9261497486088266,623,877,829,3151,2812,1404,0.5834170579910278,-7.960297870209487,-15.016650947711437,7.056353077501949,0.6224820017814636
-59.77131634887112,-3.3148956878115494,371,610,332,3583,1942,879,0.8303959369659424,-9.650978294336412,-15.207504891146904,5.556526596810492,38.93963623046875
-60.91532086319733,-3.0310280580297806,272.5,432.5,273,2413,1386,587,0.7967237234115601,-9.997419037027655,-16.051301204459136,6.053882167431482,61.874732971191406
-59.98331875592333,-2.4484705962782707,329,489,287,2881,1419.5,602,0.818813145160675,-9.067983562109195,-15.528003259094106,6.4600196969849115,217.854431
-60.08505296184986,-3.491863798783095,455,576.5,505.5,2141.5,1842,924,0.6180582046508789,-11.626674250269444,-16.488391117683435,4.861716867413991,204.405045
-60.041035512928005,-4.00794592950976,353,524.5,316.5,2947,1549,634,0.8060364723205566,-7.717245678112747,-14.859416654501938,7.142170976389191,89.608009
-60.85288795095102,-3.192051072708205,286.5,491,260.5,2869.5,1463.5,590.5,0.8335463404655457,-6.803991529698362,-14.624396807743869,7.820405278045507,0.8026530146598816
-59.65610741368279,-2.989031818497193,280.5,459.5,273,2930,1586,643,0.8295348286628723,-4.881795424969597,-12.584123413161848,7.702327988192251,219.30751037597656
-60.03766683061256,-2.5317893388803565,407,629,352,3626.5,1534.5,600,0.8230488896369934,-9.448482271063618,-14.421000683815857,4.972518412752239,125.955261
-59.80702438141487,-2.7628809457201036,348.5,553.5,324,3053,1687,718.5,0.808113694190979,-8.176554724300813,-12.767310389072112,4.590755664771299,170.946152
-60.35948828114837,-3.627060249043083,273,400,239.5,2691,1400.5,546.5,0.8365466594696045,-8.63424020028013,-14.11518455418068,5.480944353900549,106.58934020996094
-60.24652513417035,-3.1783517646253823,266.5,468,244,2857,1246.5,536,0.8426313996315002,-8.601787966053042,-16.81760755794488,8.215819591891837,149.755859
-59.949631932768845,-3.8666858510819657,390.5,537,342.5,2910.5,1651,702,0.7894251346588135,-6.9017814918842015,-14.051813891086333,7.150032399202131,175.855545
-60.7091575054919,-3.672649749712149,285.5,488.5,257,3248,1531,630.5,0.8533523678779602,-7.034405259947699,-12.679393088729721,5.644987828782022,125.99412536621094
-59.568521673481136,-2.811839128704617,386,584,341,3232,1777,738,0.8091239929199219,-8.235369446569509,-14.562457496034709,6.3270880494652,1223.449951
-59.77693081939687,-3.5120758926757842,351,553,316,3238,1695,676,0.822172224521637,-6.980603798354821,-12.944150196165458,5.963546397810637,227.338211
-60.68984372688333,-2.560760006793211,227.5,351,206.5,2271.5,1292,515,0.8333333134651184,-7.991212947697369,-14.841259298020372,6.850046350323003,44.660892486572266
-59.5254025398434,-2.8924629254543444,304,504,291,3143,1558,636,0.830518364906311,-7.681206060624525,-14.416860885081295,6.73565482445677,145.985413
-59.977030548934486,-3.804252938835659,337,485,288,3058,1574,653,0.8278541564941406,-7.519450955052203,-14.377672511776481,6.858221556724279,51.615867614746094
-60.147261295275136,-2.4518392785937193,256.5,367,213.5,2496,1237,496,0.8424063324928284,-7.61902033465365,-14.791186657409451,7.1721663227558015,96.590172
-60.10571421338461,-3.9046396718360152,356,549,343,3218,1647,681,0.8073574900627136,-9.130798402401744,-14.124061123266362,4.993262720864617,75.10581970214844
-59.389083195478264,-3.2145089548111927,514,822,515,3367,2061,1043,0.7346728444099426,-7.209404788139499,-13.416151330160842,6.206746542021343,84.69491577148438
-59.90673737795214,-3.0067735453585533,398,655,491,3119,2294,1160,0.7279778122901917,-2.6928230971894127,-13.73190809253835,11.039084995348937,173.282532
-59.88450407467018,-2.6970793511583486,419,625,327,3493,1604,665,0.8287957906723022,-7.341643559666484,-15.040780183386842,7.699136623720357,536.203369
-60.47424805869465,-2.746486691784922,249.5,438.5,256,2806,1386,573,0.8327890038490295,-7.703640829470599,-14.012584235378903,6.308943405908304,12.011374473571777
-60.310979255805925,-2.722681336755755,254,412.5,250.5,2514.5,1265.5,519.5,0.818806529045105,-8.755270495731795,-14.826010303665697,6.0707398079339026,156.974228
-60.681758889326254,-3.6003353693405273,273.5,409.5,234.5,2445.5,1334.5,570.5,0.824999988079071,-9.033449350537035,-15.314502298653442,6.2810529481164075,102.376137
-59.71562080125571,-2.8470980036063085,359.5,592,318,3113,1702,736,0.8146312832832336,-5.437729475187567,-11.5115041316547,6.073774656467133,101.277557
-59.890118545195925,-3.6259373549379337,356,535,319,3241,1882.5,835,0.8207865357398987,-7.956978118825095,-12.812185169447947,4.855207050622852,1.5092740058898926
-59.966924501988146,-3.6412087147679655,352,555,321,3117,1672,732,0.8132635354995728,-6.846947842230728,-12.941982096849635,6.095034254618907,209.081543
-60.60540209017609,-3.700497523519854,370,664.5,577,2420,2486,1502,0.6149482727050781,-9.39289799835132,-15.2317460292742,5.838848030922881,0.7157179713249207
-60.263593124568615,-3.778875532059282,362,515.5,306.5,3029,1542,644.5,0.8162194490432739,-8.25245762186521,-15.021439654571145,6.768982032705935,177.521927
-60.01431063322545,-2.8509158435638167,298.5,439,278.5,2592,1482.5,597.5,0.8059571385383606,-6.030243038887021,-13.66082181653743,7.630578777650409,290.746979
-60.24046150600254,-3.8608468017351885,300,451,288,2510,1418,580,0.7941386699676514,-9.498429666831722,-14.674869005311502,5.1764393384797796,184.433441
-60.59978761965035,-3.7521506523567267,279,476,289,2831,1802,784,0.8147435784339905,-7.612615681151662,-13.009324424066314,5.396708742914652,0.10880199819803238
-59.69383665561581,-2.4906914146318884,349,532.5,301.5,3126.5,1755,745,0.8240956664085388,-10.068411864232786,-16.79109513361237,6.7226832693795835,203.11087036132812
-60.31524625340549,-3.8615205381982785,264.5,489.5,272,3020,1636,671.5,0.8347508907318115,-8.410706524431685,-13.415638349361839,5.0049318249301535,147.149124
-59.35090479590318,-2.947035578964605,333,564,336,3498,1839,734,0.8247261643409729,-7.687673226447034,-13.51434941741648,5.826676190969446,178.149582
-59.961759189104455,-3.403604322118352,449,580,405,2506,2278,1179,0.7217451333999634,-7.513113979294758,-14.031006725924605,6.5178927466298475,45.85893249511719
-60.386662318492995,-3.178800922267442,354,479,413,2332,1933,978,0.6990892291069031,-8.603925776206209,-14.382330695206512,5.7784049190003035,82.968178
-59.69518412854199,-2.716617708587948,794.5,1117.5,1088.5,3736.5,2823.5,1736.5,0.5488082766532898,-6.9143783871465105,-13.435300305325333,6.520921918178822,70.962273
-59.992301908764524,-3.420896891337653,444,610,410,2848,1779,827,0.7483118772506714,-8.259577213650571,-13.043989766830105,4.784412553179534,8.695757865905762
-59.81915163775049,-2.583217888896199,398.5,584.5,310,3513,1733,713,0.8378236889839172,-10.830889560501875,-15.368613816754074,4.537724256252199,221.895523
-59.97164065722977,-2.4718267936653784,325,487,287,2868,1432,600,0.8180665373802185,-9.270763975628029,-15.229175317428986,5.958411341800957,285.447205
-60.379026638577976,-3.8325498702854235,290,549,291,3233,1797,725,0.8348467946052551,-7.309054932687971,-14.56506678834861,7.256011855660638,7.418612003326416
-59.548085000767415,-2.7134736050935295,362,565,317,3341,1799,724,0.8266812562942505,-8.87649327377772,-15.01882856632675,6.1423352925490295,248.177292
-60.50838403949119,-3.663217439228894,261.5,422.5,249.5,2513.5,1473.5,627,0.8193991780281067,-7.201786956649242,-11.474293619261076,4.272506662611834,122.644379
-60.040586355285946,-3.816380195171272,359,572,372,2771,1609,706,0.7632834911346436,-8.596071200594098,-14.265727092930335,5.6696558923362375,59.412662506103516
-59.569869146407314,-3.5282455677899356,437,578.5,374,2900,1771.5,791.5,0.7715333104133606,-8.154474616579035,-13.74689743646451,5.592422819885474,110.49303436279297
-60.009594477983825,-3.961233534735545,379,531,368,2771,1867.5,873,0.7655304074287415,-8.642443958862492,-13.87853646319164,5.236092504329148,104.285400390625
-60.87871451536946,-2.9504042612800534,302.5,480,299,2812.5,1502,640,0.8078097105026245,-8.092400126134478,-13.892030376872555,5.799630250738076,113.53899383544922
-60.50029920193411,-3.89588109781585,230,389.5,212,2660.5,1397.5,549.5,0.852393388748169,-6.395030602284847,-12.75088288704833,6.3558522847634835,126.467796
-59.37426099329029,-3.2511153026390636,723,967,1035,3429,3264,1914,0.5362903475761414,-8.715692571653577,-13.406415395680042,4.690722824026466,0.7022579908370972
-60.4273110850994,-2.613985187377293,283,412,237,2614,1344,563,0.8337425589561462,-7.492633297053306,-13.793198935992315,6.300565638939009,75.17132568359375
-60.20318142171158,-2.855407419984414,275.5,451,265.5,2991,1417.5,585,0.8369414806365967,-8.444142959034128,-16.002104932817915,7.557961973783787,347.855133
-59.796693755647496,-3.1657753506477087,398,642.5,388.5,3499.5,1941,859,0.8001543283462524,-6.707427722392273,-12.451206516653412,5.743778794261139,153.357208
-60.4904177338088,-3.485126434152199,307,515,450,2795,1814,1084,0.7226502299308777,-11.132859840705214,-18.95076047484129,7.817900634136075,4.265011787414551
-60.2236180944253,-3.7126247798554677,350.5,543.5,298.5,3191,1713.5,707,0.8289152979850769,-10.302482571514368,-16.59102673015868,6.288544158644314,58.980148
-60.02711162602415,-3.5349829324208324,521,729,568,2329,1974,1077,0.6078702211380005,-8.76090504438707,-15.383709614833592,6.622804570446522,8.967276573181152
-59.88158454999679,-3.6418824512310555,404,580,367,3048,1813,793,0.7850658893585205,-7.443727331406629,-14.442125315222867,6.998397983816238,151.212341
-60.18858379834464,-3.270429081247633,356.5,592,349,3295,1887.5,837,0.8084522485733032,-9.082077547845506,-15.481461338362692,6.399383790517186,18.60024642944336
-59.80769811787796,-3.623916145548665,363,543,331,2942,1663,744.5,0.7977390885353088,-7.831979235981392,-13.84583011279795,6.013850876816558,249.310211
-60.46706153642169,-3.478613648342332,252,454,239,2937,1405,538,0.8494962453842163,-9.914314653428718,-15.646695438255328,5.73238078482661,143.379791
-60.25056755294889,-2.615332660303472,217,385,235,2633,1351,530,0.8361227512359619,-7.515697258950525,-15.205493170423088,7.6897959114725625,133.495773
-59.982645019460236,-2.4972042004417547,319.5,519,294,2713.5,1474,589,0.8044887781143188,-8.19994296192008,-14.322891129375616,6.122948167455537,138.046127
-59.36797278630146,-3.3672225531115116,595,817,913,3206,3411.5,1976.5,0.5566884875297546,-10.209392705372748,-17.770095568206244,7.560702862833496,12.878188133239746
-59.99207732994349,-2.308108833134596,315,461.5,276.5,2764.5,1517.5,604,0.8181519508361816,-8.3986060748478,-15.196803507508061,6.798197432660261,235.893341
-60.50029920193411,-2.797466084158705,261.5,405.5,274.5,2514,1341,544.5,0.803119957447052,-8.121710285413565,-15.365030294258755,7.24332000884519,241.073563
-60.341297396644954,-3.7609092263768917,280,503,244,3371,1551,571,0.8650069236755371,-7.858354673484836,-13.814889871147983,5.956535197663147,83.19160461425781
-60.815607866660066,-3.3939474328140675,382.5,610,442,2926,1566,765,0.7375296950340271,-10.295647294184562,-16.682481033452675,6.386833739268113,67.439148
-60.82369270421714,-3.7424937630524417,249.5,427,224,2526,1299,509,0.8370909094810486,-8.17257818896149,-14.080931235095399,5.908353046133909,103.972092
-60.51018067005943,-2.695956457053199,294,437,267,2530,1389,586,0.8090811371803284,-6.2147595024824875,-12.516664909489716,6.3019054070072285,147.896042
-60.15781649986354,-3.1408471015133923,319.5,512,309,3182.5,1630.5,659.5,0.8229987025260925,-8.267389786500813,-14.981785546041293,6.71439575954048,132.031982
-59.97837802186067,-3.6787133778799554,331.5,495,313,2699.5,1634,729,0.7921991944313049,-9.437619398983156,-15.24164519580474,5.804025796821584,315.025848
-59.779850344070255,-2.9393998990495893,352,573,350,3255,1782,761,0.8058252334594727,-8.414084332881474,-15.283707436833874,6.869623103952399,167.685852
-59.9004491709633,-3.704539942298392,316.5,468,292.5,2450.5,1572,706.5,0.7867298722267151,-7.652194511617232,-14.59324770168632,6.941053190069088,4.6236138343811035
-59.854635091473206,-2.7797243572973445,343,519,312,3036,1615,694,0.8136200904846191,-8.35484773099255,-15.33717242934931,6.982324698356761,75.728844
-60.54588870260318,-3.954271591283619,239,426,248,2708,1378,557,0.8322057127952576,-8.199509436069741,-13.847865808667732,5.648356372597991,148.998856
-60.88545188000035,-3.439312354662103,305,486,289.5,3416,1486,579.5,0.843745768070221,-8.609144276483855,-14.559410439747307,5.950266163263452,78.254883
-59.778278292323044,-3.326798365326133,660,893.5,936,2515,3649,2422,0.4575485289096832,-9.119617258415662,-15.003802696198555,5.884185437782893,0.0720290020108223
-59.98938238409114,-3.6117888892130514,359,511,295,2871,1611,669,0.8136450052261353,-9.889112679866308,-14.260063375836607,4.370950695970299,187.763306
-59.65251415254631,-2.831377486134217,372,514,336,2905,1627,700,0.7926566004753113,-7.603362150949793,-14.335523025310987,6.7321608743611945,256.588867
-60.346911867170704,-3.921707662234286,292,514.5,278,3115,1505.5,605,0.8361332416534424,-8.748211500597023,-14.826152848206142,6.077941347609119,124.078575
-60.03609477886535,-3.2340473122407927,304,441,279,2457,1588,667,0.7960526347160339,-8.370761972347275,-14.020169631295502,5.649407658948228,53.29652786254883
-60.23439787783473,-3.950453751326111,295,461,278,2575,1483,608,0.8051174283027649,-8.787178244727228,-15.745751119126163,6.958572874398936,211.737854
-60.19689321472274,-2.6820325701493464,285.5,427,246,2644.5,1268.5,496,0.8297872543334961,-9.22103392384997,-14.544011424016041,5.322977500166072,170.446899
-59.79130386394278,-3.82132092923393,317.5,500,311,2734,1509.5,633.5,0.795730710029602,-8.815268779564095,-13.233248910620208,4.4179801310561135,160.633926
-60.66087305897047,-2.6225191825764282,286,447,261,2935,1510,618,0.8366708159446716,-7.54448553371628,-13.219351611808147,5.674866078091867,56.465946197509766
-60.134460302476434,-2.792974507738107,299,489,293,2831,1417,585,0.8124199509620667,-6.724757192552454,-13.296758302934643,6.572001110382189,276.819977
-59.79646917682646,-2.5131492967348765,402,610,358,3212,1665,700,0.7994397878646851,-9.856729630025212,-14.703353864534892,4.8466242345096795,182.178574
-59.623318905812425,-2.9730867222040716,376,535.5,311,3029.5,1609.5,655,0.8138003349304199,-10.19043892295992,-15.995280633445095,5.804841710485174,102.90620422363281
-59.61972564467595,-3.609093943360693,412,634,421,3068,1955,854,0.7586700916290283,-8.500531023264676,-13.978431994697626,5.47790097143295,1.8888909816741943
-60.05136613869538,-4.029954653970688,385.5,582.5,373,3148.5,1808.5,800,0.7881584763526917,-6.77911832558724,-13.351539846065263,6.572421520478023,135.915939
-60.61505897948038,-3.6602979145555055,411,571,447,2545,2132,1173,0.7012032270431519,-7.894316889181722,-13.73934022918894,5.845023340007218,43.593788
-60.02351836488768,-2.419949086007476,288,417,235,2411.5,1307.5,518.5,0.8224069476127625,-12.541140430681741,-17.971218702166702,5.430078271484961,108.66361999511719
-60.46009959296976,-3.7076840457928104,227,442,222,3433,1888,781,0.8785225749015808,-8.311591693899715,-15.03638953884678,6.724797844947066,1.2196379899978638
-59.50676249769792,-3.108956908927149,575,776.5,879.5,2497,3546,2179,0.4790463447570801,-10.619884794456551,-16.565945836076555,5.946061041620004,149.49790954589844
-61.023343276112705,-3.179025501088472,256,419,242,2698,1450,595,0.8353741765022278,-9.920938256046579,-15.457385126492932,5.536446870446353,95.925407
-60.94024911233165,-3.0631428294370533,300,473.5,276,2796.5,1474,603.5,0.8203417658805847,-7.525541561320561,-13.644316900301817,6.118775338981256,144.588943
-60.170168335020186,-2.6898928288853923,306,407,239,2468,1297,567,0.8234207630157471,-7.316276986516096,-14.306967163980387,6.990690177464291,199.022964
-60.53960049561434,-2.564353267929689,300,463.5,266.5,2805,1355,560.5,0.8264691233634949,-9.878644930027496,-15.053208852206854,5.174563922179358,167.493759
-60.131540777803046,-3.8952073613527602,349,507,301,3187,1650,642,0.8274082541465759,-9.10579983150723,-12.74478999930924,3.6389901678020102,185.39626299999998
-59.48228340620566,-2.9337854285238425,306.5,482.5,288.5,3177.5,1608,628.5,0.8335256576538086,-5.657475293748686,-13.24151440613371,7.584039112385025,225.355286
-60.16522760095753,-2.5189883460816533,269,413,251,2957,1448,576,0.8435162305831909,-8.513952332864328,-14.599136156238677,6.085183823374349,294.393494
-59.738752419821786,-3.022494062830645,367,535,345,2828,1634,734,0.7825402021408081,-9.28500113260018,-16.184923146893322,6.899922014293143,104.91041564941406
-60.68849625395715,-3.115245115915986,254,441,224,2723,1331,535,0.8479809761047363,-8.063745143607338,-13.499124432465742,5.435379288858403,128.317856
-59.63499700450598,-3.612462625676141,430,676,525,3085,2351,1169,0.7091412544250488,-9.28226977080304,-14.96088933770696,5.678619566903919,27.9132080078125
-59.72527769055999,-3.5893310071100633,340,533,292,3007,1568,635,0.8229766488075256,-7.404679740167682,-13.923519921581107,6.518840181413426,234.339813
-60.37228927394708,-2.7401984847960854,283,448,255,2732,1417,582,0.8292601108551025,-7.212865636654358,-14.226377878739548,7.01351224208519,147.505844
-60.74913253563522,-2.90144607829554,275,427,269.5,2505,1479,614.5,0.8057307600975037,-7.77068165718481,-13.696050493321938,5.925368836137127,98.692413
-59.33159101729461,-2.851814158847936,318.5,512.5,304,3119.5,1669,677.5,0.8224039673805237,-10.559660068786155,-17.230918083337677,6.671258014551523,196.827393
-59.934809730580874,-2.478115000654215,311.5,464.5,266.5,2680,1466.5,597,0.8191074132919312,-8.2641740268738,-15.266242459438818,7.002068432565018,89.91279602050781
-60.093362378227965,-3.380248124731245,456,670.5,457.5,2726,1504,730.5,0.7125805020332336,-8.68218201796958,-14.527870366259311,5.84568834828973,12.336128234863281
-60.292114634839415,-3.844677126621037,323,444,275,2818,1603,632,0.8221791386604309,-7.476357749815801,-14.213818264081477,6.737460514265676,186.067322
-59.41917675749627,-2.8585515234788326,338,531,331,2980,1676,706,0.8000603914260864,-7.378886766647259,-14.452757861683736,7.073871095036477,333.380219
-60.56834658470616,-2.510454350882518,261,410,256,2409,1369,582,0.8078799247741699,-7.118906701209506,-13.265560063368804,6.146653362159298,221.048004
-59.77715539821789,-2.4922634663790975,409.5,612.5,387.5,3179.5,1645,703.5,0.7827305793762207,-8.939022035221013,-14.784134872944188,5.845112837723175,201.670853
-61.00897023156679,-3.0197991169782865,253,444.5,250,2902.5,1381.5,535,0.8413957357406616,-7.922688034050603,-14.124201320740394,6.20151328668979,177.288544
-60.0628196585679,-2.9634298328997866,398,600,385,3318,2089.5,1043.5,0.7920604944229126,-9.625220998430876,-16.39295229876861,6.767731300337733,108.110771
-60.08617585595501,-3.7247520361910813,370,562,328,3049,1636,696,0.8057447671890259,-10.720358586852925,-15.106797711369431,4.386439124516507,348.808167
-60.32175903921536,-3.796617258920643,325,479,290,2631,1517,628,0.8014378547668457,-5.967668074212305,-11.941213882149537,5.9735458079372314,98.957161
-60.23282582608752,-2.8803356691187307,263.5,423.5,244.5,2618.5,1253,514.5,0.8292001485824585,-7.800696189952337,-14.977407286561004,7.176711096608667,84.64282989501953
-59.418503021033175,-3.4498675592505075,429,629,337,3293,1667,677,0.8143250942230225,-7.247138751913154,-14.16045958999938,6.913320838086227,52.26860427856445
-59.92043668603496,-3.6697302250387605,386,535,336,2815,1828,917,0.7867343425750732,-7.066309500009734,-14.089859973478749,7.023550473469015,114.934708
-59.51529649289706,-3.1491565178914978,341,560,321,3778,1640,678,0.8433764576911926,-8.574560625578187,-14.83257761466617,6.258016989087983,184.579025
-59.777829134680985,-2.744914640037713,354,515,316.5,2868,1634.5,719,0.8012247085571289,-5.752513126403912,-12.442838097875688,6.690324971471776,157.680313
-59.400761294171815,-3.454359135671105,510,763,637,3369,2830,1371,0.6819770336151123,-9.587796990031237,-14.015808092440382,4.428011102409146,0
-60.59686809497696,-2.3950208368731594,273.5,445,270.5,2595,1443,611.5,0.8112022280693054,-8.553848516764674,-14.610353412925328,6.056504896160654,243.651093
-60.24697429181241,-3.1215333229048223,291.5,490,289,3011,1603.5,662,0.824848473072052,-8.190696530411184,-14.267219592099547,6.076523061688363,66.101212
-59.74054905039002,-2.90122149947451,385.5,548.5,346.5,3249.5,1805.5,777,0.8072858452796936,-10.878836379957376,-16.11872091413452,5.239884534177145,215.554504
-60.43247639798309,-2.5823195736120796,265.5,392.5,225,2658.5,1249,505.5,0.8439396619796753,-7.438741156228547,-14.212985035017303,6.774243878788756,119.510208
-59.929195260055124,-3.2524627755652427,591,944,640,4346,2469,1226,0.7432811856269836,-9.49564172265596,-14.765758337768348,5.2701166151123875,1.02217698097229
-60.39968789011272,-3.278513918804709,351.5,569,345.5,2562.5,1452,674,0.7623796463012695,-6.217722458631706,-12.371088428642636,6.15336597001093,0.698104977607727
-60.54633786024524,-3.05101557310144,317,448.5,306.5,2621,1380,570.5,0.7906063199043274,-8.537742077203898,-15.433399100673501,6.895657023469603,44.22866439819336
-60.079213912503086,-2.570641474918526,316.5,461.5,275,2698.5,1391,562,0.8150327801704407,-8.802646934126132,-14.358448242957522,5.55580130883139,263.382446
-59.679239032248866,-2.964328148183906,367,528,310,3143,1625,683,0.8204460144042969,-8.065835269323307,-14.641090517449003,6.575255248125696,167.116318
-60.4836803691779,-2.5349334423747747,274,442,257,2685,1350,561,0.8252888917922974,-8.462211104668686,-15.212408388852886,6.7501972841842,118.7720947265625
-60.64402964739323,-3.925974659833854,282,447,254,2895,1431,573,0.8386789560317993,-9.409044628620801,-13.613633867328916,4.204589238708115,91.953682
-60.01790389436193,-2.5470606987103883,354,526,310,3325,1627,678,0.8294360637664795,-5.532421355482375,-12.669387104318432,7.136965748836056,78.712952
-60.76912005070688,-2.8810094055818207,252.5,408,256,2744.5,1424,560.5,0.8293617963790894,-8.585138176595436,-14.41726783435358,5.832129657758145,239.819992
-59.586712557984555,-2.8358690625548144,337,564.5,316.5,3495,1791.5,724.5,0.8339236378669739,-8.536790624061425,-14.32237767024095,5.785587046179526,107.762993
-60.1409730882863,-2.3478592844568844,262,448,246,2798,1381,547,0.8383705615997314,-8.151562913041905,-13.973240861669364,5.821677948627459,228.265335
-60.74756048388801,-3.5307159348212647,286,459,245,3019,1595,697,0.8498774766921997,-7.397409525550831,-13.404053460233204,6.006643934682373,18.458389
-60.702644719682034,-3.0705539305310396,286.5,463.5,257,2976.5,1442,562.5,0.8410391211509705,-7.988895627924463,-15.577557409323532,7.588661781399069,116.765533
-60.698153143261436,-3.1516268849228264,302,541,313,3190,1704,700,0.8212960362434387,-7.431773052086104,-13.363352421270038,5.931579369183934,21.355749
-60.19532116297553,-2.764902155109372,244,397,229,2384,1216,477,0.8247225284576416,-10.15094009709953,-14.510443692322001,4.3595035952224706,154.640656
-59.74930762441019,-3.9551699065677384,367,559,326,2958,1723,732,0.8014616370201111,-8.269964370422578,-14.290191054717553,6.020226684294975,28.914199829101562
-60.304241891175025,-3.4166298937380852,329,501,285,2977,1700,728,0.825260579586029,-8.22628824707265,-15.021554825315848,6.795266578243197,39.55189514160156
-59.914597636688185,-2.7534486352368486,343.5,569,380,3113,1810.5,810.5,0.7824220061302185,-8.936800434087939,-14.82707114380612,5.89027070971818,0.04447999969124794
-60.9865123494638,-3.5439660852620274,328.5,456,273.5,2757.5,1486,604,0.8195315003395081,-8.630123894873282,-14.301528664508435,5.671404769635153,112.933281
-60.342869448392165,-3.0220449051885856,275,411,261,2645.5,1347,552,0.8204025626182556,-9.932019789149313,-15.173344140932537,5.2413243517832235,265.960632
-60.589681572704,-2.4608224314349143,243.5,426,238.5,2678.5,1424.5,571.5,0.8364758491516113,-7.890324439318839,-14.649753058169726,6.759428618850887,78.458778
-59.84610109627407,-3.373735338921378,360,535,327,3086,1712,742,0.8083797097206116,-8.259407728978056,-14.335574392424899,6.076166663446843,63.18193435668945
-59.740773629211056,-2.9054884970740775,370.5,523.5,312,2894,1602.5,665.5,0.8053649663925171,-8.94109364792856,-15.030225045974884,6.089131398046325,232.019669
-59.85575798557836,-3.4840035400470493,486,701,558,2971,2815,1496,0.6837630867958069,-8.790762612266537,-16.435433645011532,7.644671032744995,5.756543159484863
-60.36914517045266,-3.249992408533914,274,459,234,3248,1684,687,0.8655945062637329,-5.849238829566613,-12.595680145907322,6.746441316340708,47.757439
-60.21508409922616,-2.7264991767132627,254,431,233.5,2935.5,1473,577.5,0.8526349067687988,-8.273712341792132,-15.075053502122387,6.801341160330255,210.476746
-59.92021210721393,-2.6573288998360596,360.5,504.5,336,2563,1466,604,0.7681959271430969,-6.416863383725766,-13.997645188870742,7.580781805144976,136.662399
-60.05271361162156,-2.9295184309242748,274.5,442,240,2878.5,1493.5,593,0.8460798263549805,-7.941193910264584,-13.650369697847538,5.709175787582954,144.237625
-60.04485335288551,-2.9185140686938107,295,526,294,3497,1661,651,0.8448957800865173,-6.208522836758277,-12.461729121659959,6.253206284901681,170.914734
-60.03587020004432,-2.8210468603668426,555.5,806.5,653.5,3093,2325.5,1275,0.6511410474777222,-8.110080411116552,-16.139859263529175,8.029778852412623,34.66230773925781
-60.22429183088839,-3.290865753961352,356,525,343,2581,1537,655,0.7653898596763611,-8.314636872231938,-14.359792822140767,6.045155949908828,92.942703
-60.80819676556608,-2.770741204456149,277,448,240,2672,1277,505,0.8351648449897766,-6.885959321676565,-11.391341475753908,4.505382154077343,121.75790405273438
-60.994821765841905,-3.2693061871424836,383,579.5,378.5,2988,1687,766,0.7751373648643494,-6.012025426900445,-14.452700372857937,8.440674945957491,240.956253
-60.16927001973607,-3.229331156999165,319,524,256,3372,1605,662,0.8588753938674927,-9.487790692025523,-15.582121235269174,6.09433054324365,93.586746
-60.274372907978055,-2.8697804645303266,238,408,229,2602,1292,514,0.8382197022438049,-8.422386227148518,-14.178986237844393,5.756600010695875,92.946044921875
-59.459151787639584,-2.9149208075573325,349.5,546,289.5,3722.5,1786.5,715.5,0.8556829690933228,-6.333278819314829,-12.46029661929207,6.12701779997724,233.353638
-59.830155999980946,-2.6090444533146355,382.5,580.5,332,3152.5,1605,679.5,0.8094418048858643,-8.296615024169183,-13.480314517402846,5.183699493233663,165.503662
-60.50344330542853,-3.884427577943326,264,392,224,2660,1313,538,0.844660222530365,-9.649732167082059,-14.993265424100695,5.3435332570186365,143.338058
-59.89348722751137,-3.6245898820117546,355,528,341,2994,1919,911,0.795502245426178,-5.289775896376798,-12.398950071991646,7.109174175614847,8.128124237060547
-59.73403626458016,-3.413036632601607,363,599,307,4000,1867,732,0.8574413657188416,-7.345378615922585,-13.585603527701606,6.240224911779021,60.509811
-60.035421042402255,-2.870454200993416,457,673,645.5,2849.5,2281.5,1214,0.6306151747703552,-8.42513363908057,-15.293159353405418,6.8680257143248475,8.24283218383789
-60.121883888498765,-3.5345337747787724,341,482,293,2775,1500,608,0.8089960813522339,-10.309171725562658,-14.581319069278607,4.2721473437159485,152.062271
-60.53982507443537,-2.531340181238297,236,428,221,2973,1331,537,0.8616155385971069,-9.000779072216723,-15.449823455683918,6.449044383467195,25.236976623535156
-59.839812889285234,-2.592650199379454,364,564,327,3121.5,1639.5,695.5,0.8103523254394531,-8.351782206706131,-14.504818441067371,6.15303623436124,121.618019
-60.046649983453754,-3.1199612711576132,1351.5,1540.5,1521,2964,3358,2781,0.321739137172699,-8.98812087408969,-15.253956246912086,6.265835372822396,15.094594955444336
-60.5768805799053,-3.6070727339714237,391.5,667.5,431,2571.5,2190,1154,0.7129058837890625,-7.219229978282606,-13.199192105129228,5.979962126846622,79.30443572998047
-60.38082326914621,-2.8271104885346494,266,436.5,242.5,2710,1412,564.5,0.8357324004173279,-7.819826054628556,-14.333544317339175,6.513718262710619,144.075027
-60.12525257081421,-4.014458715319627,329,499,304,3152,1538,628,0.8240740895271301,-7.361661478445942,-13.430878801851971,6.069217323406029,125.00143432617188
-59.7012477567098,-2.916043701662482,432.5,597,392.5,3246,1827,794.5,0.7842517495155334,-10.389659573077747,-16.33031577873338,5.940656205655632,468.157684
-61.04939441935217,-3.2603230343012886,307,441,268,3059,1611,645,0.8388938903808594,-6.065907889283218,-13.971554635332481,7.905646746049263,194.057144
-60.34376776367628,-2.915594544020422,247.5,457.5,253.5,2879.5,1394,576,0.8381742835044861,-8.793454301155446,-13.952782162919995,5.159327861764549,147.402908
-60.65615690372885,-3.2115894301378045,292.5,515,257.5,3206.5,1513.5,627,0.8513279557228088,-7.21404542055943,-13.469543936262443,6.255498515703013,103.865982
-59.986687438238775,-2.4983270945469043,319.5,507.5,262.5,2870.5,1478,591.5,0.8324289917945862,-7.944240387417786,-13.107869599143156,5.16362921172537,156.130295
-60.392725946660796,-2.365825590139275,250.5,386.5,243.5,2452.5,1265,520,0.8193620443344116,-8.127481417579462,-14.599270512296894,6.4717890947174315,265.698669
-59.6448784726313,-2.703592136968215,396,604.5,343,2879.5,1619.5,679,0.7871217727661133,-8.672796261352062,-15.434866037335107,6.762069775983045,137.838287
-60.35567044119087,-3.65131476171431,254.5,401.5,240,2869,1451,572.5,0.8456095457077026,-7.502245998703438,-13.50044421151997,5.998198212816532,406.703339
-60.07247654787219,-2.4754200548018566,329,495,304,2650,1414,590,0.7941774129867554,-10.034777797549634,-16.340050576557505,6.305272779007872,76.2292251586914
-59.69159086740551,-3.824465032728348,352,504,322,2804,1556,641,0.793985903263092,-7.744150798314719,-14.258793744744679,6.5146429464299604,202.716232
-59.90224580153154,-3.5118513138547547,376,625,387,3672,1957,893,0.809312641620636,-9.971232889719639,-15.49806709545933,5.526834205739691,52.383732
-59.47779182978507,-3.1783517646253823,402,572,410.5,3036.5,1664,778,0.7618218660354614,-9.449493802141488,-14.678349572900217,5.228855770758729,95.129143
-60.050243244590234,-2.9241285392195575,339,562,312,3436,1634,669,0.833511233329773,-8.134867662288809,-14.70655033691514,6.571682674626331,51.66808319091797
-59.965352450240935,-3.3413959886930753,432,713,399,2814,1841,871,0.7516340017318726,-7.1961267058298715,-14.056058614278125,6.859931908448254,5.974760055541992
-60.08752332888119,-4.052187957252647,336,526,351,2782,1633,696,0.7759336233139038,-11.311595388706861,-15.787439348948222,4.475843960241361,49.040592193603516
-59.728646372875446,-2.480809946506574,380.5,562.5,349.5,3158.5,1647.5,693.5,0.8007411360740662,-5.920443977609353,-11.394782990358438,5.474339012749085,107.4249496459961
-60.911053865597765,-3.5516017651770433,406,582,513,2451,2280,1285,0.6538461446762085,-8.396455686292615,-14.008588263498423,5.6121325772058075,8.607634544372559
-60.380598690325186,-2.936480374376201,267,428.5,275,2691,1409,597,0.8145650625228882,-7.724386390278408,-13.924641692692097,6.200255302413689,181.936188
-60.10773542277388,-2.6402609094377887,289,482.5,253,2887.5,1429,568,0.8388791680335999,-8.0654617663472,-13.830872391272546,5.765410624925346,158.355499
-60.25079213176991,-3.76427790869234,298,541.5,280.5,3492.5,1721,673,0.851311981678009,-7.58784265889716,-14.893100432937281,7.305257774040121,3.0396459102630615
-59.72774805759132,-3.4763678601320334,400,559,373,2902,1547,666,0.7722137570381165,-8.475960358360808,-13.553623810741085,5.077663452380277,202.533386
-60.006001216847345,-3.3748582330265275,353.5,524,315.5,3291.5,1657,713.5,0.8250623941421509,-5.177328321326798,-11.679031029225094,6.501702707898295,16.122684478759766
-60.81066713259741,-3.0984017043387446,244,418,245,2826.5,1375,552.5,0.8404688239097595,-8.118719586846334,-15.92423276557531,7.805513178728976,141.072449
-60.253487077622275,-3.6899423189314495,325,558,302.6666666666667,3315,1707.3333333333333,701.5,0.8326730132102966,-8.000355325737353,-14.556294706854743,6.5559393811173905,156.112167
-59.90134748624742,-2.7399739059750554,341,553.5,316.5,3131.5,1677.5,694.5,0.8164153099060059,-8.650198909836856,-13.660365170114755,5.010166260277899,56.84568786621094
-60.08819706534428,-3.841533023126619,333,516,302,3221,1653,673,0.8285552263259888,-9.126560486828545,-16.320182899278553,7.193622412450008,134.981155
-60.86973136252826,-3.5886572706469737,586.5,829.5,1016,541,251.5,150,-0.3050738573074341,-11.769402966445568,-16.81633097757186,5.04692801112629,189.75086975097656
-59.93907672818044,-2.7076345557467527,336.5,462,281,2505.5,1408.5,594.5,0.798313319683075,-11.37409574046054,-17.314233411904638,5.9401376714440985,225.378983
-60.12749835902451,-3.907334617688374,362,516,312,3039,1610,673,0.8137869238853455,-8.720585667980592,-13.432413709364745,4.711828041384154,113.181381
-60.28155943025101,-2.8551828411633844,231,384.5,233,2584,1301,524,0.8345757722854614,-6.9363342626023865,-13.855397818424644,6.919063555822257,244.004883
-59.555271523040375,-2.714371920377649,346,489,308.5,2788,1577.5,675,0.8007427453994751,-8.731399207886323,-13.110682722443904,4.3792835145575815,177.307892
-60.037442251791525,-3.376879442415796,343,536,310,3225,1718,742,0.8246110081672668,-7.777986196075699,-14.541443289271266,6.763457093195567,5.288661956787109
-59.77176550651318,-3.6746709591014177,312,522,333,2855,1553,646,0.7910916209220886,-7.0377859744067965,-12.985817482625562,5.948031508218765,361.590271
-60.68827167513612,-2.4972042004417547,202.5,316.5,178,2271.5,1250.5,493.5,0.8546642065048218,-7.694362481391423,-14.792667542681365,7.098305061289942,304.560272
-60.54948196373965,-3.769892379218087,267.5,488,264,3026.5,1724.5,748,0.839538037776947,-7.654369380868049,-13.65274682541356,5.998377444545511,0.18151900172233582
-59.8914660181221,-2.5661498984979283,354.5,492.5,293.5,2691,1416.5,563.5,0.803317129611969,-9.571540481093944,-15.836125931603151,6.264585450509207,170.632736
-59.763680668956106,-2.9191878051569002,338,509,301,2718,1593,680,0.8005962371826172,-7.645314413992139,-13.911602089787786,6.266287675795647,143.190765
-59.60782296716137,-3.003629441864135,344,539,332,3062,1692,717,0.8043606281280518,-8.463394398023144,-14.386643812208007,5.923249414184863,277.02359
-59.63342495275877,-2.9018952359375993,361.5,533.5,333.5,2972,1688.5,712.5,0.7982150912284851,-8.038994335501442,-13.123608482783995,5.084614147282553,125.064087
-59.87058018776633,-3.5911276376783023,395.5,657.5,380.5,3168.5,1865.5,802.5,0.785573422908783,-7.185517076448248,-12.428621179843075,5.243104103394828,0
-59.729544688159564,-2.964777305825966,279,507,315,3039,1633,682,0.8121646046638489,-6.715522851037267,-13.467829029943381,6.752306178906114,103.461777
-60.181846433713744,-3.5774283295954796,366.5,482,307.5,2724.5,1461,589,0.7971636056900024,-8.890670077039914,-14.292719124160572,5.4020490471206575,215.332275
-60.41989998400541,-3.597191265846109,291,496,261,3127,1823,774,0.845926821231842,-8.558764107617634,-14.350393022391529,5.791628914773895,0
-60.0199251037512,-3.931139972717541,363,531,367,2908,1710,758,0.775877833366394,-7.538164357018989,-14.434555335656459,6.89639097863747,75.7457046508789
-59.706188490772455,-2.991053027886462,300,521,309,3069,1571,660,0.8170515298843384,-7.7490857528757315,-13.561970873104341,5.81288512022861,168.667114
-59.92200873778217,-2.853835368237205,543,767,464,3717,2085,912,0.7780435085296631,-8.835236556473728,-17.13150509705257,8.296268540578843,368.716431
-59.870355608945296,-2.540098755258462,367,491,309,2861.5,1513,622,0.8050780892372131,-9.561360449713465,-15.791549322179376,6.230188872465911,244.264725
-60.49760425608175,-2.8232926485771412,291,458,285,3012,1625,715,0.827115535736084,-8.92213267236473,-14.908994822055334,5.986862149690603,15.241536140441895
-60.44437907549767,-2.7687199950668804,288,494.5,263,3118,1614.5,641.5,0.8444247245788574,-8.084601455169967,-13.817939817507208,5.733338362337241,42.888336181640625
-60.166575073883706,-2.3759316370856194,271,410,250,2577,1368,549,0.8231340646743774,-11.060096512196559,-16.879626576461952,5.819530064265393,321.284454
-59.946936986916484,-2.4702547419181693,332.5,537.5,316.5,2930.5,1497.5,632.5,0.805050790309906,-10.152143649330647,-15.332308911679565,5.180165262348918,313.740845
-60.24652513417035,-2.9468110001435757,254,421,233,2630.5,1353.5,554.5,0.8372620940208435,-8.7982699839892,-15.370846035561712,6.572576051572511,180.77713012695312
-60.22092314857294,-2.6420575400060278,379.5,503.5,289.5,2728,1300,526.5,0.8081192970275879,-11.257344923093296,-17.56148551728704,6.304140594193743,144.811462
-60.10526505574255,-3.788307842542537,363,549.5,338,2887.5,1628.5,697.5,0.7904201149940491,-8.63983145304733,-13.50385271893009,4.86402126588276,135.399933
-59.96669992316711,-3.937428179706378,426.5,593,467.5,1791,1399,687,0.5860084295272827,-9.34110253079768,-16.120154243799377,6.779051713001696,9.637687683105469
-60.47267600694744,-3.98975504500634,259,415,244,2790,1405,570,0.8391562104225159,-7.704595170352608,-14.936450947386955,7.2318557770343475,180.147156
-59.93413599411778,-3.516792047917412,408,590,453,2779,1979,1002,0.7196782231330872,-8.375100988297678,-14.854538509269567,6.479437520971889,63.61453628540039
-59.99701806400615,-2.786237143107211,410.5,621,440,2789,1682.5,789,0.727469801902771,-8.445586914497866,-14.048393481488585,5.6028065669907186,42.53883361816406
-59.99454769697482,-3.514995417349173,413,594,358,3505,1877,820,0.8146518468856812,-8.279044709937251,-13.420195128579028,5.141150418641777,0.7164099812507629
-59.511029495297485,-2.7552452658050877,376,569,326.5,3064.5,1567.5,641.5,0.8074314594268799,-8.895446795365704,-14.629915932855164,5.7344691374894605,201.574097
-59.71539622243468,-3.6978025776674954,340,509,330,2959,1571,656,0.7993311285972595,-7.655403476053905,-14.231339816931555,6.57593634087765,165.852234
-60.564977902390716,-2.7080837133888127,255,415,249,2503,1344,551,0.8190407156944275,-7.240548971917509,-14.018838424173055,6.778289452255546,188.722107
-60.457180068296374,-3.3917016446037684,302,426,275,2567,1426,624,0.8064743280410767,-9.737889833032138,-15.29894205962049,5.561052226588352,149.403442
-60.9910039258844,-3.223267528831358,289,469,257,3032,1459,579,0.8437215089797974,-7.260332517393973,-12.760850441502717,5.500517924108744,192.538452
-59.533936535042535,-2.7476095858900718,332.5,512,289.5,3107.5,1580.5,659.5,0.8295555114746094,-10.093514378955614,-16.63354764457803,6.540033265622416,244.192017
-60.90566397389305,-2.9636544117208166,290,431,322,2649,1600,701,0.7832379937171936,-8.873232896030036,-15.97540445693139,7.102171560901354,34.372276306152344
-60.11155326273139,-3.8574781194197403,350.5,532,306.5,2722,1489.5,616,0.7975895404815674,-8.826708196678949,-14.413907258053651,5.587199061374703,112.10560607910156
-60.6069741419233,-3.1125501700636273,286,475,287,3095,1413,565,0.8302779197692871,-8.398373790056764,-15.261186012244748,6.8628122221879835,37.07337951660156
-59.75267630672564,-3.6097676798237823,443,584,373,3061,1674,694,0.7827606201171875,-4.732305488376198,-10.20413037218092,5.471824883804722,51.087349
-59.61545864707638,-2.4828311558958425,381,568,344,3116,1718,726,0.8011560440063477,-9.862211888709233,-16.049707579684757,6.187495690975524,229.121948
-59.663518514776776,-2.97533251041437,281,489,289,2901,1597,650,0.8188087940216064,-5.1282982152892505,-11.926285105906453,6.797986890617203,235.185974
-60.44123497200325,-3.7501294429674576,301,348,268,1311,1084,476,0.6605446338653564,-12.557309739523369,-17.49060373077347,4.9332939912501,28.262636184692383
-60.00308169217396,-2.534259705911685,368,521.5,291,2902,1453.5,598,0.8177262544631958,-6.894804143351783,-13.727230719725707,6.8324265763739245,298.038849
-59.955246403294595,-2.5207849766498924,298,396,247,2635,1328,531,0.8285912275314331,-8.320070745135569,-14.819368494726834,6.499297749591266,216.11756872949218
-59.65925151717721,-2.5241536589653406,471,641,425,3464,1785,769,0.7814348340034485,-10.629653190767513,-18.05418042119732,7.424527230429806,265.5725402832031
-60.21732988743646,-3.4550328721341947,335.5,564,333,3468,1742.5,702.5,0.8247829675674438,-6.766214973043898,-13.592777417426674,6.826562444382777,0.1437090039253235
-59.990280699375255,-2.512250981450757,360.5,505.5,308.5,2693,1555.5,654,0.7944360971450806,-10.612087430910561,-16.363471573313145,5.751384142402584,73.86053466796875
-59.97366186661904,-3.5123004714968142,431,641,474,3071,2394,1205,0.7325810790061951,-8.164108052653173,-14.348314619260435,6.184206566607262,8.805501937866211
-59.967373659630205,-2.9580399411950693,305,510,308.5,2790,1486,599,0.8008713722229004,-8.84158101252922,-14.937360087270273,6.095779074741053,114.048767
